2025-11-17 23:03:31,286 - mmseg - INFO - Multi-processing start method is `None`
2025-11-17 23:03:31,287 - mmseg - INFO - OpenCV num_threads is `112
2025-11-17 23:03:31,438 - mmseg - INFO - Environment info:
------------------------------------------------------------
sys.platform: linux
Python: 3.8.20 (default, Oct  3 2024, 15:24:27) [GCC 11.2.0]
CUDA available: True
GPU 0: NVIDIA GeForce RTX 3090
CUDA_HOME: /usr/local/cuda
NVCC: Cuda compilation tools, release 11.7, V11.7.64
GCC: gcc (Ubuntu 9.4.0-1ubuntu1~20.04.2) 9.4.0
PyTorch: 1.10.0+cu113
PyTorch compiling details: PyTorch built with:
  - GCC 7.3
  - C++ Version: 201402
  - Intel(R) Math Kernel Library Version 2020.0.0 Product Build 20191122 for Intel(R) 64 architecture applications
  - Intel(R) MKL-DNN v2.2.3 (Git Hash 7336ca9f055cf1bfa13efb658fe15dc9b41f0740)
  - OpenMP 201511 (a.k.a. OpenMP 4.5)
  - LAPACK is enabled (usually provided by MKL)
  - NNPACK is enabled
  - CPU capability usage: AVX512
  - CUDA Runtime 11.3
  - NVCC architecture flags: -gencode;arch=compute_37,code=sm_37;-gencode;arch=compute_50,code=sm_50;-gencode;arch=compute_60,code=sm_60;-gencode;arch=compute_70,code=sm_70;-gencode;arch=compute_75,code=sm_75;-gencode;arch=compute_80,code=sm_80;-gencode;arch=compute_86,code=sm_86
  - CuDNN 8.2
  - Magma 2.5.2
  - Build settings: BLAS_INFO=mkl, BUILD_TYPE=Release, CUDA_VERSION=11.3, CUDNN_VERSION=8.2.0, CXX_COMPILER=/opt/rh/devtoolset-7/root/usr/bin/c++, CXX_FLAGS= -Wno-deprecated -fvisibility-inlines-hidden -DUSE_PTHREADPOOL -fopenmp -DNDEBUG -DUSE_KINETO -DUSE_FBGEMM -DUSE_QNNPACK -DUSE_PYTORCH_QNNPACK -DUSE_XNNPACK -DSYMBOLICATE_MOBILE_DEBUG_HANDLE -DEDGE_PROFILER_USE_KINETO -O2 -fPIC -Wno-narrowing -Wall -Wextra -Werror=return-type -Wno-missing-field-initializers -Wno-type-limits -Wno-array-bounds -Wno-unknown-pragmas -Wno-sign-compare -Wno-unused-parameter -Wno-unused-variable -Wno-unused-function -Wno-unused-result -Wno-unused-local-typedefs -Wno-strict-overflow -Wno-strict-aliasing -Wno-error=deprecated-declarations -Wno-stringop-overflow -Wno-psabi -Wno-error=pedantic -Wno-error=redundant-decls -Wno-error=old-style-cast -fdiagnostics-color=always -faligned-new -Wno-unused-but-set-variable -Wno-maybe-uninitialized -fno-math-errno -fno-trapping-math -Werror=format -Wno-stringop-overflow, LAPACK_INFO=mkl, PERF_WITH_AVX=1, PERF_WITH_AVX2=1, PERF_WITH_AVX512=1, TORCH_VERSION=1.10.0, USE_CUDA=ON, USE_CUDNN=ON, USE_EXCEPTION_PTR=1, USE_GFLAGS=OFF, USE_GLOG=OFF, USE_MKL=ON, USE_MKLDNN=ON, USE_MPI=OFF, USE_NCCL=ON, USE_NNPACK=ON, USE_OPENMP=ON, 

TorchVision: 0.11.1+cu113
OpenCV: 4.10.0
MMCV: 1.7.0
MMCV Compiler: GCC 9.3
MMCV CUDA Compiler: 11.3
MMSegmentation: 0.29.1+
------------------------------------------------------------

2025-11-17 23:03:31,439 - mmseg - INFO - Distributed training: True
2025-11-17 23:03:31,790 - mmseg - INFO - Config:
norm_cfg = dict(type='SyncBN', requires_grad=True)
model = dict(
    type='EncoderDecoder',
    pretrained=None,
    backbone=dict(
        type='MixVisionTransformer',
        in_channels=3,
        embed_dims=32,
        num_stages=4,
        num_layers=[2, 2, 2, 2],
        num_heads=[1, 2, 5, 8],
        patch_sizes=[7, 3, 3, 3],
        sr_ratios=[8, 4, 2, 1],
        out_indices=(0, 1, 2, 3),
        mlp_ratio=4,
        qkv_bias=True,
        drop_rate=0.0,
        attn_drop_rate=0.0,
        drop_path_rate=0.1),
    decode_head=dict(
        type='SegformerHead',
        in_channels=[32, 64, 160, 256],
        in_index=[0, 1, 2, 3],
        channels=256,
        dropout_ratio=0.1,
        num_classes=2,
        norm_cfg=dict(type='SyncBN', requires_grad=True),
        align_corners=False,
        loss_decode=[
            dict(
                type='CrossEntropyLoss',
                loss_name='loss_ce',
                use_sigmoid=False,
                loss_weight=2.0),
            dict(type='DiceLoss', loss_name='loss_dice', loss_weight=2.0)
        ]),
    train_cfg=dict(),
    test_cfg=dict(mode='slide', crop_size=(512, 512), stride=(256, 256)))
dataset_type = 'MyDataset'
img_size = (1024, 1024)
crop_size = (512, 512)
train_pipeline = [
    dict(type='LoadImageFromFile'),
    dict(type='LoadAnnotations'),
    dict(type='Resize', img_scale=(512, 512), keep_ratio=False),
    dict(type='RandomFlip', flip_ratio=0),
    dict(type='PhotoMetricDistortion'),
    dict(type='Normalize', mean=[0, 0, 0], std=[1, 1, 1], to_rgb=True),
    dict(type='Pad', size=(512, 512), pad_val=0, seg_pad_val=255),
    dict(type='DefaultFormatBundle'),
    dict(type='Collect', keys=['img', 'gt_semantic_seg'])
]
test_pipeline = [
    dict(type='LoadImageFromFile'),
    dict(
        type='MultiScaleFlipAug',
        img_scale=(1024, 1024),
        flip=False,
        transforms=[
            dict(type='Resize', keep_ratio=False),
            dict(type='Normalize', mean=[0, 0, 0], std=[1, 1, 1], to_rgb=True),
            dict(type='ImageToTensor', keys=['img']),
            dict(type='Collect', keys=['img'])
        ])
]
data_root = './datasets/'
data = dict(
    samples_per_gpu=4,
    workers_per_gpu=2,
    train=dict(
        type='RepeatDataset',
        times=10,
        dataset=dict(
            type='MyDataset',
            data_root='./datasets/',
            img_dir='train/images1024',
            ann_dir='train/labels1024',
            pipeline=[
                dict(type='LoadImageFromFile'),
                dict(type='LoadAnnotations'),
                dict(type='Resize', img_scale=(512, 512), keep_ratio=False),
                dict(type='RandomFlip', flip_ratio=0),
                dict(type='PhotoMetricDistortion'),
                dict(
                    type='Normalize',
                    mean=[0, 0, 0],
                    std=[1, 1, 1],
                    to_rgb=True),
                dict(type='Pad', size=(512, 512), pad_val=0, seg_pad_val=255),
                dict(type='DefaultFormatBundle'),
                dict(type='Collect', keys=['img', 'gt_semantic_seg'])
            ])),
    val=dict(
        type='MyDataset',
        data_root='./datasets/',
        img_dir='test/images1024',
        ann_dir='test/labels1024',
        pipeline=[
            dict(type='LoadImageFromFile'),
            dict(
                type='MultiScaleFlipAug',
                img_scale=(1024, 1024),
                flip=False,
                transforms=[
                    dict(type='Resize', keep_ratio=False),
                    dict(
                        type='Normalize',
                        mean=[0, 0, 0],
                        std=[1, 1, 1],
                        to_rgb=True),
                    dict(type='ImageToTensor', keys=['img']),
                    dict(type='Collect', keys=['img'])
                ])
        ]),
    test=dict(
        type='MyDataset',
        data_root='./datasets/',
        img_dir='test/images1024',
        ann_dir='test/labels1024',
        pipeline=[
            dict(type='LoadImageFromFile'),
            dict(
                type='MultiScaleFlipAug',
                img_scale=(1024, 1024),
                flip=False,
                transforms=[
                    dict(type='Resize', keep_ratio=False),
                    dict(
                        type='Normalize',
                        mean=[0, 0, 0],
                        std=[1, 1, 1],
                        to_rgb=True),
                    dict(type='ImageToTensor', keys=['img']),
                    dict(type='Collect', keys=['img'])
                ])
        ]))
log_config = dict(
    interval=50,
    hooks=[
        dict(type='TensorboardLoggerHook'),
        dict(type='TextLoggerHook', by_epoch=False)
    ])
dist_params = dict(backend='nccl')
log_level = 'INFO'
load_from = None
resume_from = None
workflow = [('train', 1)]
cudnn_benchmark = False
find_unused_parameters = True
optimizer = dict(type='Adam', lr=0.001, betas=(0.9, 0.999), weight_decay=0.005)
optimizer_config = dict()
lr_config = dict(policy='poly', power=0.9, min_lr=1e-05, by_epoch=False)
runner = dict(type='IterBasedRunner', max_iters=10000)
checkpoint_config = dict(by_epoch=False, save_optimizer=False, interval=10000)
evaluation = dict(interval=1000, metric=['mIoU', 'mFscore', 'mDice'])
work_dir = './work_dirs/segformer'
gpu_ids = range(0, 1)
auto_resume = False

2025-11-17 23:03:31,790 - mmseg - INFO - Set random seed to 0, deterministic: False
2025-11-17 23:03:31,881 - mmseg - INFO - initialize SegformerHead with init_cfg {'type': 'Normal', 'std': 0.01, 'override': {'name': 'conv_seg'}}
Name of parameter - Initialization information

backbone.layers.0.0.projection.weight - torch.Size([32, 3, 7, 7]): 
Initialized by user-defined `init_weights` in MixVisionTransformer  

backbone.layers.0.0.projection.bias - torch.Size([32]): 
Initialized by user-defined `init_weights` in MixVisionTransformer  

backbone.layers.0.0.norm.weight - torch.Size([32]): 
The value is the same before and after calling `init_weights` of EncoderDecoder  

backbone.layers.0.0.norm.bias - torch.Size([32]): 
The value is the same before and after calling `init_weights` of EncoderDecoder  

backbone.layers.0.1.0.norm1.weight - torch.Size([32]): 
The value is the same before and after calling `init_weights` of EncoderDecoder  

backbone.layers.0.1.0.norm1.bias - torch.Size([32]): 
The value is the same before and after calling `init_weights` of EncoderDecoder  

backbone.layers.0.1.0.attn.attn.in_proj_weight - torch.Size([96, 32]): 
The value is the same before and after calling `init_weights` of EncoderDecoder  

backbone.layers.0.1.0.attn.attn.in_proj_bias - torch.Size([96]): 
The value is the same before and after calling `init_weights` of EncoderDecoder  

backbone.layers.0.1.0.attn.attn.out_proj.weight - torch.Size([32, 32]): 
Initialized by user-defined `init_weights` in MixVisionTransformer  

backbone.layers.0.1.0.attn.attn.out_proj.bias - torch.Size([32]): 
The value is the same before and after calling `init_weights` of EncoderDecoder  

backbone.layers.0.1.0.attn.sr.weight - torch.Size([32, 32, 8, 8]): 
Initialized by user-defined `init_weights` in MixVisionTransformer  

backbone.layers.0.1.0.attn.sr.bias - torch.Size([32]): 
Initialized by user-defined `init_weights` in MixVisionTransformer  

backbone.layers.0.1.0.attn.norm.weight - torch.Size([32]): 
The value is the same before and after calling `init_weights` of EncoderDecoder  

backbone.layers.0.1.0.attn.norm.bias - torch.Size([32]): 
The value is the same before and after calling `init_weights` of EncoderDecoder  

backbone.layers.0.1.0.norm2.weight - torch.Size([32]): 
The value is the same before and after calling `init_weights` of EncoderDecoder  

backbone.layers.0.1.0.norm2.bias - torch.Size([32]): 
The value is the same before and after calling `init_weights` of EncoderDecoder  

backbone.layers.0.1.0.ffn.layers.0.weight - torch.Size([128, 32, 1, 1]): 
Initialized by user-defined `init_weights` in MixVisionTransformer  

backbone.layers.0.1.0.ffn.layers.0.bias - torch.Size([128]): 
Initialized by user-defined `init_weights` in MixVisionTransformer  

backbone.layers.0.1.0.ffn.layers.1.weight - torch.Size([128, 1, 3, 3]): 
Initialized by user-defined `init_weights` in MixVisionTransformer  

backbone.layers.0.1.0.ffn.layers.1.bias - torch.Size([128]): 
Initialized by user-defined `init_weights` in MixVisionTransformer  

backbone.layers.0.1.0.ffn.layers.4.weight - torch.Size([32, 128, 1, 1]): 
Initialized by user-defined `init_weights` in MixVisionTransformer  

backbone.layers.0.1.0.ffn.layers.4.bias - torch.Size([32]): 
Initialized by user-defined `init_weights` in MixVisionTransformer  

backbone.layers.0.1.1.norm1.weight - torch.Size([32]): 
The value is the same before and after calling `init_weights` of EncoderDecoder  

backbone.layers.0.1.1.norm1.bias - torch.Size([32]): 
The value is the same before and after calling `init_weights` of EncoderDecoder  

backbone.layers.0.1.1.attn.attn.in_proj_weight - torch.Size([96, 32]): 
The value is the same before and after calling `init_weights` of EncoderDecoder  

backbone.layers.0.1.1.attn.attn.in_proj_bias - torch.Size([96]): 
The value is the same before and after calling `init_weights` of EncoderDecoder  

backbone.layers.0.1.1.attn.attn.out_proj.weight - torch.Size([32, 32]): 
Initialized by user-defined `init_weights` in MixVisionTransformer  

backbone.layers.0.1.1.attn.attn.out_proj.bias - torch.Size([32]): 
The value is the same before and after calling `init_weights` of EncoderDecoder  

backbone.layers.0.1.1.attn.sr.weight - torch.Size([32, 32, 8, 8]): 
Initialized by user-defined `init_weights` in MixVisionTransformer  

backbone.layers.0.1.1.attn.sr.bias - torch.Size([32]): 
Initialized by user-defined `init_weights` in MixVisionTransformer  

backbone.layers.0.1.1.attn.norm.weight - torch.Size([32]): 
The value is the same before and after calling `init_weights` of EncoderDecoder  

backbone.layers.0.1.1.attn.norm.bias - torch.Size([32]): 
The value is the same before and after calling `init_weights` of EncoderDecoder  

backbone.layers.0.1.1.norm2.weight - torch.Size([32]): 
The value is the same before and after calling `init_weights` of EncoderDecoder  

backbone.layers.0.1.1.norm2.bias - torch.Size([32]): 
The value is the same before and after calling `init_weights` of EncoderDecoder  

backbone.layers.0.1.1.ffn.layers.0.weight - torch.Size([128, 32, 1, 1]): 
Initialized by user-defined `init_weights` in MixVisionTransformer  

backbone.layers.0.1.1.ffn.layers.0.bias - torch.Size([128]): 
Initialized by user-defined `init_weights` in MixVisionTransformer  

backbone.layers.0.1.1.ffn.layers.1.weight - torch.Size([128, 1, 3, 3]): 
Initialized by user-defined `init_weights` in MixVisionTransformer  

backbone.layers.0.1.1.ffn.layers.1.bias - torch.Size([128]): 
Initialized by user-defined `init_weights` in MixVisionTransformer  

backbone.layers.0.1.1.ffn.layers.4.weight - torch.Size([32, 128, 1, 1]): 
Initialized by user-defined `init_weights` in MixVisionTransformer  

backbone.layers.0.1.1.ffn.layers.4.bias - torch.Size([32]): 
Initialized by user-defined `init_weights` in MixVisionTransformer  

backbone.layers.0.2.weight - torch.Size([32]): 
The value is the same before and after calling `init_weights` of EncoderDecoder  

backbone.layers.0.2.bias - torch.Size([32]): 
The value is the same before and after calling `init_weights` of EncoderDecoder  

backbone.layers.1.0.projection.weight - torch.Size([64, 32, 3, 3]): 
Initialized by user-defined `init_weights` in MixVisionTransformer  

backbone.layers.1.0.projection.bias - torch.Size([64]): 
Initialized by user-defined `init_weights` in MixVisionTransformer  

backbone.layers.1.0.norm.weight - torch.Size([64]): 
The value is the same before and after calling `init_weights` of EncoderDecoder  

backbone.layers.1.0.norm.bias - torch.Size([64]): 
The value is the same before and after calling `init_weights` of EncoderDecoder  

backbone.layers.1.1.0.norm1.weight - torch.Size([64]): 
The value is the same before and after calling `init_weights` of EncoderDecoder  

backbone.layers.1.1.0.norm1.bias - torch.Size([64]): 
The value is the same before and after calling `init_weights` of EncoderDecoder  

backbone.layers.1.1.0.attn.attn.in_proj_weight - torch.Size([192, 64]): 
The value is the same before and after calling `init_weights` of EncoderDecoder  

backbone.layers.1.1.0.attn.attn.in_proj_bias - torch.Size([192]): 
The value is the same before and after calling `init_weights` of EncoderDecoder  

backbone.layers.1.1.0.attn.attn.out_proj.weight - torch.Size([64, 64]): 
Initialized by user-defined `init_weights` in MixVisionTransformer  

backbone.layers.1.1.0.attn.attn.out_proj.bias - torch.Size([64]): 
The value is the same before and after calling `init_weights` of EncoderDecoder  

backbone.layers.1.1.0.attn.sr.weight - torch.Size([64, 64, 4, 4]): 
Initialized by user-defined `init_weights` in MixVisionTransformer  

backbone.layers.1.1.0.attn.sr.bias - torch.Size([64]): 
Initialized by user-defined `init_weights` in MixVisionTransformer  

backbone.layers.1.1.0.attn.norm.weight - torch.Size([64]): 
The value is the same before and after calling `init_weights` of EncoderDecoder  

backbone.layers.1.1.0.attn.norm.bias - torch.Size([64]): 
The value is the same before and after calling `init_weights` of EncoderDecoder  

backbone.layers.1.1.0.norm2.weight - torch.Size([64]): 
The value is the same before and after calling `init_weights` of EncoderDecoder  

backbone.layers.1.1.0.norm2.bias - torch.Size([64]): 
The value is the same before and after calling `init_weights` of EncoderDecoder  

backbone.layers.1.1.0.ffn.layers.0.weight - torch.Size([256, 64, 1, 1]): 
Initialized by user-defined `init_weights` in MixVisionTransformer  

backbone.layers.1.1.0.ffn.layers.0.bias - torch.Size([256]): 
Initialized by user-defined `init_weights` in MixVisionTransformer  

backbone.layers.1.1.0.ffn.layers.1.weight - torch.Size([256, 1, 3, 3]): 
Initialized by user-defined `init_weights` in MixVisionTransformer  

backbone.layers.1.1.0.ffn.layers.1.bias - torch.Size([256]): 
Initialized by user-defined `init_weights` in MixVisionTransformer  

backbone.layers.1.1.0.ffn.layers.4.weight - torch.Size([64, 256, 1, 1]): 
Initialized by user-defined `init_weights` in MixVisionTransformer  

backbone.layers.1.1.0.ffn.layers.4.bias - torch.Size([64]): 
Initialized by user-defined `init_weights` in MixVisionTransformer  

backbone.layers.1.1.1.norm1.weight - torch.Size([64]): 
The value is the same before and after calling `init_weights` of EncoderDecoder  

backbone.layers.1.1.1.norm1.bias - torch.Size([64]): 
The value is the same before and after calling `init_weights` of EncoderDecoder  

backbone.layers.1.1.1.attn.attn.in_proj_weight - torch.Size([192, 64]): 
The value is the same before and after calling `init_weights` of EncoderDecoder  

backbone.layers.1.1.1.attn.attn.in_proj_bias - torch.Size([192]): 
The value is the same before and after calling `init_weights` of EncoderDecoder  

backbone.layers.1.1.1.attn.attn.out_proj.weight - torch.Size([64, 64]): 
Initialized by user-defined `init_weights` in MixVisionTransformer  

backbone.layers.1.1.1.attn.attn.out_proj.bias - torch.Size([64]): 
The value is the same before and after calling `init_weights` of EncoderDecoder  

backbone.layers.1.1.1.attn.sr.weight - torch.Size([64, 64, 4, 4]): 
Initialized by user-defined `init_weights` in MixVisionTransformer  

backbone.layers.1.1.1.attn.sr.bias - torch.Size([64]): 
Initialized by user-defined `init_weights` in MixVisionTransformer  

backbone.layers.1.1.1.attn.norm.weight - torch.Size([64]): 
The value is the same before and after calling `init_weights` of EncoderDecoder  

backbone.layers.1.1.1.attn.norm.bias - torch.Size([64]): 
The value is the same before and after calling `init_weights` of EncoderDecoder  

backbone.layers.1.1.1.norm2.weight - torch.Size([64]): 
The value is the same before and after calling `init_weights` of EncoderDecoder  

backbone.layers.1.1.1.norm2.bias - torch.Size([64]): 
The value is the same before and after calling `init_weights` of EncoderDecoder  

backbone.layers.1.1.1.ffn.layers.0.weight - torch.Size([256, 64, 1, 1]): 
Initialized by user-defined `init_weights` in MixVisionTransformer  

backbone.layers.1.1.1.ffn.layers.0.bias - torch.Size([256]): 
Initialized by user-defined `init_weights` in MixVisionTransformer  

backbone.layers.1.1.1.ffn.layers.1.weight - torch.Size([256, 1, 3, 3]): 
Initialized by user-defined `init_weights` in MixVisionTransformer  

backbone.layers.1.1.1.ffn.layers.1.bias - torch.Size([256]): 
Initialized by user-defined `init_weights` in MixVisionTransformer  

backbone.layers.1.1.1.ffn.layers.4.weight - torch.Size([64, 256, 1, 1]): 
Initialized by user-defined `init_weights` in MixVisionTransformer  

backbone.layers.1.1.1.ffn.layers.4.bias - torch.Size([64]): 
Initialized by user-defined `init_weights` in MixVisionTransformer  

backbone.layers.1.2.weight - torch.Size([64]): 
The value is the same before and after calling `init_weights` of EncoderDecoder  

backbone.layers.1.2.bias - torch.Size([64]): 
The value is the same before and after calling `init_weights` of EncoderDecoder  

backbone.layers.2.0.projection.weight - torch.Size([160, 64, 3, 3]): 
Initialized by user-defined `init_weights` in MixVisionTransformer  

backbone.layers.2.0.projection.bias - torch.Size([160]): 
Initialized by user-defined `init_weights` in MixVisionTransformer  

backbone.layers.2.0.norm.weight - torch.Size([160]): 
The value is the same before and after calling `init_weights` of EncoderDecoder  

backbone.layers.2.0.norm.bias - torch.Size([160]): 
The value is the same before and after calling `init_weights` of EncoderDecoder  

backbone.layers.2.1.0.norm1.weight - torch.Size([160]): 
The value is the same before and after calling `init_weights` of EncoderDecoder  

backbone.layers.2.1.0.norm1.bias - torch.Size([160]): 
The value is the same before and after calling `init_weights` of EncoderDecoder  

backbone.layers.2.1.0.attn.attn.in_proj_weight - torch.Size([480, 160]): 
The value is the same before and after calling `init_weights` of EncoderDecoder  

backbone.layers.2.1.0.attn.attn.in_proj_bias - torch.Size([480]): 
The value is the same before and after calling `init_weights` of EncoderDecoder  

backbone.layers.2.1.0.attn.attn.out_proj.weight - torch.Size([160, 160]): 
Initialized by user-defined `init_weights` in MixVisionTransformer  

backbone.layers.2.1.0.attn.attn.out_proj.bias - torch.Size([160]): 
The value is the same before and after calling `init_weights` of EncoderDecoder  

backbone.layers.2.1.0.attn.sr.weight - torch.Size([160, 160, 2, 2]): 
Initialized by user-defined `init_weights` in MixVisionTransformer  

backbone.layers.2.1.0.attn.sr.bias - torch.Size([160]): 
Initialized by user-defined `init_weights` in MixVisionTransformer  

backbone.layers.2.1.0.attn.norm.weight - torch.Size([160]): 
The value is the same before and after calling `init_weights` of EncoderDecoder  

backbone.layers.2.1.0.attn.norm.bias - torch.Size([160]): 
The value is the same before and after calling `init_weights` of EncoderDecoder  

backbone.layers.2.1.0.norm2.weight - torch.Size([160]): 
The value is the same before and after calling `init_weights` of EncoderDecoder  

backbone.layers.2.1.0.norm2.bias - torch.Size([160]): 
The value is the same before and after calling `init_weights` of EncoderDecoder  

backbone.layers.2.1.0.ffn.layers.0.weight - torch.Size([640, 160, 1, 1]): 
Initialized by user-defined `init_weights` in MixVisionTransformer  

backbone.layers.2.1.0.ffn.layers.0.bias - torch.Size([640]): 
Initialized by user-defined `init_weights` in MixVisionTransformer  

backbone.layers.2.1.0.ffn.layers.1.weight - torch.Size([640, 1, 3, 3]): 
Initialized by user-defined `init_weights` in MixVisionTransformer  

backbone.layers.2.1.0.ffn.layers.1.bias - torch.Size([640]): 
Initialized by user-defined `init_weights` in MixVisionTransformer  

backbone.layers.2.1.0.ffn.layers.4.weight - torch.Size([160, 640, 1, 1]): 
Initialized by user-defined `init_weights` in MixVisionTransformer  

backbone.layers.2.1.0.ffn.layers.4.bias - torch.Size([160]): 
Initialized by user-defined `init_weights` in MixVisionTransformer  

backbone.layers.2.1.1.norm1.weight - torch.Size([160]): 
The value is the same before and after calling `init_weights` of EncoderDecoder  

backbone.layers.2.1.1.norm1.bias - torch.Size([160]): 
The value is the same before and after calling `init_weights` of EncoderDecoder  

backbone.layers.2.1.1.attn.attn.in_proj_weight - torch.Size([480, 160]): 
The value is the same before and after calling `init_weights` of EncoderDecoder  

backbone.layers.2.1.1.attn.attn.in_proj_bias - torch.Size([480]): 
The value is the same before and after calling `init_weights` of EncoderDecoder  

backbone.layers.2.1.1.attn.attn.out_proj.weight - torch.Size([160, 160]): 
Initialized by user-defined `init_weights` in MixVisionTransformer  

backbone.layers.2.1.1.attn.attn.out_proj.bias - torch.Size([160]): 
The value is the same before and after calling `init_weights` of EncoderDecoder  

backbone.layers.2.1.1.attn.sr.weight - torch.Size([160, 160, 2, 2]): 
Initialized by user-defined `init_weights` in MixVisionTransformer  

backbone.layers.2.1.1.attn.sr.bias - torch.Size([160]): 
Initialized by user-defined `init_weights` in MixVisionTransformer  

backbone.layers.2.1.1.attn.norm.weight - torch.Size([160]): 
The value is the same before and after calling `init_weights` of EncoderDecoder  

backbone.layers.2.1.1.attn.norm.bias - torch.Size([160]): 
The value is the same before and after calling `init_weights` of EncoderDecoder  

backbone.layers.2.1.1.norm2.weight - torch.Size([160]): 
The value is the same before and after calling `init_weights` of EncoderDecoder  

backbone.layers.2.1.1.norm2.bias - torch.Size([160]): 
The value is the same before and after calling `init_weights` of EncoderDecoder  

backbone.layers.2.1.1.ffn.layers.0.weight - torch.Size([640, 160, 1, 1]): 
Initialized by user-defined `init_weights` in MixVisionTransformer  

backbone.layers.2.1.1.ffn.layers.0.bias - torch.Size([640]): 
Initialized by user-defined `init_weights` in MixVisionTransformer  

backbone.layers.2.1.1.ffn.layers.1.weight - torch.Size([640, 1, 3, 3]): 
Initialized by user-defined `init_weights` in MixVisionTransformer  

backbone.layers.2.1.1.ffn.layers.1.bias - torch.Size([640]): 
Initialized by user-defined `init_weights` in MixVisionTransformer  

backbone.layers.2.1.1.ffn.layers.4.weight - torch.Size([160, 640, 1, 1]): 
Initialized by user-defined `init_weights` in MixVisionTransformer  

backbone.layers.2.1.1.ffn.layers.4.bias - torch.Size([160]): 
Initialized by user-defined `init_weights` in MixVisionTransformer  

backbone.layers.2.2.weight - torch.Size([160]): 
The value is the same before and after calling `init_weights` of EncoderDecoder  

backbone.layers.2.2.bias - torch.Size([160]): 
The value is the same before and after calling `init_weights` of EncoderDecoder  

backbone.layers.3.0.projection.weight - torch.Size([256, 160, 3, 3]): 
Initialized by user-defined `init_weights` in MixVisionTransformer  

backbone.layers.3.0.projection.bias - torch.Size([256]): 
Initialized by user-defined `init_weights` in MixVisionTransformer  

backbone.layers.3.0.norm.weight - torch.Size([256]): 
The value is the same before and after calling `init_weights` of EncoderDecoder  

backbone.layers.3.0.norm.bias - torch.Size([256]): 
The value is the same before and after calling `init_weights` of EncoderDecoder  

backbone.layers.3.1.0.norm1.weight - torch.Size([256]): 
The value is the same before and after calling `init_weights` of EncoderDecoder  

backbone.layers.3.1.0.norm1.bias - torch.Size([256]): 
The value is the same before and after calling `init_weights` of EncoderDecoder  

backbone.layers.3.1.0.attn.attn.in_proj_weight - torch.Size([768, 256]): 
The value is the same before and after calling `init_weights` of EncoderDecoder  

backbone.layers.3.1.0.attn.attn.in_proj_bias - torch.Size([768]): 
The value is the same before and after calling `init_weights` of EncoderDecoder  

backbone.layers.3.1.0.attn.attn.out_proj.weight - torch.Size([256, 256]): 
Initialized by user-defined `init_weights` in MixVisionTransformer  

backbone.layers.3.1.0.attn.attn.out_proj.bias - torch.Size([256]): 
The value is the same before and after calling `init_weights` of EncoderDecoder  

backbone.layers.3.1.0.norm2.weight - torch.Size([256]): 
The value is the same before and after calling `init_weights` of EncoderDecoder  

backbone.layers.3.1.0.norm2.bias - torch.Size([256]): 
The value is the same before and after calling `init_weights` of EncoderDecoder  

backbone.layers.3.1.0.ffn.layers.0.weight - torch.Size([1024, 256, 1, 1]): 
Initialized by user-defined `init_weights` in MixVisionTransformer  

backbone.layers.3.1.0.ffn.layers.0.bias - torch.Size([1024]): 
Initialized by user-defined `init_weights` in MixVisionTransformer  

backbone.layers.3.1.0.ffn.layers.1.weight - torch.Size([1024, 1, 3, 3]): 
Initialized by user-defined `init_weights` in MixVisionTransformer  

backbone.layers.3.1.0.ffn.layers.1.bias - torch.Size([1024]): 
Initialized by user-defined `init_weights` in MixVisionTransformer  

backbone.layers.3.1.0.ffn.layers.4.weight - torch.Size([256, 1024, 1, 1]): 
Initialized by user-defined `init_weights` in MixVisionTransformer  

backbone.layers.3.1.0.ffn.layers.4.bias - torch.Size([256]): 
Initialized by user-defined `init_weights` in MixVisionTransformer  

backbone.layers.3.1.1.norm1.weight - torch.Size([256]): 
The value is the same before and after calling `init_weights` of EncoderDecoder  

backbone.layers.3.1.1.norm1.bias - torch.Size([256]): 
The value is the same before and after calling `init_weights` of EncoderDecoder  

backbone.layers.3.1.1.attn.attn.in_proj_weight - torch.Size([768, 256]): 
The value is the same before and after calling `init_weights` of EncoderDecoder  

backbone.layers.3.1.1.attn.attn.in_proj_bias - torch.Size([768]): 
The value is the same before and after calling `init_weights` of EncoderDecoder  

backbone.layers.3.1.1.attn.attn.out_proj.weight - torch.Size([256, 256]): 
Initialized by user-defined `init_weights` in MixVisionTransformer  

backbone.layers.3.1.1.attn.attn.out_proj.bias - torch.Size([256]): 
The value is the same before and after calling `init_weights` of EncoderDecoder  

backbone.layers.3.1.1.norm2.weight - torch.Size([256]): 
The value is the same before and after calling `init_weights` of EncoderDecoder  

backbone.layers.3.1.1.norm2.bias - torch.Size([256]): 
The value is the same before and after calling `init_weights` of EncoderDecoder  

backbone.layers.3.1.1.ffn.layers.0.weight - torch.Size([1024, 256, 1, 1]): 
Initialized by user-defined `init_weights` in MixVisionTransformer  

backbone.layers.3.1.1.ffn.layers.0.bias - torch.Size([1024]): 
Initialized by user-defined `init_weights` in MixVisionTransformer  

backbone.layers.3.1.1.ffn.layers.1.weight - torch.Size([1024, 1, 3, 3]): 
Initialized by user-defined `init_weights` in MixVisionTransformer  

backbone.layers.3.1.1.ffn.layers.1.bias - torch.Size([1024]): 
Initialized by user-defined `init_weights` in MixVisionTransformer  

backbone.layers.3.1.1.ffn.layers.4.weight - torch.Size([256, 1024, 1, 1]): 
Initialized by user-defined `init_weights` in MixVisionTransformer  

backbone.layers.3.1.1.ffn.layers.4.bias - torch.Size([256]): 
Initialized by user-defined `init_weights` in MixVisionTransformer  

backbone.layers.3.2.weight - torch.Size([256]): 
The value is the same before and after calling `init_weights` of EncoderDecoder  

backbone.layers.3.2.bias - torch.Size([256]): 
The value is the same before and after calling `init_weights` of EncoderDecoder  

decode_head.conv_seg.weight - torch.Size([2, 256, 1, 1]): 
NormalInit: mean=0, std=0.01, bias=0 

decode_head.conv_seg.bias - torch.Size([2]): 
NormalInit: mean=0, std=0.01, bias=0 

decode_head.convs.0.conv.weight - torch.Size([256, 32, 1, 1]): 
The value is the same before and after calling `init_weights` of EncoderDecoder  

decode_head.convs.0.bn.weight - torch.Size([256]): 
The value is the same before and after calling `init_weights` of EncoderDecoder  

decode_head.convs.0.bn.bias - torch.Size([256]): 
The value is the same before and after calling `init_weights` of EncoderDecoder  

decode_head.convs.1.conv.weight - torch.Size([256, 64, 1, 1]): 
The value is the same before and after calling `init_weights` of EncoderDecoder  

decode_head.convs.1.bn.weight - torch.Size([256]): 
The value is the same before and after calling `init_weights` of EncoderDecoder  

decode_head.convs.1.bn.bias - torch.Size([256]): 
The value is the same before and after calling `init_weights` of EncoderDecoder  

decode_head.convs.2.conv.weight - torch.Size([256, 160, 1, 1]): 
The value is the same before and after calling `init_weights` of EncoderDecoder  

decode_head.convs.2.bn.weight - torch.Size([256]): 
The value is the same before and after calling `init_weights` of EncoderDecoder  

decode_head.convs.2.bn.bias - torch.Size([256]): 
The value is the same before and after calling `init_weights` of EncoderDecoder  

decode_head.convs.3.conv.weight - torch.Size([256, 256, 1, 1]): 
The value is the same before and after calling `init_weights` of EncoderDecoder  

decode_head.convs.3.bn.weight - torch.Size([256]): 
The value is the same before and after calling `init_weights` of EncoderDecoder  

decode_head.convs.3.bn.bias - torch.Size([256]): 
The value is the same before and after calling `init_weights` of EncoderDecoder  

decode_head.fusion_conv.conv.weight - torch.Size([256, 1024, 1, 1]): 
Initialized by user-defined `init_weights` in ConvModule  

decode_head.fusion_conv.bn.weight - torch.Size([256]): 
The value is the same before and after calling `init_weights` of EncoderDecoder  

decode_head.fusion_conv.bn.bias - torch.Size([256]): 
The value is the same before and after calling `init_weights` of EncoderDecoder  
2025-11-17 23:03:31,888 - mmseg - INFO - EncoderDecoder(
  (backbone): MixVisionTransformer(
    (layers): ModuleList(
      (0): ModuleList(
        (0): PatchEmbed(
          (projection): Conv2d(3, 32, kernel_size=(7, 7), stride=(4, 4), padding=(3, 3))
          (norm): LayerNorm((32,), eps=1e-06, elementwise_affine=True)
        )
        (1): ModuleList(
          (0): TransformerEncoderLayer(
            (norm1): LayerNorm((32,), eps=1e-06, elementwise_affine=True)
            (attn): EfficientMultiheadAttention(
              (attn): MultiheadAttention(
                (out_proj): NonDynamicallyQuantizableLinear(in_features=32, out_features=32, bias=True)
              )
              (proj_drop): Dropout(p=0.0, inplace=False)
              (dropout_layer): DropPath()
              (sr): Conv2d(32, 32, kernel_size=(8, 8), stride=(8, 8))
              (norm): LayerNorm((32,), eps=1e-06, elementwise_affine=True)
            )
            (norm2): LayerNorm((32,), eps=1e-06, elementwise_affine=True)
            (ffn): MixFFN(
              (activate): GELU()
              (layers): Sequential(
                (0): Conv2d(32, 128, kernel_size=(1, 1), stride=(1, 1))
                (1): Conv2d(128, 128, kernel_size=(3, 3), stride=(1, 1), padding=(1, 1), groups=128)
                (2): GELU()
                (3): Dropout(p=0.0, inplace=False)
                (4): Conv2d(128, 32, kernel_size=(1, 1), stride=(1, 1))
                (5): Dropout(p=0.0, inplace=False)
              )
              (dropout_layer): DropPath()
            )
          )
          (1): TransformerEncoderLayer(
            (norm1): LayerNorm((32,), eps=1e-06, elementwise_affine=True)
            (attn): EfficientMultiheadAttention(
              (attn): MultiheadAttention(
                (out_proj): NonDynamicallyQuantizableLinear(in_features=32, out_features=32, bias=True)
              )
              (proj_drop): Dropout(p=0.0, inplace=False)
              (dropout_layer): DropPath()
              (sr): Conv2d(32, 32, kernel_size=(8, 8), stride=(8, 8))
              (norm): LayerNorm((32,), eps=1e-06, elementwise_affine=True)
            )
            (norm2): LayerNorm((32,), eps=1e-06, elementwise_affine=True)
            (ffn): MixFFN(
              (activate): GELU()
              (layers): Sequential(
                (0): Conv2d(32, 128, kernel_size=(1, 1), stride=(1, 1))
                (1): Conv2d(128, 128, kernel_size=(3, 3), stride=(1, 1), padding=(1, 1), groups=128)
                (2): GELU()
                (3): Dropout(p=0.0, inplace=False)
                (4): Conv2d(128, 32, kernel_size=(1, 1), stride=(1, 1))
                (5): Dropout(p=0.0, inplace=False)
              )
              (dropout_layer): DropPath()
            )
          )
        )
        (2): LayerNorm((32,), eps=1e-06, elementwise_affine=True)
      )
      (1): ModuleList(
        (0): PatchEmbed(
          (projection): Conv2d(32, 64, kernel_size=(3, 3), stride=(2, 2), padding=(1, 1))
          (norm): LayerNorm((64,), eps=1e-06, elementwise_affine=True)
        )
        (1): ModuleList(
          (0): TransformerEncoderLayer(
            (norm1): LayerNorm((64,), eps=1e-06, elementwise_affine=True)
            (attn): EfficientMultiheadAttention(
              (attn): MultiheadAttention(
                (out_proj): NonDynamicallyQuantizableLinear(in_features=64, out_features=64, bias=True)
              )
              (proj_drop): Dropout(p=0.0, inplace=False)
              (dropout_layer): DropPath()
              (sr): Conv2d(64, 64, kernel_size=(4, 4), stride=(4, 4))
              (norm): LayerNorm((64,), eps=1e-06, elementwise_affine=True)
            )
            (norm2): LayerNorm((64,), eps=1e-06, elementwise_affine=True)
            (ffn): MixFFN(
              (activate): GELU()
              (layers): Sequential(
                (0): Conv2d(64, 256, kernel_size=(1, 1), stride=(1, 1))
                (1): Conv2d(256, 256, kernel_size=(3, 3), stride=(1, 1), padding=(1, 1), groups=256)
                (2): GELU()
                (3): Dropout(p=0.0, inplace=False)
                (4): Conv2d(256, 64, kernel_size=(1, 1), stride=(1, 1))
                (5): Dropout(p=0.0, inplace=False)
              )
              (dropout_layer): DropPath()
            )
          )
          (1): TransformerEncoderLayer(
            (norm1): LayerNorm((64,), eps=1e-06, elementwise_affine=True)
            (attn): EfficientMultiheadAttention(
              (attn): MultiheadAttention(
                (out_proj): NonDynamicallyQuantizableLinear(in_features=64, out_features=64, bias=True)
              )
              (proj_drop): Dropout(p=0.0, inplace=False)
              (dropout_layer): DropPath()
              (sr): Conv2d(64, 64, kernel_size=(4, 4), stride=(4, 4))
              (norm): LayerNorm((64,), eps=1e-06, elementwise_affine=True)
            )
            (norm2): LayerNorm((64,), eps=1e-06, elementwise_affine=True)
            (ffn): MixFFN(
              (activate): GELU()
              (layers): Sequential(
                (0): Conv2d(64, 256, kernel_size=(1, 1), stride=(1, 1))
                (1): Conv2d(256, 256, kernel_size=(3, 3), stride=(1, 1), padding=(1, 1), groups=256)
                (2): GELU()
                (3): Dropout(p=0.0, inplace=False)
                (4): Conv2d(256, 64, kernel_size=(1, 1), stride=(1, 1))
                (5): Dropout(p=0.0, inplace=False)
              )
              (dropout_layer): DropPath()
            )
          )
        )
        (2): LayerNorm((64,), eps=1e-06, elementwise_affine=True)
      )
      (2): ModuleList(
        (0): PatchEmbed(
          (projection): Conv2d(64, 160, kernel_size=(3, 3), stride=(2, 2), padding=(1, 1))
          (norm): LayerNorm((160,), eps=1e-06, elementwise_affine=True)
        )
        (1): ModuleList(
          (0): TransformerEncoderLayer(
            (norm1): LayerNorm((160,), eps=1e-06, elementwise_affine=True)
            (attn): EfficientMultiheadAttention(
              (attn): MultiheadAttention(
                (out_proj): NonDynamicallyQuantizableLinear(in_features=160, out_features=160, bias=True)
              )
              (proj_drop): Dropout(p=0.0, inplace=False)
              (dropout_layer): DropPath()
              (sr): Conv2d(160, 160, kernel_size=(2, 2), stride=(2, 2))
              (norm): LayerNorm((160,), eps=1e-06, elementwise_affine=True)
            )
            (norm2): LayerNorm((160,), eps=1e-06, elementwise_affine=True)
            (ffn): MixFFN(
              (activate): GELU()
              (layers): Sequential(
                (0): Conv2d(160, 640, kernel_size=(1, 1), stride=(1, 1))
                (1): Conv2d(640, 640, kernel_size=(3, 3), stride=(1, 1), padding=(1, 1), groups=640)
                (2): GELU()
                (3): Dropout(p=0.0, inplace=False)
                (4): Conv2d(640, 160, kernel_size=(1, 1), stride=(1, 1))
                (5): Dropout(p=0.0, inplace=False)
              )
              (dropout_layer): DropPath()
            )
          )
          (1): TransformerEncoderLayer(
            (norm1): LayerNorm((160,), eps=1e-06, elementwise_affine=True)
            (attn): EfficientMultiheadAttention(
              (attn): MultiheadAttention(
                (out_proj): NonDynamicallyQuantizableLinear(in_features=160, out_features=160, bias=True)
              )
              (proj_drop): Dropout(p=0.0, inplace=False)
              (dropout_layer): DropPath()
              (sr): Conv2d(160, 160, kernel_size=(2, 2), stride=(2, 2))
              (norm): LayerNorm((160,), eps=1e-06, elementwise_affine=True)
            )
            (norm2): LayerNorm((160,), eps=1e-06, elementwise_affine=True)
            (ffn): MixFFN(
              (activate): GELU()
              (layers): Sequential(
                (0): Conv2d(160, 640, kernel_size=(1, 1), stride=(1, 1))
                (1): Conv2d(640, 640, kernel_size=(3, 3), stride=(1, 1), padding=(1, 1), groups=640)
                (2): GELU()
                (3): Dropout(p=0.0, inplace=False)
                (4): Conv2d(640, 160, kernel_size=(1, 1), stride=(1, 1))
                (5): Dropout(p=0.0, inplace=False)
              )
              (dropout_layer): DropPath()
            )
          )
        )
        (2): LayerNorm((160,), eps=1e-06, elementwise_affine=True)
      )
      (3): ModuleList(
        (0): PatchEmbed(
          (projection): Conv2d(160, 256, kernel_size=(3, 3), stride=(2, 2), padding=(1, 1))
          (norm): LayerNorm((256,), eps=1e-06, elementwise_affine=True)
        )
        (1): ModuleList(
          (0): TransformerEncoderLayer(
            (norm1): LayerNorm((256,), eps=1e-06, elementwise_affine=True)
            (attn): EfficientMultiheadAttention(
              (attn): MultiheadAttention(
                (out_proj): NonDynamicallyQuantizableLinear(in_features=256, out_features=256, bias=True)
              )
              (proj_drop): Dropout(p=0.0, inplace=False)
              (dropout_layer): DropPath()
            )
            (norm2): LayerNorm((256,), eps=1e-06, elementwise_affine=True)
            (ffn): MixFFN(
              (activate): GELU()
              (layers): Sequential(
                (0): Conv2d(256, 1024, kernel_size=(1, 1), stride=(1, 1))
                (1): Conv2d(1024, 1024, kernel_size=(3, 3), stride=(1, 1), padding=(1, 1), groups=1024)
                (2): GELU()
                (3): Dropout(p=0.0, inplace=False)
                (4): Conv2d(1024, 256, kernel_size=(1, 1), stride=(1, 1))
                (5): Dropout(p=0.0, inplace=False)
              )
              (dropout_layer): DropPath()
            )
          )
          (1): TransformerEncoderLayer(
            (norm1): LayerNorm((256,), eps=1e-06, elementwise_affine=True)
            (attn): EfficientMultiheadAttention(
              (attn): MultiheadAttention(
                (out_proj): NonDynamicallyQuantizableLinear(in_features=256, out_features=256, bias=True)
              )
              (proj_drop): Dropout(p=0.0, inplace=False)
              (dropout_layer): DropPath()
            )
            (norm2): LayerNorm((256,), eps=1e-06, elementwise_affine=True)
            (ffn): MixFFN(
              (activate): GELU()
              (layers): Sequential(
                (0): Conv2d(256, 1024, kernel_size=(1, 1), stride=(1, 1))
                (1): Conv2d(1024, 1024, kernel_size=(3, 3), stride=(1, 1), padding=(1, 1), groups=1024)
                (2): GELU()
                (3): Dropout(p=0.0, inplace=False)
                (4): Conv2d(1024, 256, kernel_size=(1, 1), stride=(1, 1))
                (5): Dropout(p=0.0, inplace=False)
              )
              (dropout_layer): DropPath()
            )
          )
        )
        (2): LayerNorm((256,), eps=1e-06, elementwise_affine=True)
      )
    )
  )
  (decode_head): SegformerHead(
    input_transform=multiple_select, ignore_index=255, align_corners=False
    (loss_decode): ModuleList(
      (0): CrossEntropyLoss(avg_non_ignore=False)
      (1): DiceLoss()
    )
    (conv_seg): Conv2d(256, 2, kernel_size=(1, 1), stride=(1, 1))
    (dropout): Dropout2d(p=0.1, inplace=False)
    (convs): ModuleList(
      (0): ConvModule(
        (conv): Conv2d(32, 256, kernel_size=(1, 1), stride=(1, 1), bias=False)
        (bn): SyncBatchNorm(256, eps=1e-05, momentum=0.1, affine=True, track_running_stats=True)
        (activate): ReLU(inplace=True)
      )
      (1): ConvModule(
        (conv): Conv2d(64, 256, kernel_size=(1, 1), stride=(1, 1), bias=False)
        (bn): SyncBatchNorm(256, eps=1e-05, momentum=0.1, affine=True, track_running_stats=True)
        (activate): ReLU(inplace=True)
      )
      (2): ConvModule(
        (conv): Conv2d(160, 256, kernel_size=(1, 1), stride=(1, 1), bias=False)
        (bn): SyncBatchNorm(256, eps=1e-05, momentum=0.1, affine=True, track_running_stats=True)
        (activate): ReLU(inplace=True)
      )
      (3): ConvModule(
        (conv): Conv2d(256, 256, kernel_size=(1, 1), stride=(1, 1), bias=False)
        (bn): SyncBatchNorm(256, eps=1e-05, momentum=0.1, affine=True, track_running_stats=True)
        (activate): ReLU(inplace=True)
      )
    )
    (fusion_conv): ConvModule(
      (conv): Conv2d(1024, 256, kernel_size=(1, 1), stride=(1, 1), bias=False)
      (bn): SyncBatchNorm(256, eps=1e-05, momentum=0.1, affine=True, track_running_stats=True)
      (activate): ReLU(inplace=True)
    )
  )
  init_cfg={'type': 'Normal', 'std': 0.01, 'override': {'name': 'conv_seg'}}
)
2025-11-17 23:03:31,905 - mmseg - INFO - Loaded 568 images
2025-11-17 23:03:38,817 - mmseg - INFO - Loaded 64 images
2025-11-17 23:03:38,818 - mmseg - INFO - Start running, host: wuyou@wuyou-desktop, work_dir: /data/code2025/Q2/2025-11-17-02/work_dirs/segformer
2025-11-17 23:03:38,818 - mmseg - INFO - Hooks will be executed in the following order:
before_run:
(VERY_HIGH   ) PolyLrUpdaterHook                  
(NORMAL      ) CheckpointHook                     
(LOW         ) DistEvalHook                       
(VERY_LOW    ) TensorboardLoggerHook              
(VERY_LOW    ) TextLoggerHook                     
 -------------------- 
before_train_epoch:
(VERY_HIGH   ) PolyLrUpdaterHook                  
(LOW         ) IterTimerHook                      
(LOW         ) DistEvalHook                       
(VERY_LOW    ) TensorboardLoggerHook              
(VERY_LOW    ) TextLoggerHook                     
 -------------------- 
before_train_iter:
(VERY_HIGH   ) PolyLrUpdaterHook                  
(LOW         ) IterTimerHook                      
(LOW         ) DistEvalHook                       
 -------------------- 
after_train_iter:
(ABOVE_NORMAL) OptimizerHook                      
(NORMAL      ) CheckpointHook                     
(LOW         ) IterTimerHook                      
(LOW         ) DistEvalHook                       
(VERY_LOW    ) TensorboardLoggerHook              
(VERY_LOW    ) TextLoggerHook                     
 -------------------- 
after_train_epoch:
(NORMAL      ) CheckpointHook                     
(LOW         ) DistEvalHook                       
(VERY_LOW    ) TensorboardLoggerHook              
(VERY_LOW    ) TextLoggerHook                     
 -------------------- 
before_val_epoch:
(LOW         ) IterTimerHook                      
(VERY_LOW    ) TensorboardLoggerHook              
(VERY_LOW    ) TextLoggerHook                     
 -------------------- 
before_val_iter:
(LOW         ) IterTimerHook                      
 -------------------- 
after_val_iter:
(LOW         ) IterTimerHook                      
 -------------------- 
after_val_epoch:
(VERY_LOW    ) TensorboardLoggerHook              
(VERY_LOW    ) TextLoggerHook                     
 -------------------- 
after_run:
(VERY_LOW    ) TensorboardLoggerHook              
(VERY_LOW    ) TextLoggerHook                     
 -------------------- 
2025-11-17 23:03:38,819 - mmseg - INFO - workflow: [('train', 1)], max: 10000 iters
2025-11-17 23:03:38,819 - mmseg - INFO - Checkpoints will be saved to /data/code2025/Q2/2025-11-17-02/work_dirs/segformer by HardDiskBackend.
2025-11-17 23:03:51,374 - mmseg - INFO - Iter [50/10000]	lr: 9.956e-04, eta: 0:33:42, time: 0.203, data_time: 0.105, memory: 2306, decode.loss_ce: 0.3335, decode.loss_dice: 0.7445, decode.acc_seg: 95.9120, loss: 1.0779
2025-11-17 23:03:56,098 - mmseg - INFO - Iter [100/10000]	lr: 9.912e-04, eta: 0:24:33, time: 0.094, data_time: 0.005, memory: 2306, decode.loss_ce: 0.1248, decode.loss_dice: 0.3955, decode.acc_seg: 98.0961, loss: 0.5204
2025-11-17 23:04:00,817 - mmseg - INFO - Iter [150/10000]	lr: 9.867e-04, eta: 0:21:27, time: 0.094, data_time: 0.005, memory: 2306, decode.loss_ce: 0.0934, decode.loss_dice: 0.3176, decode.acc_seg: 98.6820, loss: 0.4110
2025-11-17 23:04:05,677 - mmseg - INFO - Iter [200/10000]	lr: 9.823e-04, eta: 0:19:58, time: 0.097, data_time: 0.005, memory: 2306, decode.loss_ce: 0.0923, decode.loss_dice: 0.3151, decode.acc_seg: 98.7140, loss: 0.4074
2025-11-17 23:04:10,417 - mmseg - INFO - Iter [250/10000]	lr: 9.778e-04, eta: 0:18:59, time: 0.095, data_time: 0.005, memory: 2306, decode.loss_ce: 0.0903, decode.loss_dice: 0.3250, decode.acc_seg: 98.7716, loss: 0.4153
2025-11-17 23:04:15,120 - mmseg - INFO - Iter [300/10000]	lr: 9.733e-04, eta: 0:18:16, time: 0.094, data_time: 0.005, memory: 2306, decode.loss_ce: 0.1283, decode.loss_dice: 0.3341, decode.acc_seg: 97.9451, loss: 0.4624
2025-11-17 23:04:19,809 - mmseg - INFO - Iter [350/10000]	lr: 9.688e-04, eta: 0:17:44, time: 0.094, data_time: 0.005, memory: 2306, decode.loss_ce: 0.0937, decode.loss_dice: 0.3156, decode.acc_seg: 98.6194, loss: 0.4094
2025-11-17 23:04:24,587 - mmseg - INFO - Iter [400/10000]	lr: 9.644e-04, eta: 0:17:20, time: 0.096, data_time: 0.005, memory: 2306, decode.loss_ce: 0.1002, decode.loss_dice: 0.2659, decode.acc_seg: 98.5033, loss: 0.3661
2025-11-17 23:04:29,318 - mmseg - INFO - Iter [450/10000]	lr: 9.599e-04, eta: 0:17:00, time: 0.095, data_time: 0.005, memory: 2306, decode.loss_ce: 0.1153, decode.loss_dice: 0.2967, decode.acc_seg: 98.1295, loss: 0.4120
2025-11-17 23:04:34,047 - mmseg - INFO - Iter [500/10000]	lr: 9.554e-04, eta: 0:16:43, time: 0.095, data_time: 0.005, memory: 2306, decode.loss_ce: 0.1021, decode.loss_dice: 0.3070, decode.acc_seg: 98.3836, loss: 0.4092
2025-11-17 23:04:38,760 - mmseg - INFO - Iter [550/10000]	lr: 9.509e-04, eta: 0:16:28, time: 0.094, data_time: 0.005, memory: 2306, decode.loss_ce: 0.0930, decode.loss_dice: 0.3078, decode.acc_seg: 98.6199, loss: 0.4008
2025-11-17 23:04:43,488 - mmseg - INFO - Iter [600/10000]	lr: 9.465e-04, eta: 0:16:15, time: 0.095, data_time: 0.005, memory: 2306, decode.loss_ce: 0.0927, decode.loss_dice: 0.2886, decode.acc_seg: 98.5926, loss: 0.3813
2025-11-17 23:04:48,237 - mmseg - INFO - Iter [650/10000]	lr: 9.420e-04, eta: 0:16:04, time: 0.095, data_time: 0.005, memory: 2306, decode.loss_ce: 0.0834, decode.loss_dice: 0.2790, decode.acc_seg: 98.8539, loss: 0.3624
2025-11-17 23:04:52,991 - mmseg - INFO - Iter [700/10000]	lr: 9.375e-04, eta: 0:15:53, time: 0.095, data_time: 0.005, memory: 2306, decode.loss_ce: 0.1088, decode.loss_dice: 0.2979, decode.acc_seg: 98.2158, loss: 0.4067
2025-11-17 23:04:57,763 - mmseg - INFO - Iter [750/10000]	lr: 9.330e-04, eta: 0:15:44, time: 0.095, data_time: 0.005, memory: 2306, decode.loss_ce: 0.0940, decode.loss_dice: 0.2572, decode.acc_seg: 98.7226, loss: 0.3512
2025-11-17 23:05:02,495 - mmseg - INFO - Iter [800/10000]	lr: 9.285e-04, eta: 0:15:34, time: 0.095, data_time: 0.005, memory: 2306, decode.loss_ce: 0.0964, decode.loss_dice: 0.2863, decode.acc_seg: 98.6413, loss: 0.3827
2025-11-17 23:05:07,279 - mmseg - INFO - Iter [850/10000]	lr: 9.240e-04, eta: 0:15:26, time: 0.096, data_time: 0.005, memory: 2306, decode.loss_ce: 0.0950, decode.loss_dice: 0.2890, decode.acc_seg: 98.6863, loss: 0.3840
2025-11-17 23:05:12,018 - mmseg - INFO - Iter [900/10000]	lr: 9.195e-04, eta: 0:15:18, time: 0.095, data_time: 0.005, memory: 2306, decode.loss_ce: 0.1146, decode.loss_dice: 0.2738, decode.acc_seg: 98.5421, loss: 0.3883
2025-11-17 23:05:16,754 - mmseg - INFO - Iter [950/10000]	lr: 9.150e-04, eta: 0:15:10, time: 0.095, data_time: 0.005, memory: 2306, decode.loss_ce: 0.0827, decode.loss_dice: 0.2721, decode.acc_seg: 98.8322, loss: 0.3549
2025-11-17 23:05:21,473 - mmseg - INFO - Exp name: segformer.py
2025-11-17 23:05:21,473 - mmseg - INFO - Iter [1000/10000]	lr: 9.105e-04, eta: 0:15:02, time: 0.094, data_time: 0.005, memory: 2306, decode.loss_ce: 0.1024, decode.loss_dice: 0.2940, decode.acc_seg: 98.4542, loss: 0.3964
2025-11-17 23:05:36,475 - mmseg - INFO - per class results:
2025-11-17 23:05:36,477 - mmseg - INFO - 
+------------+-------+-------+-------+--------+-----------+--------+-------+
|   Class    |  IoU  |  HD95 |  Acc  | Fscore | Precision | Recall |  Dice |
+------------+-------+-------+-------+--------+-----------+--------+-------+
| background | 98.28 |  7.57 | 99.88 | 99.13  |    98.4   | 99.88  | 99.13 |
|   Lesion   | 49.42 | 15.45 | 51.14 | 66.15  |    93.6   | 51.14  | 66.15 |
+------------+-------+-------+-------+--------+-----------+--------+-------+
2025-11-17 23:05:36,477 - mmseg - INFO - Summary:
2025-11-17 23:05:36,478 - mmseg - INFO - 
+-------+-------+-------+-------+---------+------------+---------+-------+
|  aAcc |  mIoU | mHD95 |  mAcc | mFscore | mPrecision | mRecall | mDice |
+-------+-------+-------+-------+---------+------------+---------+-------+
| 98.31 | 73.85 | 11.51 | 75.51 |  82.64  |    96.0    |  75.51  | 82.64 |
+-------+-------+-------+-------+---------+------------+---------+-------+
2025-11-17 23:05:36,480 - mmseg - INFO - Exp name: segformer.py
2025-11-17 23:05:36,480 - mmseg - INFO - Iter(val) [64]	aAcc: 0.9831, mIoU: 0.7385, mHD95: 0.1151, mAcc: 0.7551, mFscore: 0.8264, mPrecision: 0.9600, mRecall: 0.7551, mDice: 0.8264, IoU.background: 0.9828, IoU.Lesion: 0.4942, HD95.background: 0.0757, HD95.Lesion: 0.1545, Acc.background: 0.9988, Acc.Lesion: 0.5114, Fscore.background: 0.9913, Fscore.Lesion: 0.6615, Precision.background: 0.9840, Precision.Lesion: 0.9360, Recall.background: 0.9988, Recall.Lesion: 0.5114, Dice.background: 0.9913, Dice.Lesion: 0.6615
2025-11-17 23:05:41,193 - mmseg - INFO - Iter [1050/10000]	lr: 9.060e-04, eta: 0:17:02, time: 0.394, data_time: 0.305, memory: 2306, decode.loss_ce: 0.0832, decode.loss_dice: 0.2805, decode.acc_seg: 98.8750, loss: 0.3637
2025-11-17 23:05:45,893 - mmseg - INFO - Iter [1100/10000]	lr: 9.015e-04, eta: 0:16:48, time: 0.094, data_time: 0.005, memory: 2306, decode.loss_ce: 0.0788, decode.loss_dice: 0.2468, decode.acc_seg: 98.7793, loss: 0.3256
2025-11-17 23:05:50,585 - mmseg - INFO - Iter [1150/10000]	lr: 8.970e-04, eta: 0:16:35, time: 0.094, data_time: 0.005, memory: 2306, decode.loss_ce: 0.0919, decode.loss_dice: 0.2865, decode.acc_seg: 98.6226, loss: 0.3784
2025-11-17 23:05:55,305 - mmseg - INFO - Iter [1200/10000]	lr: 8.925e-04, eta: 0:16:23, time: 0.094, data_time: 0.005, memory: 2306, decode.loss_ce: 0.0989, decode.loss_dice: 0.2642, decode.acc_seg: 98.6002, loss: 0.3631
2025-11-17 23:06:00,037 - mmseg - INFO - Iter [1250/10000]	lr: 8.880e-04, eta: 0:16:11, time: 0.095, data_time: 0.005, memory: 2306, decode.loss_ce: 0.0665, decode.loss_dice: 0.2390, decode.acc_seg: 99.0206, loss: 0.3055
2025-11-17 23:06:04,839 - mmseg - INFO - Iter [1300/10000]	lr: 8.835e-04, eta: 0:16:01, time: 0.096, data_time: 0.005, memory: 2306, decode.loss_ce: 0.1034, decode.loss_dice: 0.2771, decode.acc_seg: 98.2968, loss: 0.3805
2025-11-17 23:06:09,560 - mmseg - INFO - Iter [1350/10000]	lr: 8.790e-04, eta: 0:15:50, time: 0.094, data_time: 0.005, memory: 2306, decode.loss_ce: 0.0730, decode.loss_dice: 0.2605, decode.acc_seg: 98.8992, loss: 0.3335
2025-11-17 23:06:14,264 - mmseg - INFO - Iter [1400/10000]	lr: 8.744e-04, eta: 0:15:40, time: 0.094, data_time: 0.005, memory: 2306, decode.loss_ce: 0.0877, decode.loss_dice: 0.2445, decode.acc_seg: 98.5332, loss: 0.3323
2025-11-17 23:06:21,206 - mmseg - INFO - Iter [1450/10000]	lr: 8.699e-04, eta: 0:15:43, time: 0.139, data_time: 0.049, memory: 2306, decode.loss_ce: 0.1042, decode.loss_dice: 0.2728, decode.acc_seg: 98.4294, loss: 0.3770
2025-11-17 23:06:25,926 - mmseg - INFO - Iter [1500/10000]	lr: 8.654e-04, eta: 0:15:33, time: 0.094, data_time: 0.005, memory: 2306, decode.loss_ce: 0.1179, decode.loss_dice: 0.2816, decode.acc_seg: 98.3568, loss: 0.3996
2025-11-17 23:06:30,635 - mmseg - INFO - Iter [1550/10000]	lr: 8.608e-04, eta: 0:15:23, time: 0.094, data_time: 0.005, memory: 2306, decode.loss_ce: 0.0948, decode.loss_dice: 0.2863, decode.acc_seg: 98.5236, loss: 0.3811
2025-11-17 23:06:35,341 - mmseg - INFO - Iter [1600/10000]	lr: 8.563e-04, eta: 0:15:14, time: 0.094, data_time: 0.005, memory: 2306, decode.loss_ce: 0.1114, decode.loss_dice: 0.2952, decode.acc_seg: 98.4639, loss: 0.4065
2025-11-17 23:06:40,046 - mmseg - INFO - Iter [1650/10000]	lr: 8.518e-04, eta: 0:15:04, time: 0.094, data_time: 0.005, memory: 2306, decode.loss_ce: 0.0750, decode.loss_dice: 0.2359, decode.acc_seg: 98.8865, loss: 0.3109
2025-11-17 23:06:44,755 - mmseg - INFO - Iter [1700/10000]	lr: 8.472e-04, eta: 0:14:56, time: 0.094, data_time: 0.005, memory: 2306, decode.loss_ce: 0.0728, decode.loss_dice: 0.2284, decode.acc_seg: 98.9179, loss: 0.3012
2025-11-17 23:06:49,477 - mmseg - INFO - Iter [1750/10000]	lr: 8.427e-04, eta: 0:14:47, time: 0.094, data_time: 0.005, memory: 2306, decode.loss_ce: 0.0800, decode.loss_dice: 0.2643, decode.acc_seg: 98.7355, loss: 0.3443
2025-11-17 23:06:54,198 - mmseg - INFO - Iter [1800/10000]	lr: 8.382e-04, eta: 0:14:39, time: 0.094, data_time: 0.005, memory: 2306, decode.loss_ce: 0.1026, decode.loss_dice: 0.2536, decode.acc_seg: 98.4861, loss: 0.3562
2025-11-17 23:06:58,910 - mmseg - INFO - Iter [1850/10000]	lr: 8.336e-04, eta: 0:14:30, time: 0.094, data_time: 0.005, memory: 2306, decode.loss_ce: 0.0921, decode.loss_dice: 0.2887, decode.acc_seg: 98.6718, loss: 0.3808
2025-11-17 23:07:03,617 - mmseg - INFO - Iter [1900/10000]	lr: 8.291e-04, eta: 0:14:22, time: 0.094, data_time: 0.005, memory: 2306, decode.loss_ce: 0.0881, decode.loss_dice: 0.2499, decode.acc_seg: 98.7396, loss: 0.3379
2025-11-17 23:07:08,369 - mmseg - INFO - Iter [1950/10000]	lr: 8.245e-04, eta: 0:14:15, time: 0.095, data_time: 0.005, memory: 2306, decode.loss_ce: 0.0894, decode.loss_dice: 0.2893, decode.acc_seg: 98.7234, loss: 0.3786
2025-11-17 23:07:13,087 - mmseg - INFO - Exp name: segformer.py
2025-11-17 23:07:13,087 - mmseg - INFO - Iter [2000/10000]	lr: 8.200e-04, eta: 0:14:07, time: 0.094, data_time: 0.005, memory: 2306, decode.loss_ce: 0.0887, decode.loss_dice: 0.2403, decode.acc_seg: 98.7070, loss: 0.3291
2025-11-17 23:07:22,929 - mmseg - INFO - per class results:
2025-11-17 23:07:22,930 - mmseg - INFO - 
+------------+-------+-------+-------+--------+-----------+--------+-------+
|   Class    |  IoU  |  HD95 |  Acc  | Fscore | Precision | Recall |  Dice |
+------------+-------+-------+-------+--------+-----------+--------+-------+
| background |  98.6 |  7.5  | 99.78 |  99.3  |   98.81   | 99.78  |  99.3 |
|   Lesion   | 60.21 | 13.29 | 64.11 | 75.17  |   90.84   | 64.11  | 75.17 |
+------------+-------+-------+-------+--------+-----------+--------+-------+
2025-11-17 23:07:22,930 - mmseg - INFO - Summary:
2025-11-17 23:07:22,930 - mmseg - INFO - 
+-------+-------+-------+-------+---------+------------+---------+-------+
|  aAcc |  mIoU | mHD95 |  mAcc | mFscore | mPrecision | mRecall | mDice |
+-------+-------+-------+-------+---------+------------+---------+-------+
| 98.63 | 79.41 | 10.39 | 81.95 |  87.23  |   94.83    |  81.95  | 87.23 |
+-------+-------+-------+-------+---------+------------+---------+-------+
2025-11-17 23:07:22,932 - mmseg - INFO - Exp name: segformer.py
2025-11-17 23:07:22,933 - mmseg - INFO - Iter(val) [64]	aAcc: 0.9863, mIoU: 0.7941, mHD95: 0.1039, mAcc: 0.8195, mFscore: 0.8723, mPrecision: 0.9483, mRecall: 0.8195, mDice: 0.8723, IoU.background: 0.9860, IoU.Lesion: 0.6021, HD95.background: 0.0750, HD95.Lesion: 0.1329, Acc.background: 0.9978, Acc.Lesion: 0.6411, Fscore.background: 0.9930, Fscore.Lesion: 0.7517, Precision.background: 0.9881, Precision.Lesion: 0.9084, Recall.background: 0.9978, Recall.Lesion: 0.6411, Dice.background: 0.9930, Dice.Lesion: 0.7517
2025-11-17 23:07:27,654 - mmseg - INFO - Iter [2050/10000]	lr: 8.154e-04, eta: 0:14:38, time: 0.291, data_time: 0.202, memory: 2306, decode.loss_ce: 0.0860, decode.loss_dice: 0.2391, decode.acc_seg: 98.7525, loss: 0.3250
2025-11-17 23:07:32,404 - mmseg - INFO - Iter [2100/10000]	lr: 8.108e-04, eta: 0:14:29, time: 0.095, data_time: 0.005, memory: 2306, decode.loss_ce: 0.0688, decode.loss_dice: 0.2308, decode.acc_seg: 98.9497, loss: 0.2996
2025-11-17 23:07:37,128 - mmseg - INFO - Iter [2150/10000]	lr: 8.063e-04, eta: 0:14:21, time: 0.094, data_time: 0.005, memory: 2306, decode.loss_ce: 0.0894, decode.loss_dice: 0.2647, decode.acc_seg: 98.7456, loss: 0.3541
2025-11-17 23:07:41,882 - mmseg - INFO - Iter [2200/10000]	lr: 8.017e-04, eta: 0:14:13, time: 0.095, data_time: 0.005, memory: 2306, decode.loss_ce: 0.0807, decode.loss_dice: 0.2825, decode.acc_seg: 98.7003, loss: 0.3632
2025-11-17 23:07:46,643 - mmseg - INFO - Iter [2250/10000]	lr: 7.971e-04, eta: 0:14:05, time: 0.095, data_time: 0.005, memory: 2306, decode.loss_ce: 0.0744, decode.loss_dice: 0.2688, decode.acc_seg: 98.9616, loss: 0.3432
2025-11-17 23:07:51,346 - mmseg - INFO - Iter [2300/10000]	lr: 7.926e-04, eta: 0:13:57, time: 0.094, data_time: 0.005, memory: 2306, decode.loss_ce: 0.1034, decode.loss_dice: 0.2676, decode.acc_seg: 98.3650, loss: 0.3711
2025-11-17 23:07:56,080 - mmseg - INFO - Iter [2350/10000]	lr: 7.880e-04, eta: 0:13:49, time: 0.095, data_time: 0.005, memory: 2306, decode.loss_ce: 0.0700, decode.loss_dice: 0.2384, decode.acc_seg: 98.9292, loss: 0.3085
2025-11-17 23:08:00,916 - mmseg - INFO - Iter [2400/10000]	lr: 7.834e-04, eta: 0:13:42, time: 0.097, data_time: 0.005, memory: 2306, decode.loss_ce: 0.0844, decode.loss_dice: 0.2736, decode.acc_seg: 98.7606, loss: 0.3580
2025-11-17 23:08:05,844 - mmseg - INFO - Iter [2450/10000]	lr: 7.788e-04, eta: 0:13:35, time: 0.099, data_time: 0.005, memory: 2306, decode.loss_ce: 0.0821, decode.loss_dice: 0.2681, decode.acc_seg: 98.8240, loss: 0.3502
2025-11-17 23:08:10,582 - mmseg - INFO - Iter [2500/10000]	lr: 7.743e-04, eta: 0:13:28, time: 0.095, data_time: 0.005, memory: 2306, decode.loss_ce: 0.0720, decode.loss_dice: 0.2375, decode.acc_seg: 98.9550, loss: 0.3095
2025-11-17 23:08:15,283 - mmseg - INFO - Iter [2550/10000]	lr: 7.697e-04, eta: 0:13:20, time: 0.094, data_time: 0.005, memory: 2306, decode.loss_ce: 0.0841, decode.loss_dice: 0.2593, decode.acc_seg: 98.6494, loss: 0.3434
2025-11-17 23:08:19,987 - mmseg - INFO - Iter [2600/10000]	lr: 7.651e-04, eta: 0:13:13, time: 0.094, data_time: 0.005, memory: 2306, decode.loss_ce: 0.0762, decode.loss_dice: 0.2620, decode.acc_seg: 98.8039, loss: 0.3383
2025-11-17 23:08:24,957 - mmseg - INFO - Iter [2650/10000]	lr: 7.605e-04, eta: 0:13:06, time: 0.099, data_time: 0.005, memory: 2306, decode.loss_ce: 0.0837, decode.loss_dice: 0.2575, decode.acc_seg: 98.7125, loss: 0.3412
2025-11-17 23:08:29,753 - mmseg - INFO - Iter [2700/10000]	lr: 7.559e-04, eta: 0:13:00, time: 0.096, data_time: 0.005, memory: 2306, decode.loss_ce: 0.0751, decode.loss_dice: 0.2663, decode.acc_seg: 98.8304, loss: 0.3414
2025-11-17 23:08:34,760 - mmseg - INFO - Iter [2750/10000]	lr: 7.513e-04, eta: 0:12:53, time: 0.100, data_time: 0.005, memory: 2306, decode.loss_ce: 0.0849, decode.loss_dice: 0.2692, decode.acc_seg: 98.7399, loss: 0.3541
2025-11-17 23:08:39,680 - mmseg - INFO - Iter [2800/10000]	lr: 7.467e-04, eta: 0:12:47, time: 0.098, data_time: 0.005, memory: 2306, decode.loss_ce: 0.0784, decode.loss_dice: 0.2565, decode.acc_seg: 98.8320, loss: 0.3349
2025-11-17 23:08:46,867 - mmseg - INFO - Iter [2850/10000]	lr: 7.421e-04, eta: 0:12:46, time: 0.144, data_time: 0.048, memory: 2306, decode.loss_ce: 0.0836, decode.loss_dice: 0.2523, decode.acc_seg: 98.7441, loss: 0.3359
2025-11-17 23:08:51,887 - mmseg - INFO - Iter [2900/10000]	lr: 7.375e-04, eta: 0:12:40, time: 0.100, data_time: 0.005, memory: 2306, decode.loss_ce: 0.0808, decode.loss_dice: 0.2514, decode.acc_seg: 98.8017, loss: 0.3321
2025-11-17 23:08:56,787 - mmseg - INFO - Iter [2950/10000]	lr: 7.329e-04, eta: 0:12:34, time: 0.098, data_time: 0.005, memory: 2306, decode.loss_ce: 0.0832, decode.loss_dice: 0.2382, decode.acc_seg: 98.6750, loss: 0.3214
2025-11-17 23:09:01,725 - mmseg - INFO - Exp name: segformer.py
2025-11-17 23:09:01,725 - mmseg - INFO - Iter [3000/10000]	lr: 7.283e-04, eta: 0:12:27, time: 0.099, data_time: 0.005, memory: 2306, decode.loss_ce: 0.0957, decode.loss_dice: 0.2592, decode.acc_seg: 98.6316, loss: 0.3550
2025-11-17 23:09:10,845 - mmseg - INFO - per class results:
2025-11-17 23:09:10,846 - mmseg - INFO - 
+------------+-------+------+-------+--------+-----------+--------+-------+
|   Class    |  IoU  | HD95 |  Acc  | Fscore | Precision | Recall |  Dice |
+------------+-------+------+-------+--------+-----------+--------+-------+
| background | 98.24 | 7.56 | 99.75 | 99.11  |   98.48   | 99.75  | 99.11 |
|   Lesion   | 50.14 | 15.0 | 53.84 | 66.79  |   87.95   | 53.84  | 66.79 |
+------------+-------+------+-------+--------+-----------+--------+-------+
2025-11-17 23:09:10,846 - mmseg - INFO - Summary:
2025-11-17 23:09:10,846 - mmseg - INFO - 
+-------+-------+-------+-------+---------+------------+---------+-------+
|  aAcc |  mIoU | mHD95 |  mAcc | mFscore | mPrecision | mRecall | mDice |
+-------+-------+-------+-------+---------+------------+---------+-------+
| 98.27 | 74.19 | 11.28 | 76.79 |  82.95  |   93.21    |  76.79  | 82.95 |
+-------+-------+-------+-------+---------+------------+---------+-------+
2025-11-17 23:09:10,848 - mmseg - INFO - Exp name: segformer.py
2025-11-17 23:09:10,849 - mmseg - INFO - Iter(val) [64]	aAcc: 0.9827, mIoU: 0.7419, mHD95: 0.1128, mAcc: 0.7679, mFscore: 0.8295, mPrecision: 0.9321, mRecall: 0.7679, mDice: 0.8295, IoU.background: 0.9824, IoU.Lesion: 0.5014, HD95.background: 0.0756, HD95.Lesion: 0.1500, Acc.background: 0.9975, Acc.Lesion: 0.5384, Fscore.background: 0.9911, Fscore.Lesion: 0.6679, Precision.background: 0.9848, Precision.Lesion: 0.8795, Recall.background: 0.9975, Recall.Lesion: 0.5384, Dice.background: 0.9911, Dice.Lesion: 0.6679
2025-11-17 23:09:15,894 - mmseg - INFO - Iter [3050/10000]	lr: 7.236e-04, eta: 0:12:42, time: 0.283, data_time: 0.188, memory: 2306, decode.loss_ce: 0.0863, decode.loss_dice: 0.2609, decode.acc_seg: 98.7913, loss: 0.3472
2025-11-17 23:09:20,934 - mmseg - INFO - Iter [3100/10000]	lr: 7.190e-04, eta: 0:12:36, time: 0.101, data_time: 0.005, memory: 2306, decode.loss_ce: 0.0842, decode.loss_dice: 0.2541, decode.acc_seg: 98.7948, loss: 0.3383
2025-11-17 23:09:25,769 - mmseg - INFO - Iter [3150/10000]	lr: 7.144e-04, eta: 0:12:29, time: 0.097, data_time: 0.005, memory: 2306, decode.loss_ce: 0.0815, decode.loss_dice: 0.2555, decode.acc_seg: 98.7702, loss: 0.3371
2025-11-17 23:09:30,482 - mmseg - INFO - Iter [3200/10000]	lr: 7.098e-04, eta: 0:12:22, time: 0.094, data_time: 0.005, memory: 2306, decode.loss_ce: 0.0735, decode.loss_dice: 0.2355, decode.acc_seg: 98.8803, loss: 0.3090
2025-11-17 23:09:35,208 - mmseg - INFO - Iter [3250/10000]	lr: 7.051e-04, eta: 0:12:15, time: 0.095, data_time: 0.005, memory: 2306, decode.loss_ce: 0.0812, decode.loss_dice: 0.2783, decode.acc_seg: 98.7767, loss: 0.3595
2025-11-17 23:09:39,969 - mmseg - INFO - Iter [3300/10000]	lr: 7.005e-04, eta: 0:12:08, time: 0.095, data_time: 0.005, memory: 2306, decode.loss_ce: 0.0914, decode.loss_dice: 0.2771, decode.acc_seg: 98.6218, loss: 0.3685
2025-11-17 23:09:44,762 - mmseg - INFO - Iter [3350/10000]	lr: 6.959e-04, eta: 0:12:01, time: 0.096, data_time: 0.005, memory: 2306, decode.loss_ce: 0.0894, decode.loss_dice: 0.2501, decode.acc_seg: 98.6803, loss: 0.3395
2025-11-17 23:09:49,499 - mmseg - INFO - Iter [3400/10000]	lr: 6.912e-04, eta: 0:11:54, time: 0.095, data_time: 0.005, memory: 2306, decode.loss_ce: 0.0732, decode.loss_dice: 0.2467, decode.acc_seg: 98.8569, loss: 0.3200
2025-11-17 23:09:54,233 - mmseg - INFO - Iter [3450/10000]	lr: 6.866e-04, eta: 0:11:48, time: 0.095, data_time: 0.005, memory: 2306, decode.loss_ce: 0.0726, decode.loss_dice: 0.2505, decode.acc_seg: 98.9143, loss: 0.3231
2025-11-17 23:09:58,962 - mmseg - INFO - Iter [3500/10000]	lr: 6.819e-04, eta: 0:11:41, time: 0.095, data_time: 0.005, memory: 2306, decode.loss_ce: 0.0687, decode.loss_dice: 0.2535, decode.acc_seg: 98.9530, loss: 0.3222
2025-11-17 23:10:03,725 - mmseg - INFO - Iter [3550/10000]	lr: 6.773e-04, eta: 0:11:34, time: 0.095, data_time: 0.005, memory: 2306, decode.loss_ce: 0.0778, decode.loss_dice: 0.2548, decode.acc_seg: 98.7638, loss: 0.3326
2025-11-17 23:10:08,482 - mmseg - INFO - Iter [3600/10000]	lr: 6.726e-04, eta: 0:11:28, time: 0.095, data_time: 0.005, memory: 2306, decode.loss_ce: 0.1151, decode.loss_dice: 0.2868, decode.acc_seg: 98.2706, loss: 0.4019
2025-11-17 23:10:13,209 - mmseg - INFO - Iter [3650/10000]	lr: 6.680e-04, eta: 0:11:21, time: 0.095, data_time: 0.005, memory: 2306, decode.loss_ce: 0.0639, decode.loss_dice: 0.2489, decode.acc_seg: 99.0259, loss: 0.3128
2025-11-17 23:10:17,931 - mmseg - INFO - Iter [3700/10000]	lr: 6.633e-04, eta: 0:11:15, time: 0.094, data_time: 0.005, memory: 2306, decode.loss_ce: 0.0799, decode.loss_dice: 0.2493, decode.acc_seg: 98.8613, loss: 0.3292
2025-11-17 23:10:22,717 - mmseg - INFO - Iter [3750/10000]	lr: 6.586e-04, eta: 0:11:09, time: 0.096, data_time: 0.005, memory: 2306, decode.loss_ce: 0.0825, decode.loss_dice: 0.2516, decode.acc_seg: 98.7041, loss: 0.3341
2025-11-17 23:10:27,443 - mmseg - INFO - Iter [3800/10000]	lr: 6.539e-04, eta: 0:11:02, time: 0.095, data_time: 0.005, memory: 2306, decode.loss_ce: 0.0882, decode.loss_dice: 0.2289, decode.acc_seg: 98.5461, loss: 0.3171
2025-11-17 23:10:32,179 - mmseg - INFO - Iter [3850/10000]	lr: 6.493e-04, eta: 0:10:56, time: 0.095, data_time: 0.005, memory: 2306, decode.loss_ce: 0.0777, decode.loss_dice: 0.2427, decode.acc_seg: 98.8525, loss: 0.3204
2025-11-17 23:10:36,973 - mmseg - INFO - Iter [3900/10000]	lr: 6.446e-04, eta: 0:10:50, time: 0.096, data_time: 0.005, memory: 2306, decode.loss_ce: 0.0806, decode.loss_dice: 0.2463, decode.acc_seg: 98.8319, loss: 0.3268
2025-11-17 23:10:41,759 - mmseg - INFO - Iter [3950/10000]	lr: 6.399e-04, eta: 0:10:44, time: 0.096, data_time: 0.005, memory: 2306, decode.loss_ce: 0.0930, decode.loss_dice: 0.2713, decode.acc_seg: 98.4082, loss: 0.3643
2025-11-17 23:10:46,509 - mmseg - INFO - Exp name: segformer.py
2025-11-17 23:10:46,509 - mmseg - INFO - Iter [4000/10000]	lr: 6.352e-04, eta: 0:10:37, time: 0.095, data_time: 0.005, memory: 2306, decode.loss_ce: 0.0842, decode.loss_dice: 0.2503, decode.acc_seg: 98.7072, loss: 0.3345
2025-11-17 23:10:55,923 - mmseg - INFO - per class results:
2025-11-17 23:10:55,924 - mmseg - INFO - 
+------------+-------+-------+-------+--------+-----------+--------+-------+
|   Class    |  IoU  |  HD95 |  Acc  | Fscore | Precision | Recall |  Dice |
+------------+-------+-------+-------+--------+-----------+--------+-------+
| background | 98.02 |  7.62 | 99.92 |  99.0  |   98.09   | 99.92  |  99.0 |
|   Lesion   | 40.74 | 17.03 | 41.66 | 57.89  |   94.83   | 41.66  | 57.89 |
+------------+-------+-------+-------+--------+-----------+--------+-------+
2025-11-17 23:10:55,924 - mmseg - INFO - Summary:
2025-11-17 23:10:55,925 - mmseg - INFO - 
+-------+-------+-------+-------+---------+------------+---------+-------+
|  aAcc |  mIoU | mHD95 |  mAcc | mFscore | mPrecision | mRecall | mDice |
+-------+-------+-------+-------+---------+------------+---------+-------+
| 98.04 | 69.38 | 12.32 | 70.79 |  78.45  |   96.46    |  70.79  | 78.45 |
+-------+-------+-------+-------+---------+------------+---------+-------+
2025-11-17 23:10:55,927 - mmseg - INFO - Exp name: segformer.py
2025-11-17 23:10:55,927 - mmseg - INFO - Iter(val) [64]	aAcc: 0.9804, mIoU: 0.6938, mHD95: 0.1232, mAcc: 0.7079, mFscore: 0.7845, mPrecision: 0.9646, mRecall: 0.7079, mDice: 0.7845, IoU.background: 0.9802, IoU.Lesion: 0.4074, HD95.background: 0.0762, HD95.Lesion: 0.1703, Acc.background: 0.9992, Acc.Lesion: 0.4166, Fscore.background: 0.9900, Fscore.Lesion: 0.5789, Precision.background: 0.9809, Precision.Lesion: 0.9483, Recall.background: 0.9992, Recall.Lesion: 0.4166, Dice.background: 0.9900, Dice.Lesion: 0.5789
2025-11-17 23:11:00,703 - mmseg - INFO - Iter [4050/10000]	lr: 6.305e-04, eta: 0:10:45, time: 0.284, data_time: 0.193, memory: 2306, decode.loss_ce: 0.0860, decode.loss_dice: 0.2473, decode.acc_seg: 98.7638, loss: 0.3333
2025-11-17 23:11:05,451 - mmseg - INFO - Iter [4100/10000]	lr: 6.258e-04, eta: 0:10:39, time: 0.095, data_time: 0.005, memory: 2306, decode.loss_ce: 0.0824, decode.loss_dice: 0.2337, decode.acc_seg: 98.7786, loss: 0.3161
2025-11-17 23:11:10,231 - mmseg - INFO - Iter [4150/10000]	lr: 6.211e-04, eta: 0:10:32, time: 0.096, data_time: 0.005, memory: 2306, decode.loss_ce: 0.0617, decode.loss_dice: 0.2309, decode.acc_seg: 99.0458, loss: 0.2926
2025-11-17 23:11:14,976 - mmseg - INFO - Iter [4200/10000]	lr: 6.164e-04, eta: 0:10:26, time: 0.095, data_time: 0.005, memory: 2306, decode.loss_ce: 0.0978, decode.loss_dice: 0.2564, decode.acc_seg: 98.6617, loss: 0.3542
2025-11-17 23:11:19,708 - mmseg - INFO - Iter [4250/10000]	lr: 6.117e-04, eta: 0:10:20, time: 0.095, data_time: 0.005, memory: 2306, decode.loss_ce: 0.0721, decode.loss_dice: 0.2468, decode.acc_seg: 98.8608, loss: 0.3190
2025-11-17 23:11:26,716 - mmseg - INFO - Iter [4300/10000]	lr: 6.070e-04, eta: 0:10:17, time: 0.140, data_time: 0.049, memory: 2306, decode.loss_ce: 0.0664, decode.loss_dice: 0.2138, decode.acc_seg: 99.0062, loss: 0.2802
2025-11-17 23:11:31,454 - mmseg - INFO - Iter [4350/10000]	lr: 6.023e-04, eta: 0:10:10, time: 0.095, data_time: 0.005, memory: 2306, decode.loss_ce: 0.1150, decode.loss_dice: 0.2747, decode.acc_seg: 98.2724, loss: 0.3897
2025-11-17 23:11:36,133 - mmseg - INFO - Iter [4400/10000]	lr: 5.976e-04, eta: 0:10:04, time: 0.094, data_time: 0.005, memory: 2306, decode.loss_ce: 0.0755, decode.loss_dice: 0.2375, decode.acc_seg: 98.7659, loss: 0.3130
2025-11-17 23:11:40,825 - mmseg - INFO - Iter [4450/10000]	lr: 5.929e-04, eta: 0:09:58, time: 0.094, data_time: 0.005, memory: 2306, decode.loss_ce: 0.0787, decode.loss_dice: 0.2309, decode.acc_seg: 98.9259, loss: 0.3096
2025-11-17 23:11:45,554 - mmseg - INFO - Iter [4500/10000]	lr: 5.881e-04, eta: 0:09:51, time: 0.095, data_time: 0.005, memory: 2306, decode.loss_ce: 0.0941, decode.loss_dice: 0.2912, decode.acc_seg: 98.6154, loss: 0.3853
2025-11-17 23:11:50,259 - mmseg - INFO - Iter [4550/10000]	lr: 5.834e-04, eta: 0:09:45, time: 0.094, data_time: 0.005, memory: 2306, decode.loss_ce: 0.0666, decode.loss_dice: 0.2524, decode.acc_seg: 99.0017, loss: 0.3190
2025-11-17 23:11:54,973 - mmseg - INFO - Iter [4600/10000]	lr: 5.787e-04, eta: 0:09:39, time: 0.094, data_time: 0.005, memory: 2306, decode.loss_ce: 0.0599, decode.loss_dice: 0.2117, decode.acc_seg: 99.0838, loss: 0.2716
2025-11-17 23:11:59,677 - mmseg - INFO - Iter [4650/10000]	lr: 5.739e-04, eta: 0:09:33, time: 0.094, data_time: 0.005, memory: 2306, decode.loss_ce: 0.0774, decode.loss_dice: 0.2352, decode.acc_seg: 98.8394, loss: 0.3126
2025-11-17 23:12:04,384 - mmseg - INFO - Iter [4700/10000]	lr: 5.692e-04, eta: 0:09:27, time: 0.094, data_time: 0.005, memory: 2306, decode.loss_ce: 0.0938, decode.loss_dice: 0.2376, decode.acc_seg: 98.5814, loss: 0.3314
2025-11-17 23:12:09,133 - mmseg - INFO - Iter [4750/10000]	lr: 5.644e-04, eta: 0:09:21, time: 0.095, data_time: 0.005, memory: 2306, decode.loss_ce: 0.0760, decode.loss_dice: 0.2416, decode.acc_seg: 98.8402, loss: 0.3176
2025-11-17 23:12:13,849 - mmseg - INFO - Iter [4800/10000]	lr: 5.597e-04, eta: 0:09:15, time: 0.094, data_time: 0.005, memory: 2306, decode.loss_ce: 0.1024, decode.loss_dice: 0.2527, decode.acc_seg: 98.4792, loss: 0.3552
2025-11-17 23:12:18,565 - mmseg - INFO - Iter [4850/10000]	lr: 5.549e-04, eta: 0:09:09, time: 0.094, data_time: 0.005, memory: 2306, decode.loss_ce: 0.0783, decode.loss_dice: 0.2437, decode.acc_seg: 98.8061, loss: 0.3220
2025-11-17 23:12:23,300 - mmseg - INFO - Iter [4900/10000]	lr: 5.502e-04, eta: 0:09:03, time: 0.095, data_time: 0.005, memory: 2306, decode.loss_ce: 0.0936, decode.loss_dice: 0.2503, decode.acc_seg: 98.4703, loss: 0.3439
2025-11-17 23:12:28,019 - mmseg - INFO - Iter [4950/10000]	lr: 5.454e-04, eta: 0:08:57, time: 0.094, data_time: 0.005, memory: 2306, decode.loss_ce: 0.0596, decode.loss_dice: 0.2363, decode.acc_seg: 99.0446, loss: 0.2959
2025-11-17 23:12:32,732 - mmseg - INFO - Exp name: segformer.py
2025-11-17 23:12:32,732 - mmseg - INFO - Iter [5000/10000]	lr: 5.406e-04, eta: 0:08:51, time: 0.094, data_time: 0.005, memory: 2306, decode.loss_ce: 0.0773, decode.loss_dice: 0.2309, decode.acc_seg: 98.8261, loss: 0.3082
2025-11-17 23:12:42,068 - mmseg - INFO - per class results:
2025-11-17 23:12:42,069 - mmseg - INFO - 
+------------+-------+-------+-------+--------+-----------+--------+-------+
|   Class    |  IoU  |  HD95 |  Acc  | Fscore | Precision | Recall |  Dice |
+------------+-------+-------+-------+--------+-----------+--------+-------+
| background | 98.46 |  7.54 | 99.88 | 99.22  |   98.58   | 99.88  | 99.22 |
|   Lesion   | 54.74 | 14.52 | 56.71 | 70.75  |   94.04   | 56.71  | 70.75 |
+------------+-------+-------+-------+--------+-----------+--------+-------+
2025-11-17 23:12:42,069 - mmseg - INFO - Summary:
2025-11-17 23:12:42,070 - mmseg - INFO - 
+-------+------+-------+-------+---------+------------+---------+-------+
|  aAcc | mIoU | mHD95 |  mAcc | mFscore | mPrecision | mRecall | mDice |
+-------+------+-------+-------+---------+------------+---------+-------+
| 98.49 | 76.6 | 11.03 | 78.29 |  84.99  |   96.31    |  78.29  | 84.99 |
+-------+------+-------+-------+---------+------------+---------+-------+
2025-11-17 23:12:42,072 - mmseg - INFO - Exp name: segformer.py
2025-11-17 23:12:42,072 - mmseg - INFO - Iter(val) [64]	aAcc: 0.9849, mIoU: 0.7660, mHD95: 0.1103, mAcc: 0.7829, mFscore: 0.8499, mPrecision: 0.9631, mRecall: 0.7829, mDice: 0.8499, IoU.background: 0.9846, IoU.Lesion: 0.5474, HD95.background: 0.0754, HD95.Lesion: 0.1452, Acc.background: 0.9988, Acc.Lesion: 0.5671, Fscore.background: 0.9922, Fscore.Lesion: 0.7075, Precision.background: 0.9858, Precision.Lesion: 0.9404, Recall.background: 0.9988, Recall.Lesion: 0.5671, Dice.background: 0.9922, Dice.Lesion: 0.7075
2025-11-17 23:12:46,838 - mmseg - INFO - Iter [5050/10000]	lr: 5.358e-04, eta: 0:08:54, time: 0.282, data_time: 0.192, memory: 2306, decode.loss_ce: 0.0689, decode.loss_dice: 0.2408, decode.acc_seg: 98.8951, loss: 0.3097
2025-11-17 23:12:51,606 - mmseg - INFO - Iter [5100/10000]	lr: 5.311e-04, eta: 0:08:48, time: 0.095, data_time: 0.005, memory: 2306, decode.loss_ce: 0.0890, decode.loss_dice: 0.2354, decode.acc_seg: 98.5882, loss: 0.3245
2025-11-17 23:12:56,383 - mmseg - INFO - Iter [5150/10000]	lr: 5.263e-04, eta: 0:08:42, time: 0.096, data_time: 0.005, memory: 2306, decode.loss_ce: 0.1083, decode.loss_dice: 0.2475, decode.acc_seg: 98.4629, loss: 0.3557
2025-11-17 23:13:01,155 - mmseg - INFO - Iter [5200/10000]	lr: 5.215e-04, eta: 0:08:36, time: 0.095, data_time: 0.005, memory: 2306, decode.loss_ce: 0.0639, decode.loss_dice: 0.2471, decode.acc_seg: 98.9721, loss: 0.3110
2025-11-17 23:13:05,864 - mmseg - INFO - Iter [5250/10000]	lr: 5.167e-04, eta: 0:08:30, time: 0.094, data_time: 0.005, memory: 2306, decode.loss_ce: 0.0675, decode.loss_dice: 0.2401, decode.acc_seg: 99.0214, loss: 0.3076
2025-11-17 23:13:10,637 - mmseg - INFO - Iter [5300/10000]	lr: 5.119e-04, eta: 0:08:24, time: 0.095, data_time: 0.006, memory: 2306, decode.loss_ce: 0.0782, decode.loss_dice: 0.2346, decode.acc_seg: 98.8367, loss: 0.3128
2025-11-17 23:13:15,364 - mmseg - INFO - Iter [5350/10000]	lr: 5.071e-04, eta: 0:08:18, time: 0.095, data_time: 0.006, memory: 2306, decode.loss_ce: 0.0746, decode.loss_dice: 0.2326, decode.acc_seg: 98.8317, loss: 0.3072
2025-11-17 23:13:20,132 - mmseg - INFO - Iter [5400/10000]	lr: 5.023e-04, eta: 0:08:13, time: 0.095, data_time: 0.006, memory: 2306, decode.loss_ce: 0.0792, decode.loss_dice: 0.2592, decode.acc_seg: 98.7203, loss: 0.3384
2025-11-17 23:13:24,833 - mmseg - INFO - Iter [5450/10000]	lr: 4.975e-04, eta: 0:08:07, time: 0.094, data_time: 0.005, memory: 2306, decode.loss_ce: 0.1096, decode.loss_dice: 0.2512, decode.acc_seg: 98.4452, loss: 0.3608
2025-11-17 23:13:29,577 - mmseg - INFO - Iter [5500/10000]	lr: 4.926e-04, eta: 0:08:01, time: 0.095, data_time: 0.006, memory: 2306, decode.loss_ce: 0.0871, decode.loss_dice: 0.2433, decode.acc_seg: 98.6629, loss: 0.3304
2025-11-17 23:13:34,340 - mmseg - INFO - Iter [5550/10000]	lr: 4.878e-04, eta: 0:07:55, time: 0.095, data_time: 0.006, memory: 2306, decode.loss_ce: 0.0874, decode.loss_dice: 0.2434, decode.acc_seg: 98.6391, loss: 0.3307
2025-11-17 23:13:39,075 - mmseg - INFO - Iter [5600/10000]	lr: 4.830e-04, eta: 0:07:49, time: 0.095, data_time: 0.006, memory: 2306, decode.loss_ce: 0.0820, decode.loss_dice: 0.2441, decode.acc_seg: 98.6776, loss: 0.3260
2025-11-17 23:13:43,759 - mmseg - INFO - Iter [5650/10000]	lr: 4.781e-04, eta: 0:07:43, time: 0.094, data_time: 0.005, memory: 2306, decode.loss_ce: 0.0646, decode.loss_dice: 0.2108, decode.acc_seg: 98.9360, loss: 0.2755
2025-11-17 23:13:51,005 - mmseg - INFO - Iter [5700/10000]	lr: 4.733e-04, eta: 0:07:39, time: 0.145, data_time: 0.050, memory: 2306, decode.loss_ce: 0.0557, decode.loss_dice: 0.2317, decode.acc_seg: 99.1323, loss: 0.2874
2025-11-17 23:13:56,151 - mmseg - INFO - Iter [5750/10000]	lr: 4.684e-04, eta: 0:07:34, time: 0.103, data_time: 0.005, memory: 2306, decode.loss_ce: 0.0916, decode.loss_dice: 0.2589, decode.acc_seg: 98.6155, loss: 0.3505
2025-11-17 23:14:01,319 - mmseg - INFO - Iter [5800/10000]	lr: 4.636e-04, eta: 0:07:29, time: 0.103, data_time: 0.005, memory: 2306, decode.loss_ce: 0.1102, decode.loss_dice: 0.2571, decode.acc_seg: 98.4135, loss: 0.3673
2025-11-17 23:14:06,482 - mmseg - INFO - Iter [5850/10000]	lr: 4.587e-04, eta: 0:07:23, time: 0.103, data_time: 0.005, memory: 2306, decode.loss_ce: 0.0669, decode.loss_dice: 0.2431, decode.acc_seg: 98.9296, loss: 0.3100
2025-11-17 23:14:11,577 - mmseg - INFO - Iter [5900/10000]	lr: 4.538e-04, eta: 0:07:18, time: 0.102, data_time: 0.005, memory: 2306, decode.loss_ce: 0.0703, decode.loss_dice: 0.2463, decode.acc_seg: 98.9411, loss: 0.3166
2025-11-17 23:14:16,692 - mmseg - INFO - Iter [5950/10000]	lr: 4.490e-04, eta: 0:07:12, time: 0.102, data_time: 0.005, memory: 2306, decode.loss_ce: 0.0799, decode.loss_dice: 0.2341, decode.acc_seg: 98.7619, loss: 0.3140
2025-11-17 23:14:21,591 - mmseg - INFO - Exp name: segformer.py
2025-11-17 23:14:21,592 - mmseg - INFO - Iter [6000/10000]	lr: 4.441e-04, eta: 0:07:06, time: 0.098, data_time: 0.005, memory: 2306, decode.loss_ce: 0.0620, decode.loss_dice: 0.2130, decode.acc_seg: 99.1088, loss: 0.2750
2025-11-17 23:14:31,990 - mmseg - INFO - per class results:
2025-11-17 23:14:31,991 - mmseg - INFO - 
+------------+-------+-------+-------+--------+-----------+--------+-------+
|   Class    |  IoU  |  HD95 |  Acc  | Fscore | Precision | Recall |  Dice |
+------------+-------+-------+-------+--------+-----------+--------+-------+
| background | 98.66 |  7.48 | 99.73 | 99.33  |   98.92   | 99.73  | 99.33 |
|   Lesion   | 62.42 | 12.73 | 67.46 | 76.87  |   89.32   | 67.46  | 76.87 |
+------------+-------+-------+-------+--------+-----------+--------+-------+
2025-11-17 23:14:31,991 - mmseg - INFO - Summary:
2025-11-17 23:14:31,992 - mmseg - INFO - 
+-------+-------+-------+-------+---------+------------+---------+-------+
|  aAcc |  mIoU | mHD95 |  mAcc | mFscore | mPrecision | mRecall | mDice |
+-------+-------+-------+-------+---------+------------+---------+-------+
| 98.69 | 80.54 |  10.1 | 83.59 |   88.1  |   94.12    |  83.59  |  88.1 |
+-------+-------+-------+-------+---------+------------+---------+-------+
2025-11-17 23:14:31,994 - mmseg - INFO - Exp name: segformer.py
2025-11-17 23:14:31,994 - mmseg - INFO - Iter(val) [64]	aAcc: 0.9869, mIoU: 0.8054, mHD95: 0.1010, mAcc: 0.8359, mFscore: 0.8810, mPrecision: 0.9412, mRecall: 0.8359, mDice: 0.8810, IoU.background: 0.9866, IoU.Lesion: 0.6242, HD95.background: 0.0748, HD95.Lesion: 0.1273, Acc.background: 0.9973, Acc.Lesion: 0.6746, Fscore.background: 0.9933, Fscore.Lesion: 0.7687, Precision.background: 0.9892, Precision.Lesion: 0.8932, Recall.background: 0.9973, Recall.Lesion: 0.6746, Dice.background: 0.9933, Dice.Lesion: 0.7687
2025-11-17 23:14:36,887 - mmseg - INFO - Iter [6050/10000]	lr: 4.392e-04, eta: 0:07:08, time: 0.306, data_time: 0.213, memory: 2306, decode.loss_ce: 0.0928, decode.loss_dice: 0.2466, decode.acc_seg: 98.5713, loss: 0.3394
2025-11-17 23:14:41,718 - mmseg - INFO - Iter [6100/10000]	lr: 4.343e-04, eta: 0:07:02, time: 0.097, data_time: 0.005, memory: 2306, decode.loss_ce: 0.0770, decode.loss_dice: 0.2368, decode.acc_seg: 98.8118, loss: 0.3138
2025-11-17 23:14:46,626 - mmseg - INFO - Iter [6150/10000]	lr: 4.294e-04, eta: 0:06:56, time: 0.098, data_time: 0.005, memory: 2306, decode.loss_ce: 0.0707, decode.loss_dice: 0.2238, decode.acc_seg: 98.9289, loss: 0.2945
2025-11-17 23:14:51,726 - mmseg - INFO - Iter [6200/10000]	lr: 4.245e-04, eta: 0:06:50, time: 0.102, data_time: 0.005, memory: 2306, decode.loss_ce: 0.0589, decode.loss_dice: 0.2071, decode.acc_seg: 99.0645, loss: 0.2661
2025-11-17 23:14:56,792 - mmseg - INFO - Iter [6250/10000]	lr: 4.196e-04, eta: 0:06:45, time: 0.101, data_time: 0.005, memory: 2306, decode.loss_ce: 0.0759, decode.loss_dice: 0.2313, decode.acc_seg: 98.8590, loss: 0.3072
2025-11-17 23:15:01,881 - mmseg - INFO - Iter [6300/10000]	lr: 4.147e-04, eta: 0:06:39, time: 0.102, data_time: 0.005, memory: 2306, decode.loss_ce: 0.0854, decode.loss_dice: 0.2338, decode.acc_seg: 98.7146, loss: 0.3192
2025-11-17 23:15:06,929 - mmseg - INFO - Iter [6350/10000]	lr: 4.098e-04, eta: 0:06:34, time: 0.101, data_time: 0.005, memory: 2306, decode.loss_ce: 0.0772, decode.loss_dice: 0.2146, decode.acc_seg: 98.9864, loss: 0.2918
2025-11-17 23:15:11,995 - mmseg - INFO - Iter [6400/10000]	lr: 4.048e-04, eta: 0:06:28, time: 0.101, data_time: 0.005, memory: 2306, decode.loss_ce: 0.0880, decode.loss_dice: 0.2385, decode.acc_seg: 98.5756, loss: 0.3266
2025-11-17 23:15:17,038 - mmseg - INFO - Iter [6450/10000]	lr: 3.999e-04, eta: 0:06:22, time: 0.101, data_time: 0.005, memory: 2306, decode.loss_ce: 0.0745, decode.loss_dice: 0.2512, decode.acc_seg: 98.8422, loss: 0.3257
2025-11-17 23:15:22,094 - mmseg - INFO - Iter [6500/10000]	lr: 3.950e-04, eta: 0:06:17, time: 0.101, data_time: 0.006, memory: 2306, decode.loss_ce: 0.0613, decode.loss_dice: 0.1973, decode.acc_seg: 99.0899, loss: 0.2586
2025-11-17 23:15:27,108 - mmseg - INFO - Iter [6550/10000]	lr: 3.900e-04, eta: 0:06:11, time: 0.100, data_time: 0.005, memory: 2306, decode.loss_ce: 0.0660, decode.loss_dice: 0.2443, decode.acc_seg: 98.9625, loss: 0.3103
2025-11-17 23:15:32,139 - mmseg - INFO - Iter [6600/10000]	lr: 3.850e-04, eta: 0:06:06, time: 0.101, data_time: 0.005, memory: 2306, decode.loss_ce: 0.0620, decode.loss_dice: 0.2147, decode.acc_seg: 99.0202, loss: 0.2766
2025-11-17 23:15:37,235 - mmseg - INFO - Iter [6650/10000]	lr: 3.801e-04, eta: 0:06:00, time: 0.102, data_time: 0.005, memory: 2306, decode.loss_ce: 0.0763, decode.loss_dice: 0.2226, decode.acc_seg: 98.7413, loss: 0.2990
2025-11-17 23:15:42,241 - mmseg - INFO - Iter [6700/10000]	lr: 3.751e-04, eta: 0:05:55, time: 0.100, data_time: 0.005, memory: 2306, decode.loss_ce: 0.0523, decode.loss_dice: 0.2177, decode.acc_seg: 99.1700, loss: 0.2700
2025-11-17 23:15:47,361 - mmseg - INFO - Iter [6750/10000]	lr: 3.701e-04, eta: 0:05:49, time: 0.102, data_time: 0.005, memory: 2306, decode.loss_ce: 0.0678, decode.loss_dice: 0.2296, decode.acc_seg: 98.9769, loss: 0.2974
2025-11-17 23:15:52,445 - mmseg - INFO - Iter [6800/10000]	lr: 3.651e-04, eta: 0:05:44, time: 0.102, data_time: 0.005, memory: 2306, decode.loss_ce: 0.0740, decode.loss_dice: 0.2341, decode.acc_seg: 98.8871, loss: 0.3082
2025-11-17 23:15:57,351 - mmseg - INFO - Iter [6850/10000]	lr: 3.601e-04, eta: 0:05:38, time: 0.098, data_time: 0.005, memory: 2306, decode.loss_ce: 0.0885, decode.loss_dice: 0.2384, decode.acc_seg: 98.7973, loss: 0.3269
2025-11-17 23:16:02,157 - mmseg - INFO - Iter [6900/10000]	lr: 3.551e-04, eta: 0:05:32, time: 0.096, data_time: 0.005, memory: 2306, decode.loss_ce: 0.0698, decode.loss_dice: 0.1987, decode.acc_seg: 98.9218, loss: 0.2685
2025-11-17 23:16:07,014 - mmseg - INFO - Iter [6950/10000]	lr: 3.501e-04, eta: 0:05:27, time: 0.097, data_time: 0.005, memory: 2306, decode.loss_ce: 0.0822, decode.loss_dice: 0.2443, decode.acc_seg: 98.6042, loss: 0.3265
2025-11-17 23:16:11,854 - mmseg - INFO - Exp name: segformer.py
2025-11-17 23:16:11,854 - mmseg - INFO - Iter [7000/10000]	lr: 3.451e-04, eta: 0:05:21, time: 0.097, data_time: 0.005, memory: 2306, decode.loss_ce: 0.1035, decode.loss_dice: 0.2487, decode.acc_seg: 98.2703, loss: 0.3522
2025-11-17 23:16:22,358 - mmseg - INFO - per class results:
2025-11-17 23:16:22,363 - mmseg - INFO - 
+------------+-------+-------+-------+--------+-----------+--------+-------+
|   Class    |  IoU  |  HD95 |  Acc  | Fscore | Precision | Recall |  Dice |
+------------+-------+-------+-------+--------+-----------+--------+-------+
| background | 98.66 |  7.48 | 99.72 | 99.32  |   98.94   | 99.72  | 99.32 |
|   Lesion   |  62.5 | 12.67 | 67.83 | 76.92  |   88.83   | 67.83  | 76.92 |
+------------+-------+-------+-------+--------+-----------+--------+-------+
2025-11-17 23:16:22,363 - mmseg - INFO - Summary:
2025-11-17 23:16:22,364 - mmseg - INFO - 
+-------+-------+-------+-------+---------+------------+---------+-------+
|  aAcc |  mIoU | mHD95 |  mAcc | mFscore | mPrecision | mRecall | mDice |
+-------+-------+-------+-------+---------+------------+---------+-------+
| 98.69 | 80.58 | 10.07 | 83.77 |  88.12  |   93.88    |  83.77  | 88.12 |
+-------+-------+-------+-------+---------+------------+---------+-------+
2025-11-17 23:16:22,366 - mmseg - INFO - Exp name: segformer.py
2025-11-17 23:16:22,366 - mmseg - INFO - Iter(val) [64]	aAcc: 0.9869, mIoU: 0.8058, mHD95: 0.1007, mAcc: 0.8377, mFscore: 0.8812, mPrecision: 0.9388, mRecall: 0.8377, mDice: 0.8812, IoU.background: 0.9866, IoU.Lesion: 0.6250, HD95.background: 0.0748, HD95.Lesion: 0.1267, Acc.background: 0.9972, Acc.Lesion: 0.6783, Fscore.background: 0.9932, Fscore.Lesion: 0.7692, Precision.background: 0.9894, Precision.Lesion: 0.8883, Recall.background: 0.9972, Recall.Lesion: 0.6783, Dice.background: 0.9932, Dice.Lesion: 0.7692
2025-11-17 23:16:27,465 - mmseg - INFO - Iter [7050/10000]	lr: 3.401e-04, eta: 0:05:20, time: 0.312, data_time: 0.215, memory: 2306, decode.loss_ce: 0.0712, decode.loss_dice: 0.2258, decode.acc_seg: 98.8756, loss: 0.2970
2025-11-17 23:16:32,352 - mmseg - INFO - Iter [7100/10000]	lr: 3.350e-04, eta: 0:05:14, time: 0.098, data_time: 0.005, memory: 2306, decode.loss_ce: 0.0849, decode.loss_dice: 0.2446, decode.acc_seg: 98.7485, loss: 0.3295
2025-11-17 23:16:39,460 - mmseg - INFO - Iter [7150/10000]	lr: 3.300e-04, eta: 0:05:10, time: 0.142, data_time: 0.049, memory: 2306, decode.loss_ce: 0.0676, decode.loss_dice: 0.2278, decode.acc_seg: 98.9853, loss: 0.2954
2025-11-17 23:16:44,379 - mmseg - INFO - Iter [7200/10000]	lr: 3.249e-04, eta: 0:05:04, time: 0.098, data_time: 0.005, memory: 2306, decode.loss_ce: 0.0800, decode.loss_dice: 0.2285, decode.acc_seg: 98.7459, loss: 0.3085
2025-11-17 23:16:49,420 - mmseg - INFO - Iter [7250/10000]	lr: 3.199e-04, eta: 0:04:58, time: 0.101, data_time: 0.005, memory: 2306, decode.loss_ce: 0.0898, decode.loss_dice: 0.2259, decode.acc_seg: 98.5524, loss: 0.3156
2025-11-17 23:16:54,498 - mmseg - INFO - Iter [7300/10000]	lr: 3.148e-04, eta: 0:04:53, time: 0.102, data_time: 0.005, memory: 2306, decode.loss_ce: 0.0787, decode.loss_dice: 0.2464, decode.acc_seg: 98.7071, loss: 0.3251
2025-11-17 23:16:59,707 - mmseg - INFO - Iter [7350/10000]	lr: 3.097e-04, eta: 0:04:47, time: 0.104, data_time: 0.005, memory: 2306, decode.loss_ce: 0.0534, decode.loss_dice: 0.1995, decode.acc_seg: 99.1798, loss: 0.2529
2025-11-17 23:17:04,849 - mmseg - INFO - Iter [7400/10000]	lr: 3.046e-04, eta: 0:04:42, time: 0.103, data_time: 0.005, memory: 2306, decode.loss_ce: 0.0714, decode.loss_dice: 0.2339, decode.acc_seg: 98.9254, loss: 0.3052
2025-11-17 23:17:09,864 - mmseg - INFO - Iter [7450/10000]	lr: 2.995e-04, eta: 0:04:36, time: 0.100, data_time: 0.005, memory: 2306, decode.loss_ce: 0.0644, decode.loss_dice: 0.2142, decode.acc_seg: 99.0051, loss: 0.2786
2025-11-17 23:17:14,997 - mmseg - INFO - Iter [7500/10000]	lr: 2.944e-04, eta: 0:04:31, time: 0.103, data_time: 0.005, memory: 2306, decode.loss_ce: 0.0575, decode.loss_dice: 0.2050, decode.acc_seg: 99.0496, loss: 0.2625
2025-11-17 23:17:20,026 - mmseg - INFO - Iter [7550/10000]	lr: 2.893e-04, eta: 0:04:25, time: 0.101, data_time: 0.005, memory: 2306, decode.loss_ce: 0.0802, decode.loss_dice: 0.2422, decode.acc_seg: 98.7241, loss: 0.3223
2025-11-17 23:17:25,012 - mmseg - INFO - Iter [7600/10000]	lr: 2.841e-04, eta: 0:04:20, time: 0.100, data_time: 0.005, memory: 2306, decode.loss_ce: 0.0961, decode.loss_dice: 0.2250, decode.acc_seg: 98.5515, loss: 0.3211
2025-11-17 23:17:29,908 - mmseg - INFO - Iter [7650/10000]	lr: 2.790e-04, eta: 0:04:14, time: 0.098, data_time: 0.005, memory: 2306, decode.loss_ce: 0.0712, decode.loss_dice: 0.2243, decode.acc_seg: 98.8984, loss: 0.2955
2025-11-17 23:17:35,015 - mmseg - INFO - Iter [7700/10000]	lr: 2.739e-04, eta: 0:04:09, time: 0.102, data_time: 0.005, memory: 2306, decode.loss_ce: 0.0777, decode.loss_dice: 0.2125, decode.acc_seg: 98.7340, loss: 0.2902
2025-11-17 23:17:40,214 - mmseg - INFO - Iter [7750/10000]	lr: 2.687e-04, eta: 0:04:03, time: 0.104, data_time: 0.005, memory: 2306, decode.loss_ce: 0.0856, decode.loss_dice: 0.2238, decode.acc_seg: 98.6398, loss: 0.3094
2025-11-17 23:17:45,316 - mmseg - INFO - Iter [7800/10000]	lr: 2.635e-04, eta: 0:03:58, time: 0.102, data_time: 0.005, memory: 2306, decode.loss_ce: 0.0616, decode.loss_dice: 0.2244, decode.acc_seg: 99.0781, loss: 0.2859
2025-11-17 23:17:50,382 - mmseg - INFO - Iter [7850/10000]	lr: 2.583e-04, eta: 0:03:52, time: 0.101, data_time: 0.005, memory: 2306, decode.loss_ce: 0.0500, decode.loss_dice: 0.2109, decode.acc_seg: 99.2068, loss: 0.2609
2025-11-17 23:17:55,550 - mmseg - INFO - Iter [7900/10000]	lr: 2.531e-04, eta: 0:03:47, time: 0.103, data_time: 0.005, memory: 2306, decode.loss_ce: 0.0877, decode.loss_dice: 0.2479, decode.acc_seg: 98.5352, loss: 0.3356
2025-11-17 23:18:00,635 - mmseg - INFO - Iter [7950/10000]	lr: 2.479e-04, eta: 0:03:41, time: 0.102, data_time: 0.005, memory: 2306, decode.loss_ce: 0.0633, decode.loss_dice: 0.2115, decode.acc_seg: 99.0140, loss: 0.2748
2025-11-17 23:18:05,774 - mmseg - INFO - Exp name: segformer.py
2025-11-17 23:18:05,774 - mmseg - INFO - Iter [8000/10000]	lr: 2.427e-04, eta: 0:03:36, time: 0.103, data_time: 0.005, memory: 2306, decode.loss_ce: 0.0708, decode.loss_dice: 0.2255, decode.acc_seg: 98.8585, loss: 0.2963
2025-11-17 23:18:14,961 - mmseg - INFO - per class results:
2025-11-17 23:18:14,963 - mmseg - INFO - 
+------------+-------+-------+-------+--------+-----------+--------+-------+
|   Class    |  IoU  |  HD95 |  Acc  | Fscore | Precision | Recall |  Dice |
+------------+-------+-------+-------+--------+-----------+--------+-------+
| background | 98.56 |  7.51 | 99.79 | 99.27  |   98.76   | 99.79  | 99.27 |
|   Lesion   | 58.73 | 13.57 | 62.38 |  74.0  |   90.95   | 62.38  |  74.0 |
+------------+-------+-------+-------+--------+-----------+--------+-------+
2025-11-17 23:18:14,963 - mmseg - INFO - Summary:
2025-11-17 23:18:14,963 - mmseg - INFO - 
+-------+-------+-------+-------+---------+------------+---------+-------+
|  aAcc |  mIoU | mHD95 |  mAcc | mFscore | mPrecision | mRecall | mDice |
+-------+-------+-------+-------+---------+------------+---------+-------+
| 98.59 | 78.65 | 10.54 | 81.09 |  86.64  |   94.86    |  81.09  | 86.64 |
+-------+-------+-------+-------+---------+------------+---------+-------+
2025-11-17 23:18:14,965 - mmseg - INFO - Exp name: segformer.py
2025-11-17 23:18:14,965 - mmseg - INFO - Iter(val) [64]	aAcc: 0.9859, mIoU: 0.7865, mHD95: 0.1054, mAcc: 0.8109, mFscore: 0.8664, mPrecision: 0.9486, mRecall: 0.8109, mDice: 0.8664, IoU.background: 0.9856, IoU.Lesion: 0.5873, HD95.background: 0.0751, HD95.Lesion: 0.1357, Acc.background: 0.9979, Acc.Lesion: 0.6238, Fscore.background: 0.9927, Fscore.Lesion: 0.7400, Precision.background: 0.9876, Precision.Lesion: 0.9095, Recall.background: 0.9979, Recall.Lesion: 0.6238, Dice.background: 0.9927, Dice.Lesion: 0.7400
2025-11-17 23:18:19,839 - mmseg - INFO - Iter [8050/10000]	lr: 2.374e-04, eta: 0:03:32, time: 0.281, data_time: 0.189, memory: 2306, decode.loss_ce: 0.0847, decode.loss_dice: 0.2352, decode.acc_seg: 98.7083, loss: 0.3199
2025-11-17 23:18:24,880 - mmseg - INFO - Iter [8100/10000]	lr: 2.322e-04, eta: 0:03:27, time: 0.101, data_time: 0.005, memory: 2306, decode.loss_ce: 0.0630, decode.loss_dice: 0.2156, decode.acc_seg: 99.0137, loss: 0.2786
2025-11-17 23:18:29,995 - mmseg - INFO - Iter [8150/10000]	lr: 2.269e-04, eta: 0:03:21, time: 0.102, data_time: 0.005, memory: 2306, decode.loss_ce: 0.0691, decode.loss_dice: 0.2198, decode.acc_seg: 98.8660, loss: 0.2889
2025-11-17 23:18:35,094 - mmseg - INFO - Iter [8200/10000]	lr: 2.216e-04, eta: 0:03:16, time: 0.102, data_time: 0.005, memory: 2306, decode.loss_ce: 0.0605, decode.loss_dice: 0.2119, decode.acc_seg: 98.9891, loss: 0.2723
2025-11-17 23:18:40,256 - mmseg - INFO - Iter [8250/10000]	lr: 2.163e-04, eta: 0:03:10, time: 0.103, data_time: 0.005, memory: 2306, decode.loss_ce: 0.0954, decode.loss_dice: 0.2282, decode.acc_seg: 98.5140, loss: 0.3236
2025-11-17 23:18:45,342 - mmseg - INFO - Iter [8300/10000]	lr: 2.110e-04, eta: 0:03:05, time: 0.102, data_time: 0.005, memory: 2306, decode.loss_ce: 0.0699, decode.loss_dice: 0.2437, decode.acc_seg: 98.9219, loss: 0.3136
2025-11-17 23:18:50,371 - mmseg - INFO - Iter [8350/10000]	lr: 2.057e-04, eta: 0:02:59, time: 0.101, data_time: 0.005, memory: 2306, decode.loss_ce: 0.0792, decode.loss_dice: 0.2113, decode.acc_seg: 98.6999, loss: 0.2905
2025-11-17 23:18:55,379 - mmseg - INFO - Iter [8400/10000]	lr: 2.004e-04, eta: 0:02:54, time: 0.100, data_time: 0.005, memory: 2306, decode.loss_ce: 0.0835, decode.loss_dice: 0.2323, decode.acc_seg: 98.6440, loss: 0.3159
2025-11-17 23:19:00,388 - mmseg - INFO - Iter [8450/10000]	lr: 1.950e-04, eta: 0:02:48, time: 0.100, data_time: 0.005, memory: 2306, decode.loss_ce: 0.0644, decode.loss_dice: 0.2272, decode.acc_seg: 99.0062, loss: 0.2916
2025-11-17 23:19:05,552 - mmseg - INFO - Iter [8500/10000]	lr: 1.896e-04, eta: 0:02:43, time: 0.103, data_time: 0.005, memory: 2306, decode.loss_ce: 0.0791, decode.loss_dice: 0.2355, decode.acc_seg: 98.8622, loss: 0.3146
2025-11-17 23:19:13,000 - mmseg - INFO - Iter [8550/10000]	lr: 1.842e-04, eta: 0:02:38, time: 0.149, data_time: 0.049, memory: 2306, decode.loss_ce: 0.0562, decode.loss_dice: 0.2044, decode.acc_seg: 99.0999, loss: 0.2606
2025-11-17 23:19:18,089 - mmseg - INFO - Iter [8600/10000]	lr: 1.788e-04, eta: 0:02:32, time: 0.102, data_time: 0.005, memory: 2306, decode.loss_ce: 0.1016, decode.loss_dice: 0.2255, decode.acc_seg: 98.4686, loss: 0.3271
2025-11-17 23:19:23,034 - mmseg - INFO - Iter [8650/10000]	lr: 1.734e-04, eta: 0:02:26, time: 0.099, data_time: 0.005, memory: 2306, decode.loss_ce: 0.0801, decode.loss_dice: 0.2146, decode.acc_seg: 98.8533, loss: 0.2947
2025-11-17 23:19:27,823 - mmseg - INFO - Iter [8700/10000]	lr: 1.679e-04, eta: 0:02:21, time: 0.096, data_time: 0.005, memory: 2306, decode.loss_ce: 0.0741, decode.loss_dice: 0.2255, decode.acc_seg: 98.7230, loss: 0.2996
2025-11-17 23:19:32,589 - mmseg - INFO - Iter [8750/10000]	lr: 1.625e-04, eta: 0:02:15, time: 0.095, data_time: 0.005, memory: 2306, decode.loss_ce: 0.0770, decode.loss_dice: 0.2091, decode.acc_seg: 98.8481, loss: 0.2861
2025-11-17 23:19:37,437 - mmseg - INFO - Iter [8800/10000]	lr: 1.570e-04, eta: 0:02:10, time: 0.097, data_time: 0.005, memory: 2306, decode.loss_ce: 0.0727, decode.loss_dice: 0.2253, decode.acc_seg: 98.8523, loss: 0.2980
2025-11-17 23:19:42,268 - mmseg - INFO - Iter [8850/10000]	lr: 1.515e-04, eta: 0:02:04, time: 0.097, data_time: 0.005, memory: 2306, decode.loss_ce: 0.0658, decode.loss_dice: 0.2203, decode.acc_seg: 98.9295, loss: 0.2861
2025-11-17 23:19:47,046 - mmseg - INFO - Iter [8900/10000]	lr: 1.459e-04, eta: 0:01:59, time: 0.096, data_time: 0.005, memory: 2306, decode.loss_ce: 0.0779, decode.loss_dice: 0.2136, decode.acc_seg: 98.8083, loss: 0.2915
2025-11-17 23:19:51,876 - mmseg - INFO - Iter [8950/10000]	lr: 1.403e-04, eta: 0:01:53, time: 0.097, data_time: 0.005, memory: 2306, decode.loss_ce: 0.0547, decode.loss_dice: 0.2087, decode.acc_seg: 99.1387, loss: 0.2635
2025-11-17 23:19:56,809 - mmseg - INFO - Exp name: segformer.py
2025-11-17 23:19:56,809 - mmseg - INFO - Iter [9000/10000]	lr: 1.347e-04, eta: 0:01:48, time: 0.099, data_time: 0.005, memory: 2306, decode.loss_ce: 0.0510, decode.loss_dice: 0.2012, decode.acc_seg: 99.1813, loss: 0.2521
2025-11-17 23:20:06,028 - mmseg - INFO - per class results:
2025-11-17 23:20:06,029 - mmseg - INFO - 
+------------+-------+-------+-------+--------+-----------+--------+-------+
|   Class    |  IoU  |  HD95 |  Acc  | Fscore | Precision | Recall |  Dice |
+------------+-------+-------+-------+--------+-----------+--------+-------+
| background | 98.72 |  7.47 |  99.7 | 99.36  |   99.01   |  99.7  | 99.36 |
|   Lesion   | 64.44 | 12.26 | 70.24 | 78.37  |   88.63   | 70.24  | 78.37 |
+------------+-------+-------+-------+--------+-----------+--------+-------+
2025-11-17 23:20:06,029 - mmseg - INFO - Summary:
2025-11-17 23:20:06,030 - mmseg - INFO - 
+-------+-------+-------+-------+---------+------------+---------+-------+
|  aAcc |  mIoU | mHD95 |  mAcc | mFscore | mPrecision | mRecall | mDice |
+-------+-------+-------+-------+---------+------------+---------+-------+
| 98.75 | 81.58 |  9.87 | 84.97 |  88.86  |   93.82    |  84.97  | 88.86 |
+-------+-------+-------+-------+---------+------------+---------+-------+
2025-11-17 23:20:06,032 - mmseg - INFO - Exp name: segformer.py
2025-11-17 23:20:06,033 - mmseg - INFO - Iter(val) [64]	aAcc: 0.9875, mIoU: 0.8158, mHD95: 0.0987, mAcc: 0.8497, mFscore: 0.8886, mPrecision: 0.9382, mRecall: 0.8497, mDice: 0.8886, IoU.background: 0.9872, IoU.Lesion: 0.6444, HD95.background: 0.0747, HD95.Lesion: 0.1226, Acc.background: 0.9970, Acc.Lesion: 0.7024, Fscore.background: 0.9936, Fscore.Lesion: 0.7837, Precision.background: 0.9901, Precision.Lesion: 0.8863, Recall.background: 0.9970, Recall.Lesion: 0.7024, Dice.background: 0.9936, Dice.Lesion: 0.7837
2025-11-17 23:20:10,789 - mmseg - INFO - Iter [9050/10000]	lr: 1.291e-04, eta: 0:01:43, time: 0.280, data_time: 0.189, memory: 2306, decode.loss_ce: 0.0947, decode.loss_dice: 0.2543, decode.acc_seg: 98.5621, loss: 0.3490
2025-11-17 23:20:15,608 - mmseg - INFO - Iter [9100/10000]	lr: 1.235e-04, eta: 0:01:38, time: 0.096, data_time: 0.005, memory: 2306, decode.loss_ce: 0.0664, decode.loss_dice: 0.2157, decode.acc_seg: 98.9782, loss: 0.2820
2025-11-17 23:20:20,531 - mmseg - INFO - Iter [9150/10000]	lr: 1.178e-04, eta: 0:01:32, time: 0.098, data_time: 0.005, memory: 2306, decode.loss_ce: 0.0823, decode.loss_dice: 0.2365, decode.acc_seg: 98.7765, loss: 0.3188
2025-11-17 23:20:25,330 - mmseg - INFO - Iter [9200/10000]	lr: 1.121e-04, eta: 0:01:27, time: 0.096, data_time: 0.005, memory: 2306, decode.loss_ce: 0.0608, decode.loss_dice: 0.2153, decode.acc_seg: 99.0644, loss: 0.2760
2025-11-17 23:20:30,062 - mmseg - INFO - Iter [9250/10000]	lr: 1.063e-04, eta: 0:01:21, time: 0.095, data_time: 0.005, memory: 2306, decode.loss_ce: 0.0782, decode.loss_dice: 0.2178, decode.acc_seg: 98.7431, loss: 0.2960
2025-11-17 23:20:34,844 - mmseg - INFO - Iter [9300/10000]	lr: 1.005e-04, eta: 0:01:16, time: 0.096, data_time: 0.005, memory: 2306, decode.loss_ce: 0.0509, decode.loss_dice: 0.1950, decode.acc_seg: 99.1629, loss: 0.2459
2025-11-17 23:20:39,694 - mmseg - INFO - Iter [9350/10000]	lr: 9.470e-05, eta: 0:01:10, time: 0.097, data_time: 0.005, memory: 2306, decode.loss_ce: 0.0665, decode.loss_dice: 0.2177, decode.acc_seg: 98.9550, loss: 0.2842
2025-11-17 23:20:44,512 - mmseg - INFO - Iter [9400/10000]	lr: 8.882e-05, eta: 0:01:05, time: 0.096, data_time: 0.005, memory: 2306, decode.loss_ce: 0.0643, decode.loss_dice: 0.2186, decode.acc_seg: 98.8927, loss: 0.2829
2025-11-17 23:20:49,307 - mmseg - INFO - Iter [9450/10000]	lr: 8.289e-05, eta: 0:00:59, time: 0.096, data_time: 0.005, memory: 2306, decode.loss_ce: 0.0717, decode.loss_dice: 0.2195, decode.acc_seg: 98.9323, loss: 0.2913
2025-11-17 23:20:54,164 - mmseg - INFO - Iter [9500/10000]	lr: 7.691e-05, eta: 0:00:54, time: 0.097, data_time: 0.005, memory: 2306, decode.loss_ce: 0.0724, decode.loss_dice: 0.2300, decode.acc_seg: 98.7582, loss: 0.3024
2025-11-17 23:20:59,081 - mmseg - INFO - Iter [9550/10000]	lr: 7.087e-05, eta: 0:00:48, time: 0.098, data_time: 0.005, memory: 2306, decode.loss_ce: 0.0759, decode.loss_dice: 0.2227, decode.acc_seg: 98.7589, loss: 0.2985
2025-11-17 23:21:04,028 - mmseg - INFO - Iter [9600/10000]	lr: 6.476e-05, eta: 0:00:43, time: 0.099, data_time: 0.005, memory: 2306, decode.loss_ce: 0.0760, decode.loss_dice: 0.2356, decode.acc_seg: 98.8983, loss: 0.3116
2025-11-17 23:21:08,891 - mmseg - INFO - Iter [9650/10000]	lr: 5.857e-05, eta: 0:00:37, time: 0.097, data_time: 0.005, memory: 2306, decode.loss_ce: 0.0792, decode.loss_dice: 0.2277, decode.acc_seg: 98.7926, loss: 0.3069
2025-11-17 23:21:13,771 - mmseg - INFO - Iter [9700/10000]	lr: 5.230e-05, eta: 0:00:32, time: 0.098, data_time: 0.005, memory: 2306, decode.loss_ce: 0.0668, decode.loss_dice: 0.2167, decode.acc_seg: 98.9156, loss: 0.2835
2025-11-17 23:21:18,648 - mmseg - INFO - Iter [9750/10000]	lr: 4.592e-05, eta: 0:00:27, time: 0.098, data_time: 0.005, memory: 2306, decode.loss_ce: 0.0634, decode.loss_dice: 0.2188, decode.acc_seg: 98.9967, loss: 0.2821
2025-11-17 23:21:23,476 - mmseg - INFO - Iter [9800/10000]	lr: 3.941e-05, eta: 0:00:21, time: 0.097, data_time: 0.005, memory: 2306, decode.loss_ce: 0.0630, decode.loss_dice: 0.2236, decode.acc_seg: 99.0773, loss: 0.2867
2025-11-17 23:21:28,419 - mmseg - INFO - Iter [9850/10000]	lr: 3.274e-05, eta: 0:00:16, time: 0.099, data_time: 0.005, memory: 2306, decode.loss_ce: 0.0783, decode.loss_dice: 0.2068, decode.acc_seg: 98.7045, loss: 0.2852
2025-11-17 23:21:33,378 - mmseg - INFO - Iter [9900/10000]	lr: 2.583e-05, eta: 0:00:10, time: 0.099, data_time: 0.005, memory: 2306, decode.loss_ce: 0.0783, decode.loss_dice: 0.2388, decode.acc_seg: 98.7587, loss: 0.3171
2025-11-17 23:21:40,472 - mmseg - INFO - Iter [9950/10000]	lr: 1.856e-05, eta: 0:00:05, time: 0.142, data_time: 0.049, memory: 2306, decode.loss_ce: 0.0691, decode.loss_dice: 0.2133, decode.acc_seg: 98.9499, loss: 0.2824
2025-11-17 23:21:45,311 - mmseg - INFO - Saving checkpoint at 10000 iterations
2025-11-17 23:21:45,377 - mmseg - INFO - Exp name: segformer.py
2025-11-17 23:21:45,377 - mmseg - INFO - Iter [10000/10000]	lr: 1.025e-05, eta: 0:00:00, time: 0.098, data_time: 0.005, memory: 2306, decode.loss_ce: 0.0672, decode.loss_dice: 0.2075, decode.acc_seg: 98.9797, loss: 0.2747
2025-11-17 23:21:54,903 - mmseg - INFO - per class results:
2025-11-17 23:21:54,905 - mmseg - INFO - 
+------------+-------+-------+-------+--------+-----------+--------+-------+
|   Class    |  IoU  |  HD95 |  Acc  | Fscore | Precision | Recall |  Dice |
+------------+-------+-------+-------+--------+-----------+--------+-------+
| background | 98.66 |  7.48 | 99.74 | 99.33  |   98.91   | 99.74  | 99.33 |
|   Lesion   | 62.32 | 12.78 | 67.11 | 76.79  |   89.71   | 67.11  | 76.79 |
+------------+-------+-------+-------+--------+-----------+--------+-------+
2025-11-17 23:21:54,905 - mmseg - INFO - Summary:
2025-11-17 23:21:54,905 - mmseg - INFO - 
+-------+-------+-------+-------+---------+------------+---------+-------+
|  aAcc |  mIoU | mHD95 |  mAcc | mFscore | mPrecision | mRecall | mDice |
+-------+-------+-------+-------+---------+------------+---------+-------+
| 98.69 | 80.49 | 10.13 | 83.43 |  88.06  |   94.31    |  83.43  | 88.06 |
+-------+-------+-------+-------+---------+------------+---------+-------+
2025-11-17 23:21:54,907 - mmseg - INFO - Exp name: segformer.py
2025-11-17 23:21:54,907 - mmseg - INFO - Iter(val) [64]	aAcc: 0.9869, mIoU: 0.8049, mHD95: 0.1013, mAcc: 0.8343, mFscore: 0.8806, mPrecision: 0.9431, mRecall: 0.8343, mDice: 0.8806, IoU.background: 0.9866, IoU.Lesion: 0.6232, HD95.background: 0.0748, HD95.Lesion: 0.1278, Acc.background: 0.9974, Acc.Lesion: 0.6711, Fscore.background: 0.9933, Fscore.Lesion: 0.7679, Precision.background: 0.9891, Precision.Lesion: 0.8971, Recall.background: 0.9974, Recall.Lesion: 0.6711, Dice.background: 0.9933, Dice.Lesion: 0.7679
