2025-11-18 00:36:41,557 - mmseg - INFO - Multi-processing start method is `None`
2025-11-18 00:36:41,558 - mmseg - INFO - OpenCV num_threads is `112
2025-11-18 00:36:41,680 - mmseg - INFO - Environment info:
------------------------------------------------------------
sys.platform: linux
Python: 3.8.20 (default, Oct  3 2024, 15:24:27) [GCC 11.2.0]
CUDA available: True
GPU 0: NVIDIA GeForce RTX 3090
CUDA_HOME: /usr/local/cuda
NVCC: Cuda compilation tools, release 11.7, V11.7.64
GCC: gcc (Ubuntu 9.4.0-1ubuntu1~20.04.2) 9.4.0
PyTorch: 1.10.0+cu113
PyTorch compiling details: PyTorch built with:
  - GCC 7.3
  - C++ Version: 201402
  - Intel(R) Math Kernel Library Version 2020.0.0 Product Build 20191122 for Intel(R) 64 architecture applications
  - Intel(R) MKL-DNN v2.2.3 (Git Hash 7336ca9f055cf1bfa13efb658fe15dc9b41f0740)
  - OpenMP 201511 (a.k.a. OpenMP 4.5)
  - LAPACK is enabled (usually provided by MKL)
  - NNPACK is enabled
  - CPU capability usage: AVX512
  - CUDA Runtime 11.3
  - NVCC architecture flags: -gencode;arch=compute_37,code=sm_37;-gencode;arch=compute_50,code=sm_50;-gencode;arch=compute_60,code=sm_60;-gencode;arch=compute_70,code=sm_70;-gencode;arch=compute_75,code=sm_75;-gencode;arch=compute_80,code=sm_80;-gencode;arch=compute_86,code=sm_86
  - CuDNN 8.2
  - Magma 2.5.2
  - Build settings: BLAS_INFO=mkl, BUILD_TYPE=Release, CUDA_VERSION=11.3, CUDNN_VERSION=8.2.0, CXX_COMPILER=/opt/rh/devtoolset-7/root/usr/bin/c++, CXX_FLAGS= -Wno-deprecated -fvisibility-inlines-hidden -DUSE_PTHREADPOOL -fopenmp -DNDEBUG -DUSE_KINETO -DUSE_FBGEMM -DUSE_QNNPACK -DUSE_PYTORCH_QNNPACK -DUSE_XNNPACK -DSYMBOLICATE_MOBILE_DEBUG_HANDLE -DEDGE_PROFILER_USE_KINETO -O2 -fPIC -Wno-narrowing -Wall -Wextra -Werror=return-type -Wno-missing-field-initializers -Wno-type-limits -Wno-array-bounds -Wno-unknown-pragmas -Wno-sign-compare -Wno-unused-parameter -Wno-unused-variable -Wno-unused-function -Wno-unused-result -Wno-unused-local-typedefs -Wno-strict-overflow -Wno-strict-aliasing -Wno-error=deprecated-declarations -Wno-stringop-overflow -Wno-psabi -Wno-error=pedantic -Wno-error=redundant-decls -Wno-error=old-style-cast -fdiagnostics-color=always -faligned-new -Wno-unused-but-set-variable -Wno-maybe-uninitialized -fno-math-errno -fno-trapping-math -Werror=format -Wno-stringop-overflow, LAPACK_INFO=mkl, PERF_WITH_AVX=1, PERF_WITH_AVX2=1, PERF_WITH_AVX512=1, TORCH_VERSION=1.10.0, USE_CUDA=ON, USE_CUDNN=ON, USE_EXCEPTION_PTR=1, USE_GFLAGS=OFF, USE_GLOG=OFF, USE_MKL=ON, USE_MKLDNN=ON, USE_MPI=OFF, USE_NCCL=ON, USE_NNPACK=ON, USE_OPENMP=ON, 

TorchVision: 0.11.1+cu113
OpenCV: 4.10.0
MMCV: 1.7.0
MMCV Compiler: GCC 9.3
MMCV CUDA Compiler: 11.3
MMSegmentation: 0.29.1+
------------------------------------------------------------

2025-11-18 00:36:41,681 - mmseg - INFO - Distributed training: True
2025-11-18 00:36:42,009 - mmseg - INFO - Config:
norm_cfg = dict(type='SyncBN', requires_grad=True)
model = dict(
    type='EncoderDecoder',
    pretrained=None,
    backbone=dict(
        type='ResNetV1c',
        depth=50,
        num_stages=4,
        out_indices=(0, 1, 2, 3),
        dilations=(1, 1, 1, 1),
        strides=(1, 2, 2, 2),
        norm_cfg=dict(type='SyncBN', requires_grad=True),
        norm_eval=False,
        style='pytorch',
        contract_dilation=True),
    decode_head=dict(
        type='UPerHead',
        in_channels=[256, 512, 1024, 2048],
        in_index=[0, 1, 2, 3],
        pool_scales=(1, 2, 3, 6),
        channels=512,
        dropout_ratio=0.1,
        num_classes=2,
        norm_cfg=dict(type='SyncBN', requires_grad=True),
        align_corners=False,
        loss_decode=[
            dict(
                type='CrossEntropyLoss',
                loss_name='loss_ce',
                use_sigmoid=False,
                loss_weight=2.0),
            dict(type='DiceLoss', loss_name='loss_dice', loss_weight=2.0)
        ]),
    train_cfg=dict(),
    test_cfg=dict(mode='slide', crop_size=(512, 512), stride=(256, 256)))
dataset_type = 'MyDataset'
img_size = (1024, 1024)
crop_size = (512, 512)
train_pipeline = [
    dict(type='LoadImageFromFile'),
    dict(type='LoadAnnotations'),
    dict(type='Resize', img_scale=(512, 512), keep_ratio=False),
    dict(type='RandomFlip', flip_ratio=0),
    dict(type='PhotoMetricDistortion'),
    dict(type='Normalize', mean=[0, 0, 0], std=[1, 1, 1], to_rgb=True),
    dict(type='Pad', size=(512, 512), pad_val=0, seg_pad_val=255),
    dict(type='DefaultFormatBundle'),
    dict(type='Collect', keys=['img', 'gt_semantic_seg'])
]
test_pipeline = [
    dict(type='LoadImageFromFile'),
    dict(
        type='MultiScaleFlipAug',
        img_scale=(1024, 1024),
        flip=False,
        transforms=[
            dict(type='Resize', keep_ratio=False),
            dict(type='Normalize', mean=[0, 0, 0], std=[1, 1, 1], to_rgb=True),
            dict(type='ImageToTensor', keys=['img']),
            dict(type='Collect', keys=['img'])
        ])
]
data_root = './datasets/'
data = dict(
    samples_per_gpu=4,
    workers_per_gpu=2,
    train=dict(
        type='RepeatDataset',
        times=10,
        dataset=dict(
            type='MyDataset',
            data_root='./datasets/',
            img_dir='train/images1024',
            ann_dir='train/labels1024',
            pipeline=[
                dict(type='LoadImageFromFile'),
                dict(type='LoadAnnotations'),
                dict(type='Resize', img_scale=(512, 512), keep_ratio=False),
                dict(type='RandomFlip', flip_ratio=0),
                dict(type='PhotoMetricDistortion'),
                dict(
                    type='Normalize',
                    mean=[0, 0, 0],
                    std=[1, 1, 1],
                    to_rgb=True),
                dict(type='Pad', size=(512, 512), pad_val=0, seg_pad_val=255),
                dict(type='DefaultFormatBundle'),
                dict(type='Collect', keys=['img', 'gt_semantic_seg'])
            ])),
    val=dict(
        type='MyDataset',
        data_root='./datasets/',
        img_dir='test/images1024',
        ann_dir='test/labels1024',
        pipeline=[
            dict(type='LoadImageFromFile'),
            dict(
                type='MultiScaleFlipAug',
                img_scale=(1024, 1024),
                flip=False,
                transforms=[
                    dict(type='Resize', keep_ratio=False),
                    dict(
                        type='Normalize',
                        mean=[0, 0, 0],
                        std=[1, 1, 1],
                        to_rgb=True),
                    dict(type='ImageToTensor', keys=['img']),
                    dict(type='Collect', keys=['img'])
                ])
        ]),
    test=dict(
        type='MyDataset',
        data_root='./datasets/',
        img_dir='test/images1024',
        ann_dir='test/labels1024',
        pipeline=[
            dict(type='LoadImageFromFile'),
            dict(
                type='MultiScaleFlipAug',
                img_scale=(1024, 1024),
                flip=False,
                transforms=[
                    dict(type='Resize', keep_ratio=False),
                    dict(
                        type='Normalize',
                        mean=[0, 0, 0],
                        std=[1, 1, 1],
                        to_rgb=True),
                    dict(type='ImageToTensor', keys=['img']),
                    dict(type='Collect', keys=['img'])
                ])
        ]))
log_config = dict(
    interval=50,
    hooks=[
        dict(type='TensorboardLoggerHook'),
        dict(type='TextLoggerHook', by_epoch=False)
    ])
dist_params = dict(backend='nccl')
log_level = 'INFO'
load_from = None
resume_from = None
workflow = [('train', 1)]
cudnn_benchmark = False
find_unused_parameters = True
optimizer = dict(type='Adam', lr=0.001, betas=(0.9, 0.999), weight_decay=0.005)
optimizer_config = dict()
lr_config = dict(policy='poly', power=0.9, min_lr=1e-05, by_epoch=False)
runner = dict(type='IterBasedRunner', max_iters=10000)
checkpoint_config = dict(by_epoch=False, save_optimizer=False, interval=10000)
evaluation = dict(interval=1000, metric=['mIoU', 'mFscore', 'mDice'])
work_dir = './work_dirs/upernet'
gpu_ids = range(0, 1)
auto_resume = False

2025-11-18 00:36:42,009 - mmseg - INFO - Set random seed to 0, deterministic: False
2025-11-18 00:36:42,704 - mmseg - INFO - initialize ResNetV1c with init_cfg [{'type': 'Kaiming', 'layer': 'Conv2d'}, {'type': 'Constant', 'val': 1, 'layer': ['_BatchNorm', 'GroupNorm']}]
2025-11-18 00:36:42,856 - mmseg - INFO - initialize Bottleneck with init_cfg {'type': 'Constant', 'val': 0, 'override': {'name': 'norm3'}}
2025-11-18 00:36:42,857 - mmseg - INFO - initialize Bottleneck with init_cfg {'type': 'Constant', 'val': 0, 'override': {'name': 'norm3'}}
2025-11-18 00:36:42,858 - mmseg - INFO - initialize Bottleneck with init_cfg {'type': 'Constant', 'val': 0, 'override': {'name': 'norm3'}}
2025-11-18 00:36:42,860 - mmseg - INFO - initialize Bottleneck with init_cfg {'type': 'Constant', 'val': 0, 'override': {'name': 'norm3'}}
2025-11-18 00:36:42,861 - mmseg - INFO - initialize Bottleneck with init_cfg {'type': 'Constant', 'val': 0, 'override': {'name': 'norm3'}}
2025-11-18 00:36:42,862 - mmseg - INFO - initialize Bottleneck with init_cfg {'type': 'Constant', 'val': 0, 'override': {'name': 'norm3'}}
2025-11-18 00:36:42,863 - mmseg - INFO - initialize Bottleneck with init_cfg {'type': 'Constant', 'val': 0, 'override': {'name': 'norm3'}}
2025-11-18 00:36:42,865 - mmseg - INFO - initialize Bottleneck with init_cfg {'type': 'Constant', 'val': 0, 'override': {'name': 'norm3'}}
2025-11-18 00:36:42,867 - mmseg - INFO - initialize Bottleneck with init_cfg {'type': 'Constant', 'val': 0, 'override': {'name': 'norm3'}}
2025-11-18 00:36:42,868 - mmseg - INFO - initialize Bottleneck with init_cfg {'type': 'Constant', 'val': 0, 'override': {'name': 'norm3'}}
2025-11-18 00:36:42,870 - mmseg - INFO - initialize Bottleneck with init_cfg {'type': 'Constant', 'val': 0, 'override': {'name': 'norm3'}}
2025-11-18 00:36:42,871 - mmseg - INFO - initialize Bottleneck with init_cfg {'type': 'Constant', 'val': 0, 'override': {'name': 'norm3'}}
2025-11-18 00:36:42,874 - mmseg - INFO - initialize Bottleneck with init_cfg {'type': 'Constant', 'val': 0, 'override': {'name': 'norm3'}}
2025-11-18 00:36:42,877 - mmseg - INFO - initialize Bottleneck with init_cfg {'type': 'Constant', 'val': 0, 'override': {'name': 'norm3'}}
2025-11-18 00:36:42,878 - mmseg - INFO - initialize Bottleneck with init_cfg {'type': 'Constant', 'val': 0, 'override': {'name': 'norm3'}}
2025-11-18 00:36:42,880 - mmseg - INFO - initialize Bottleneck with init_cfg {'type': 'Constant', 'val': 0, 'override': {'name': 'norm3'}}
2025-11-18 00:36:42,894 - mmseg - INFO - initialize UPerHead with init_cfg {'type': 'Normal', 'std': 0.01, 'override': {'name': 'conv_seg'}}
Name of parameter - Initialization information

backbone.stem.0.weight - torch.Size([32, 3, 3, 3]): 
KaimingInit: a=0, mode=fan_out, nonlinearity=relu, distribution =normal, bias=0 

backbone.stem.1.weight - torch.Size([32]): 
The value is the same before and after calling `init_weights` of EncoderDecoder  

backbone.stem.1.bias - torch.Size([32]): 
The value is the same before and after calling `init_weights` of EncoderDecoder  

backbone.stem.3.weight - torch.Size([32, 32, 3, 3]): 
KaimingInit: a=0, mode=fan_out, nonlinearity=relu, distribution =normal, bias=0 

backbone.stem.4.weight - torch.Size([32]): 
The value is the same before and after calling `init_weights` of EncoderDecoder  

backbone.stem.4.bias - torch.Size([32]): 
The value is the same before and after calling `init_weights` of EncoderDecoder  

backbone.stem.6.weight - torch.Size([64, 32, 3, 3]): 
KaimingInit: a=0, mode=fan_out, nonlinearity=relu, distribution =normal, bias=0 

backbone.stem.7.weight - torch.Size([64]): 
The value is the same before and after calling `init_weights` of EncoderDecoder  

backbone.stem.7.bias - torch.Size([64]): 
The value is the same before and after calling `init_weights` of EncoderDecoder  

backbone.layer1.0.conv1.weight - torch.Size([64, 64, 1, 1]): 
KaimingInit: a=0, mode=fan_out, nonlinearity=relu, distribution =normal, bias=0 

backbone.layer1.0.bn1.weight - torch.Size([64]): 
The value is the same before and after calling `init_weights` of EncoderDecoder  

backbone.layer1.0.bn1.bias - torch.Size([64]): 
The value is the same before and after calling `init_weights` of EncoderDecoder  

backbone.layer1.0.conv2.weight - torch.Size([64, 64, 3, 3]): 
KaimingInit: a=0, mode=fan_out, nonlinearity=relu, distribution =normal, bias=0 

backbone.layer1.0.bn2.weight - torch.Size([64]): 
The value is the same before and after calling `init_weights` of EncoderDecoder  

backbone.layer1.0.bn2.bias - torch.Size([64]): 
The value is the same before and after calling `init_weights` of EncoderDecoder  

backbone.layer1.0.conv3.weight - torch.Size([256, 64, 1, 1]): 
KaimingInit: a=0, mode=fan_out, nonlinearity=relu, distribution =normal, bias=0 

backbone.layer1.0.bn3.weight - torch.Size([256]): 
ConstantInit: val=0, bias=0 

backbone.layer1.0.bn3.bias - torch.Size([256]): 
The value is the same before and after calling `init_weights` of EncoderDecoder  

backbone.layer1.0.downsample.0.weight - torch.Size([256, 64, 1, 1]): 
KaimingInit: a=0, mode=fan_out, nonlinearity=relu, distribution =normal, bias=0 

backbone.layer1.0.downsample.1.weight - torch.Size([256]): 
The value is the same before and after calling `init_weights` of EncoderDecoder  

backbone.layer1.0.downsample.1.bias - torch.Size([256]): 
The value is the same before and after calling `init_weights` of EncoderDecoder  

backbone.layer1.1.conv1.weight - torch.Size([64, 256, 1, 1]): 
KaimingInit: a=0, mode=fan_out, nonlinearity=relu, distribution =normal, bias=0 

backbone.layer1.1.bn1.weight - torch.Size([64]): 
The value is the same before and after calling `init_weights` of EncoderDecoder  

backbone.layer1.1.bn1.bias - torch.Size([64]): 
The value is the same before and after calling `init_weights` of EncoderDecoder  

backbone.layer1.1.conv2.weight - torch.Size([64, 64, 3, 3]): 
KaimingInit: a=0, mode=fan_out, nonlinearity=relu, distribution =normal, bias=0 

backbone.layer1.1.bn2.weight - torch.Size([64]): 
The value is the same before and after calling `init_weights` of EncoderDecoder  

backbone.layer1.1.bn2.bias - torch.Size([64]): 
The value is the same before and after calling `init_weights` of EncoderDecoder  

backbone.layer1.1.conv3.weight - torch.Size([256, 64, 1, 1]): 
KaimingInit: a=0, mode=fan_out, nonlinearity=relu, distribution =normal, bias=0 

backbone.layer1.1.bn3.weight - torch.Size([256]): 
ConstantInit: val=0, bias=0 

backbone.layer1.1.bn3.bias - torch.Size([256]): 
The value is the same before and after calling `init_weights` of EncoderDecoder  

backbone.layer1.2.conv1.weight - torch.Size([64, 256, 1, 1]): 
KaimingInit: a=0, mode=fan_out, nonlinearity=relu, distribution =normal, bias=0 

backbone.layer1.2.bn1.weight - torch.Size([64]): 
The value is the same before and after calling `init_weights` of EncoderDecoder  

backbone.layer1.2.bn1.bias - torch.Size([64]): 
The value is the same before and after calling `init_weights` of EncoderDecoder  

backbone.layer1.2.conv2.weight - torch.Size([64, 64, 3, 3]): 
KaimingInit: a=0, mode=fan_out, nonlinearity=relu, distribution =normal, bias=0 

backbone.layer1.2.bn2.weight - torch.Size([64]): 
The value is the same before and after calling `init_weights` of EncoderDecoder  

backbone.layer1.2.bn2.bias - torch.Size([64]): 
The value is the same before and after calling `init_weights` of EncoderDecoder  

backbone.layer1.2.conv3.weight - torch.Size([256, 64, 1, 1]): 
KaimingInit: a=0, mode=fan_out, nonlinearity=relu, distribution =normal, bias=0 

backbone.layer1.2.bn3.weight - torch.Size([256]): 
ConstantInit: val=0, bias=0 

backbone.layer1.2.bn3.bias - torch.Size([256]): 
The value is the same before and after calling `init_weights` of EncoderDecoder  

backbone.layer2.0.conv1.weight - torch.Size([128, 256, 1, 1]): 
KaimingInit: a=0, mode=fan_out, nonlinearity=relu, distribution =normal, bias=0 

backbone.layer2.0.bn1.weight - torch.Size([128]): 
The value is the same before and after calling `init_weights` of EncoderDecoder  

backbone.layer2.0.bn1.bias - torch.Size([128]): 
The value is the same before and after calling `init_weights` of EncoderDecoder  

backbone.layer2.0.conv2.weight - torch.Size([128, 128, 3, 3]): 
KaimingInit: a=0, mode=fan_out, nonlinearity=relu, distribution =normal, bias=0 

backbone.layer2.0.bn2.weight - torch.Size([128]): 
The value is the same before and after calling `init_weights` of EncoderDecoder  

backbone.layer2.0.bn2.bias - torch.Size([128]): 
The value is the same before and after calling `init_weights` of EncoderDecoder  

backbone.layer2.0.conv3.weight - torch.Size([512, 128, 1, 1]): 
KaimingInit: a=0, mode=fan_out, nonlinearity=relu, distribution =normal, bias=0 

backbone.layer2.0.bn3.weight - torch.Size([512]): 
ConstantInit: val=0, bias=0 

backbone.layer2.0.bn3.bias - torch.Size([512]): 
The value is the same before and after calling `init_weights` of EncoderDecoder  

backbone.layer2.0.downsample.0.weight - torch.Size([512, 256, 1, 1]): 
KaimingInit: a=0, mode=fan_out, nonlinearity=relu, distribution =normal, bias=0 

backbone.layer2.0.downsample.1.weight - torch.Size([512]): 
The value is the same before and after calling `init_weights` of EncoderDecoder  

backbone.layer2.0.downsample.1.bias - torch.Size([512]): 
The value is the same before and after calling `init_weights` of EncoderDecoder  

backbone.layer2.1.conv1.weight - torch.Size([128, 512, 1, 1]): 
KaimingInit: a=0, mode=fan_out, nonlinearity=relu, distribution =normal, bias=0 

backbone.layer2.1.bn1.weight - torch.Size([128]): 
The value is the same before and after calling `init_weights` of EncoderDecoder  

backbone.layer2.1.bn1.bias - torch.Size([128]): 
The value is the same before and after calling `init_weights` of EncoderDecoder  

backbone.layer2.1.conv2.weight - torch.Size([128, 128, 3, 3]): 
KaimingInit: a=0, mode=fan_out, nonlinearity=relu, distribution =normal, bias=0 

backbone.layer2.1.bn2.weight - torch.Size([128]): 
The value is the same before and after calling `init_weights` of EncoderDecoder  

backbone.layer2.1.bn2.bias - torch.Size([128]): 
The value is the same before and after calling `init_weights` of EncoderDecoder  

backbone.layer2.1.conv3.weight - torch.Size([512, 128, 1, 1]): 
KaimingInit: a=0, mode=fan_out, nonlinearity=relu, distribution =normal, bias=0 

backbone.layer2.1.bn3.weight - torch.Size([512]): 
ConstantInit: val=0, bias=0 

backbone.layer2.1.bn3.bias - torch.Size([512]): 
The value is the same before and after calling `init_weights` of EncoderDecoder  

backbone.layer2.2.conv1.weight - torch.Size([128, 512, 1, 1]): 
KaimingInit: a=0, mode=fan_out, nonlinearity=relu, distribution =normal, bias=0 

backbone.layer2.2.bn1.weight - torch.Size([128]): 
The value is the same before and after calling `init_weights` of EncoderDecoder  

backbone.layer2.2.bn1.bias - torch.Size([128]): 
The value is the same before and after calling `init_weights` of EncoderDecoder  

backbone.layer2.2.conv2.weight - torch.Size([128, 128, 3, 3]): 
KaimingInit: a=0, mode=fan_out, nonlinearity=relu, distribution =normal, bias=0 

backbone.layer2.2.bn2.weight - torch.Size([128]): 
The value is the same before and after calling `init_weights` of EncoderDecoder  

backbone.layer2.2.bn2.bias - torch.Size([128]): 
The value is the same before and after calling `init_weights` of EncoderDecoder  

backbone.layer2.2.conv3.weight - torch.Size([512, 128, 1, 1]): 
KaimingInit: a=0, mode=fan_out, nonlinearity=relu, distribution =normal, bias=0 

backbone.layer2.2.bn3.weight - torch.Size([512]): 
ConstantInit: val=0, bias=0 

backbone.layer2.2.bn3.bias - torch.Size([512]): 
The value is the same before and after calling `init_weights` of EncoderDecoder  

backbone.layer2.3.conv1.weight - torch.Size([128, 512, 1, 1]): 
KaimingInit: a=0, mode=fan_out, nonlinearity=relu, distribution =normal, bias=0 

backbone.layer2.3.bn1.weight - torch.Size([128]): 
The value is the same before and after calling `init_weights` of EncoderDecoder  

backbone.layer2.3.bn1.bias - torch.Size([128]): 
The value is the same before and after calling `init_weights` of EncoderDecoder  

backbone.layer2.3.conv2.weight - torch.Size([128, 128, 3, 3]): 
KaimingInit: a=0, mode=fan_out, nonlinearity=relu, distribution =normal, bias=0 

backbone.layer2.3.bn2.weight - torch.Size([128]): 
The value is the same before and after calling `init_weights` of EncoderDecoder  

backbone.layer2.3.bn2.bias - torch.Size([128]): 
The value is the same before and after calling `init_weights` of EncoderDecoder  

backbone.layer2.3.conv3.weight - torch.Size([512, 128, 1, 1]): 
KaimingInit: a=0, mode=fan_out, nonlinearity=relu, distribution =normal, bias=0 

backbone.layer2.3.bn3.weight - torch.Size([512]): 
ConstantInit: val=0, bias=0 

backbone.layer2.3.bn3.bias - torch.Size([512]): 
The value is the same before and after calling `init_weights` of EncoderDecoder  

backbone.layer3.0.conv1.weight - torch.Size([256, 512, 1, 1]): 
KaimingInit: a=0, mode=fan_out, nonlinearity=relu, distribution =normal, bias=0 

backbone.layer3.0.bn1.weight - torch.Size([256]): 
The value is the same before and after calling `init_weights` of EncoderDecoder  

backbone.layer3.0.bn1.bias - torch.Size([256]): 
The value is the same before and after calling `init_weights` of EncoderDecoder  

backbone.layer3.0.conv2.weight - torch.Size([256, 256, 3, 3]): 
KaimingInit: a=0, mode=fan_out, nonlinearity=relu, distribution =normal, bias=0 

backbone.layer3.0.bn2.weight - torch.Size([256]): 
The value is the same before and after calling `init_weights` of EncoderDecoder  

backbone.layer3.0.bn2.bias - torch.Size([256]): 
The value is the same before and after calling `init_weights` of EncoderDecoder  

backbone.layer3.0.conv3.weight - torch.Size([1024, 256, 1, 1]): 
KaimingInit: a=0, mode=fan_out, nonlinearity=relu, distribution =normal, bias=0 

backbone.layer3.0.bn3.weight - torch.Size([1024]): 
ConstantInit: val=0, bias=0 

backbone.layer3.0.bn3.bias - torch.Size([1024]): 
The value is the same before and after calling `init_weights` of EncoderDecoder  

backbone.layer3.0.downsample.0.weight - torch.Size([1024, 512, 1, 1]): 
KaimingInit: a=0, mode=fan_out, nonlinearity=relu, distribution =normal, bias=0 

backbone.layer3.0.downsample.1.weight - torch.Size([1024]): 
The value is the same before and after calling `init_weights` of EncoderDecoder  

backbone.layer3.0.downsample.1.bias - torch.Size([1024]): 
The value is the same before and after calling `init_weights` of EncoderDecoder  

backbone.layer3.1.conv1.weight - torch.Size([256, 1024, 1, 1]): 
KaimingInit: a=0, mode=fan_out, nonlinearity=relu, distribution =normal, bias=0 

backbone.layer3.1.bn1.weight - torch.Size([256]): 
The value is the same before and after calling `init_weights` of EncoderDecoder  

backbone.layer3.1.bn1.bias - torch.Size([256]): 
The value is the same before and after calling `init_weights` of EncoderDecoder  

backbone.layer3.1.conv2.weight - torch.Size([256, 256, 3, 3]): 
KaimingInit: a=0, mode=fan_out, nonlinearity=relu, distribution =normal, bias=0 

backbone.layer3.1.bn2.weight - torch.Size([256]): 
The value is the same before and after calling `init_weights` of EncoderDecoder  

backbone.layer3.1.bn2.bias - torch.Size([256]): 
The value is the same before and after calling `init_weights` of EncoderDecoder  

backbone.layer3.1.conv3.weight - torch.Size([1024, 256, 1, 1]): 
KaimingInit: a=0, mode=fan_out, nonlinearity=relu, distribution =normal, bias=0 

backbone.layer3.1.bn3.weight - torch.Size([1024]): 
ConstantInit: val=0, bias=0 

backbone.layer3.1.bn3.bias - torch.Size([1024]): 
The value is the same before and after calling `init_weights` of EncoderDecoder  

backbone.layer3.2.conv1.weight - torch.Size([256, 1024, 1, 1]): 
KaimingInit: a=0, mode=fan_out, nonlinearity=relu, distribution =normal, bias=0 

backbone.layer3.2.bn1.weight - torch.Size([256]): 
The value is the same before and after calling `init_weights` of EncoderDecoder  

backbone.layer3.2.bn1.bias - torch.Size([256]): 
The value is the same before and after calling `init_weights` of EncoderDecoder  

backbone.layer3.2.conv2.weight - torch.Size([256, 256, 3, 3]): 
KaimingInit: a=0, mode=fan_out, nonlinearity=relu, distribution =normal, bias=0 

backbone.layer3.2.bn2.weight - torch.Size([256]): 
The value is the same before and after calling `init_weights` of EncoderDecoder  

backbone.layer3.2.bn2.bias - torch.Size([256]): 
The value is the same before and after calling `init_weights` of EncoderDecoder  

backbone.layer3.2.conv3.weight - torch.Size([1024, 256, 1, 1]): 
KaimingInit: a=0, mode=fan_out, nonlinearity=relu, distribution =normal, bias=0 

backbone.layer3.2.bn3.weight - torch.Size([1024]): 
ConstantInit: val=0, bias=0 

backbone.layer3.2.bn3.bias - torch.Size([1024]): 
The value is the same before and after calling `init_weights` of EncoderDecoder  

backbone.layer3.3.conv1.weight - torch.Size([256, 1024, 1, 1]): 
KaimingInit: a=0, mode=fan_out, nonlinearity=relu, distribution =normal, bias=0 

backbone.layer3.3.bn1.weight - torch.Size([256]): 
The value is the same before and after calling `init_weights` of EncoderDecoder  

backbone.layer3.3.bn1.bias - torch.Size([256]): 
The value is the same before and after calling `init_weights` of EncoderDecoder  

backbone.layer3.3.conv2.weight - torch.Size([256, 256, 3, 3]): 
KaimingInit: a=0, mode=fan_out, nonlinearity=relu, distribution =normal, bias=0 

backbone.layer3.3.bn2.weight - torch.Size([256]): 
The value is the same before and after calling `init_weights` of EncoderDecoder  

backbone.layer3.3.bn2.bias - torch.Size([256]): 
The value is the same before and after calling `init_weights` of EncoderDecoder  

backbone.layer3.3.conv3.weight - torch.Size([1024, 256, 1, 1]): 
KaimingInit: a=0, mode=fan_out, nonlinearity=relu, distribution =normal, bias=0 

backbone.layer3.3.bn3.weight - torch.Size([1024]): 
ConstantInit: val=0, bias=0 

backbone.layer3.3.bn3.bias - torch.Size([1024]): 
The value is the same before and after calling `init_weights` of EncoderDecoder  

backbone.layer3.4.conv1.weight - torch.Size([256, 1024, 1, 1]): 
KaimingInit: a=0, mode=fan_out, nonlinearity=relu, distribution =normal, bias=0 

backbone.layer3.4.bn1.weight - torch.Size([256]): 
The value is the same before and after calling `init_weights` of EncoderDecoder  

backbone.layer3.4.bn1.bias - torch.Size([256]): 
The value is the same before and after calling `init_weights` of EncoderDecoder  

backbone.layer3.4.conv2.weight - torch.Size([256, 256, 3, 3]): 
KaimingInit: a=0, mode=fan_out, nonlinearity=relu, distribution =normal, bias=0 

backbone.layer3.4.bn2.weight - torch.Size([256]): 
The value is the same before and after calling `init_weights` of EncoderDecoder  

backbone.layer3.4.bn2.bias - torch.Size([256]): 
The value is the same before and after calling `init_weights` of EncoderDecoder  

backbone.layer3.4.conv3.weight - torch.Size([1024, 256, 1, 1]): 
KaimingInit: a=0, mode=fan_out, nonlinearity=relu, distribution =normal, bias=0 

backbone.layer3.4.bn3.weight - torch.Size([1024]): 
ConstantInit: val=0, bias=0 

backbone.layer3.4.bn3.bias - torch.Size([1024]): 
The value is the same before and after calling `init_weights` of EncoderDecoder  

backbone.layer3.5.conv1.weight - torch.Size([256, 1024, 1, 1]): 
KaimingInit: a=0, mode=fan_out, nonlinearity=relu, distribution =normal, bias=0 

backbone.layer3.5.bn1.weight - torch.Size([256]): 
The value is the same before and after calling `init_weights` of EncoderDecoder  

backbone.layer3.5.bn1.bias - torch.Size([256]): 
The value is the same before and after calling `init_weights` of EncoderDecoder  

backbone.layer3.5.conv2.weight - torch.Size([256, 256, 3, 3]): 
KaimingInit: a=0, mode=fan_out, nonlinearity=relu, distribution =normal, bias=0 

backbone.layer3.5.bn2.weight - torch.Size([256]): 
The value is the same before and after calling `init_weights` of EncoderDecoder  

backbone.layer3.5.bn2.bias - torch.Size([256]): 
The value is the same before and after calling `init_weights` of EncoderDecoder  

backbone.layer3.5.conv3.weight - torch.Size([1024, 256, 1, 1]): 
KaimingInit: a=0, mode=fan_out, nonlinearity=relu, distribution =normal, bias=0 

backbone.layer3.5.bn3.weight - torch.Size([1024]): 
ConstantInit: val=0, bias=0 

backbone.layer3.5.bn3.bias - torch.Size([1024]): 
The value is the same before and after calling `init_weights` of EncoderDecoder  

backbone.layer4.0.conv1.weight - torch.Size([512, 1024, 1, 1]): 
KaimingInit: a=0, mode=fan_out, nonlinearity=relu, distribution =normal, bias=0 

backbone.layer4.0.bn1.weight - torch.Size([512]): 
The value is the same before and after calling `init_weights` of EncoderDecoder  

backbone.layer4.0.bn1.bias - torch.Size([512]): 
The value is the same before and after calling `init_weights` of EncoderDecoder  

backbone.layer4.0.conv2.weight - torch.Size([512, 512, 3, 3]): 
KaimingInit: a=0, mode=fan_out, nonlinearity=relu, distribution =normal, bias=0 

backbone.layer4.0.bn2.weight - torch.Size([512]): 
The value is the same before and after calling `init_weights` of EncoderDecoder  

backbone.layer4.0.bn2.bias - torch.Size([512]): 
The value is the same before and after calling `init_weights` of EncoderDecoder  

backbone.layer4.0.conv3.weight - torch.Size([2048, 512, 1, 1]): 
KaimingInit: a=0, mode=fan_out, nonlinearity=relu, distribution =normal, bias=0 

backbone.layer4.0.bn3.weight - torch.Size([2048]): 
ConstantInit: val=0, bias=0 

backbone.layer4.0.bn3.bias - torch.Size([2048]): 
The value is the same before and after calling `init_weights` of EncoderDecoder  

backbone.layer4.0.downsample.0.weight - torch.Size([2048, 1024, 1, 1]): 
KaimingInit: a=0, mode=fan_out, nonlinearity=relu, distribution =normal, bias=0 

backbone.layer4.0.downsample.1.weight - torch.Size([2048]): 
The value is the same before and after calling `init_weights` of EncoderDecoder  

backbone.layer4.0.downsample.1.bias - torch.Size([2048]): 
The value is the same before and after calling `init_weights` of EncoderDecoder  

backbone.layer4.1.conv1.weight - torch.Size([512, 2048, 1, 1]): 
KaimingInit: a=0, mode=fan_out, nonlinearity=relu, distribution =normal, bias=0 

backbone.layer4.1.bn1.weight - torch.Size([512]): 
The value is the same before and after calling `init_weights` of EncoderDecoder  

backbone.layer4.1.bn1.bias - torch.Size([512]): 
The value is the same before and after calling `init_weights` of EncoderDecoder  

backbone.layer4.1.conv2.weight - torch.Size([512, 512, 3, 3]): 
KaimingInit: a=0, mode=fan_out, nonlinearity=relu, distribution =normal, bias=0 

backbone.layer4.1.bn2.weight - torch.Size([512]): 
The value is the same before and after calling `init_weights` of EncoderDecoder  

backbone.layer4.1.bn2.bias - torch.Size([512]): 
The value is the same before and after calling `init_weights` of EncoderDecoder  

backbone.layer4.1.conv3.weight - torch.Size([2048, 512, 1, 1]): 
KaimingInit: a=0, mode=fan_out, nonlinearity=relu, distribution =normal, bias=0 

backbone.layer4.1.bn3.weight - torch.Size([2048]): 
ConstantInit: val=0, bias=0 

backbone.layer4.1.bn3.bias - torch.Size([2048]): 
The value is the same before and after calling `init_weights` of EncoderDecoder  

backbone.layer4.2.conv1.weight - torch.Size([512, 2048, 1, 1]): 
KaimingInit: a=0, mode=fan_out, nonlinearity=relu, distribution =normal, bias=0 

backbone.layer4.2.bn1.weight - torch.Size([512]): 
The value is the same before and after calling `init_weights` of EncoderDecoder  

backbone.layer4.2.bn1.bias - torch.Size([512]): 
The value is the same before and after calling `init_weights` of EncoderDecoder  

backbone.layer4.2.conv2.weight - torch.Size([512, 512, 3, 3]): 
KaimingInit: a=0, mode=fan_out, nonlinearity=relu, distribution =normal, bias=0 

backbone.layer4.2.bn2.weight - torch.Size([512]): 
The value is the same before and after calling `init_weights` of EncoderDecoder  

backbone.layer4.2.bn2.bias - torch.Size([512]): 
The value is the same before and after calling `init_weights` of EncoderDecoder  

backbone.layer4.2.conv3.weight - torch.Size([2048, 512, 1, 1]): 
KaimingInit: a=0, mode=fan_out, nonlinearity=relu, distribution =normal, bias=0 

backbone.layer4.2.bn3.weight - torch.Size([2048]): 
ConstantInit: val=0, bias=0 

backbone.layer4.2.bn3.bias - torch.Size([2048]): 
The value is the same before and after calling `init_weights` of EncoderDecoder  

decode_head.conv_seg.weight - torch.Size([2, 512, 1, 1]): 
NormalInit: mean=0, std=0.01, bias=0 

decode_head.conv_seg.bias - torch.Size([2]): 
NormalInit: mean=0, std=0.01, bias=0 

decode_head.psp_modules.0.1.conv.weight - torch.Size([512, 2048, 1, 1]): 
The value is the same before and after calling `init_weights` of EncoderDecoder  

decode_head.psp_modules.0.1.bn.weight - torch.Size([512]): 
The value is the same before and after calling `init_weights` of EncoderDecoder  

decode_head.psp_modules.0.1.bn.bias - torch.Size([512]): 
The value is the same before and after calling `init_weights` of EncoderDecoder  

decode_head.psp_modules.1.1.conv.weight - torch.Size([512, 2048, 1, 1]): 
The value is the same before and after calling `init_weights` of EncoderDecoder  

decode_head.psp_modules.1.1.bn.weight - torch.Size([512]): 
The value is the same before and after calling `init_weights` of EncoderDecoder  

decode_head.psp_modules.1.1.bn.bias - torch.Size([512]): 
The value is the same before and after calling `init_weights` of EncoderDecoder  

decode_head.psp_modules.2.1.conv.weight - torch.Size([512, 2048, 1, 1]): 
The value is the same before and after calling `init_weights` of EncoderDecoder  

decode_head.psp_modules.2.1.bn.weight - torch.Size([512]): 
The value is the same before and after calling `init_weights` of EncoderDecoder  

decode_head.psp_modules.2.1.bn.bias - torch.Size([512]): 
The value is the same before and after calling `init_weights` of EncoderDecoder  

decode_head.psp_modules.3.1.conv.weight - torch.Size([512, 2048, 1, 1]): 
The value is the same before and after calling `init_weights` of EncoderDecoder  

decode_head.psp_modules.3.1.bn.weight - torch.Size([512]): 
The value is the same before and after calling `init_weights` of EncoderDecoder  

decode_head.psp_modules.3.1.bn.bias - torch.Size([512]): 
The value is the same before and after calling `init_weights` of EncoderDecoder  

decode_head.bottleneck.conv.weight - torch.Size([512, 4096, 3, 3]): 
Initialized by user-defined `init_weights` in ConvModule  

decode_head.bottleneck.bn.weight - torch.Size([512]): 
The value is the same before and after calling `init_weights` of EncoderDecoder  

decode_head.bottleneck.bn.bias - torch.Size([512]): 
The value is the same before and after calling `init_weights` of EncoderDecoder  

decode_head.lateral_convs.0.conv.weight - torch.Size([512, 256, 1, 1]): 
The value is the same before and after calling `init_weights` of EncoderDecoder  

decode_head.lateral_convs.0.bn.weight - torch.Size([512]): 
The value is the same before and after calling `init_weights` of EncoderDecoder  

decode_head.lateral_convs.0.bn.bias - torch.Size([512]): 
The value is the same before and after calling `init_weights` of EncoderDecoder  

decode_head.lateral_convs.1.conv.weight - torch.Size([512, 512, 1, 1]): 
The value is the same before and after calling `init_weights` of EncoderDecoder  

decode_head.lateral_convs.1.bn.weight - torch.Size([512]): 
The value is the same before and after calling `init_weights` of EncoderDecoder  

decode_head.lateral_convs.1.bn.bias - torch.Size([512]): 
The value is the same before and after calling `init_weights` of EncoderDecoder  

decode_head.lateral_convs.2.conv.weight - torch.Size([512, 1024, 1, 1]): 
The value is the same before and after calling `init_weights` of EncoderDecoder  

decode_head.lateral_convs.2.bn.weight - torch.Size([512]): 
The value is the same before and after calling `init_weights` of EncoderDecoder  

decode_head.lateral_convs.2.bn.bias - torch.Size([512]): 
The value is the same before and after calling `init_weights` of EncoderDecoder  

decode_head.fpn_convs.0.conv.weight - torch.Size([512, 512, 3, 3]): 
The value is the same before and after calling `init_weights` of EncoderDecoder  

decode_head.fpn_convs.0.bn.weight - torch.Size([512]): 
The value is the same before and after calling `init_weights` of EncoderDecoder  

decode_head.fpn_convs.0.bn.bias - torch.Size([512]): 
The value is the same before and after calling `init_weights` of EncoderDecoder  

decode_head.fpn_convs.1.conv.weight - torch.Size([512, 512, 3, 3]): 
The value is the same before and after calling `init_weights` of EncoderDecoder  

decode_head.fpn_convs.1.bn.weight - torch.Size([512]): 
The value is the same before and after calling `init_weights` of EncoderDecoder  

decode_head.fpn_convs.1.bn.bias - torch.Size([512]): 
The value is the same before and after calling `init_weights` of EncoderDecoder  

decode_head.fpn_convs.2.conv.weight - torch.Size([512, 512, 3, 3]): 
The value is the same before and after calling `init_weights` of EncoderDecoder  

decode_head.fpn_convs.2.bn.weight - torch.Size([512]): 
The value is the same before and after calling `init_weights` of EncoderDecoder  

decode_head.fpn_convs.2.bn.bias - torch.Size([512]): 
The value is the same before and after calling `init_weights` of EncoderDecoder  

decode_head.fpn_bottleneck.conv.weight - torch.Size([512, 2048, 3, 3]): 
Initialized by user-defined `init_weights` in ConvModule  

decode_head.fpn_bottleneck.bn.weight - torch.Size([512]): 
The value is the same before and after calling `init_weights` of EncoderDecoder  

decode_head.fpn_bottleneck.bn.bias - torch.Size([512]): 
The value is the same before and after calling `init_weights` of EncoderDecoder  
2025-11-18 00:36:43,084 - mmseg - INFO - EncoderDecoder(
  (backbone): ResNetV1c(
    (stem): Sequential(
      (0): Conv2d(3, 32, kernel_size=(3, 3), stride=(2, 2), padding=(1, 1), bias=False)
      (1): SyncBatchNorm(32, eps=1e-05, momentum=0.1, affine=True, track_running_stats=True)
      (2): ReLU(inplace=True)
      (3): Conv2d(32, 32, kernel_size=(3, 3), stride=(1, 1), padding=(1, 1), bias=False)
      (4): SyncBatchNorm(32, eps=1e-05, momentum=0.1, affine=True, track_running_stats=True)
      (5): ReLU(inplace=True)
      (6): Conv2d(32, 64, kernel_size=(3, 3), stride=(1, 1), padding=(1, 1), bias=False)
      (7): SyncBatchNorm(64, eps=1e-05, momentum=0.1, affine=True, track_running_stats=True)
      (8): ReLU(inplace=True)
    )
    (maxpool): MaxPool2d(kernel_size=3, stride=2, padding=1, dilation=1, ceil_mode=False)
    (layer1): ResLayer(
      (0): Bottleneck(
        (conv1): Conv2d(64, 64, kernel_size=(1, 1), stride=(1, 1), bias=False)
        (bn1): SyncBatchNorm(64, eps=1e-05, momentum=0.1, affine=True, track_running_stats=True)
        (conv2): Conv2d(64, 64, kernel_size=(3, 3), stride=(1, 1), padding=(1, 1), bias=False)
        (bn2): SyncBatchNorm(64, eps=1e-05, momentum=0.1, affine=True, track_running_stats=True)
        (conv3): Conv2d(64, 256, kernel_size=(1, 1), stride=(1, 1), bias=False)
        (bn3): SyncBatchNorm(256, eps=1e-05, momentum=0.1, affine=True, track_running_stats=True)
        (relu): ReLU(inplace=True)
        (downsample): Sequential(
          (0): Conv2d(64, 256, kernel_size=(1, 1), stride=(1, 1), bias=False)
          (1): SyncBatchNorm(256, eps=1e-05, momentum=0.1, affine=True, track_running_stats=True)
        )
      )
      init_cfg={'type': 'Constant', 'val': 0, 'override': {'name': 'norm3'}}
      (1): Bottleneck(
        (conv1): Conv2d(256, 64, kernel_size=(1, 1), stride=(1, 1), bias=False)
        (bn1): SyncBatchNorm(64, eps=1e-05, momentum=0.1, affine=True, track_running_stats=True)
        (conv2): Conv2d(64, 64, kernel_size=(3, 3), stride=(1, 1), padding=(1, 1), bias=False)
        (bn2): SyncBatchNorm(64, eps=1e-05, momentum=0.1, affine=True, track_running_stats=True)
        (conv3): Conv2d(64, 256, kernel_size=(1, 1), stride=(1, 1), bias=False)
        (bn3): SyncBatchNorm(256, eps=1e-05, momentum=0.1, affine=True, track_running_stats=True)
        (relu): ReLU(inplace=True)
      )
      init_cfg={'type': 'Constant', 'val': 0, 'override': {'name': 'norm3'}}
      (2): Bottleneck(
        (conv1): Conv2d(256, 64, kernel_size=(1, 1), stride=(1, 1), bias=False)
        (bn1): SyncBatchNorm(64, eps=1e-05, momentum=0.1, affine=True, track_running_stats=True)
        (conv2): Conv2d(64, 64, kernel_size=(3, 3), stride=(1, 1), padding=(1, 1), bias=False)
        (bn2): SyncBatchNorm(64, eps=1e-05, momentum=0.1, affine=True, track_running_stats=True)
        (conv3): Conv2d(64, 256, kernel_size=(1, 1), stride=(1, 1), bias=False)
        (bn3): SyncBatchNorm(256, eps=1e-05, momentum=0.1, affine=True, track_running_stats=True)
        (relu): ReLU(inplace=True)
      )
      init_cfg={'type': 'Constant', 'val': 0, 'override': {'name': 'norm3'}}
    )
    (layer2): ResLayer(
      (0): Bottleneck(
        (conv1): Conv2d(256, 128, kernel_size=(1, 1), stride=(1, 1), bias=False)
        (bn1): SyncBatchNorm(128, eps=1e-05, momentum=0.1, affine=True, track_running_stats=True)
        (conv2): Conv2d(128, 128, kernel_size=(3, 3), stride=(2, 2), padding=(1, 1), bias=False)
        (bn2): SyncBatchNorm(128, eps=1e-05, momentum=0.1, affine=True, track_running_stats=True)
        (conv3): Conv2d(128, 512, kernel_size=(1, 1), stride=(1, 1), bias=False)
        (bn3): SyncBatchNorm(512, eps=1e-05, momentum=0.1, affine=True, track_running_stats=True)
        (relu): ReLU(inplace=True)
        (downsample): Sequential(
          (0): Conv2d(256, 512, kernel_size=(1, 1), stride=(2, 2), bias=False)
          (1): SyncBatchNorm(512, eps=1e-05, momentum=0.1, affine=True, track_running_stats=True)
        )
      )
      init_cfg={'type': 'Constant', 'val': 0, 'override': {'name': 'norm3'}}
      (1): Bottleneck(
        (conv1): Conv2d(512, 128, kernel_size=(1, 1), stride=(1, 1), bias=False)
        (bn1): SyncBatchNorm(128, eps=1e-05, momentum=0.1, affine=True, track_running_stats=True)
        (conv2): Conv2d(128, 128, kernel_size=(3, 3), stride=(1, 1), padding=(1, 1), bias=False)
        (bn2): SyncBatchNorm(128, eps=1e-05, momentum=0.1, affine=True, track_running_stats=True)
        (conv3): Conv2d(128, 512, kernel_size=(1, 1), stride=(1, 1), bias=False)
        (bn3): SyncBatchNorm(512, eps=1e-05, momentum=0.1, affine=True, track_running_stats=True)
        (relu): ReLU(inplace=True)
      )
      init_cfg={'type': 'Constant', 'val': 0, 'override': {'name': 'norm3'}}
      (2): Bottleneck(
        (conv1): Conv2d(512, 128, kernel_size=(1, 1), stride=(1, 1), bias=False)
        (bn1): SyncBatchNorm(128, eps=1e-05, momentum=0.1, affine=True, track_running_stats=True)
        (conv2): Conv2d(128, 128, kernel_size=(3, 3), stride=(1, 1), padding=(1, 1), bias=False)
        (bn2): SyncBatchNorm(128, eps=1e-05, momentum=0.1, affine=True, track_running_stats=True)
        (conv3): Conv2d(128, 512, kernel_size=(1, 1), stride=(1, 1), bias=False)
        (bn3): SyncBatchNorm(512, eps=1e-05, momentum=0.1, affine=True, track_running_stats=True)
        (relu): ReLU(inplace=True)
      )
      init_cfg={'type': 'Constant', 'val': 0, 'override': {'name': 'norm3'}}
      (3): Bottleneck(
        (conv1): Conv2d(512, 128, kernel_size=(1, 1), stride=(1, 1), bias=False)
        (bn1): SyncBatchNorm(128, eps=1e-05, momentum=0.1, affine=True, track_running_stats=True)
        (conv2): Conv2d(128, 128, kernel_size=(3, 3), stride=(1, 1), padding=(1, 1), bias=False)
        (bn2): SyncBatchNorm(128, eps=1e-05, momentum=0.1, affine=True, track_running_stats=True)
        (conv3): Conv2d(128, 512, kernel_size=(1, 1), stride=(1, 1), bias=False)
        (bn3): SyncBatchNorm(512, eps=1e-05, momentum=0.1, affine=True, track_running_stats=True)
        (relu): ReLU(inplace=True)
      )
      init_cfg={'type': 'Constant', 'val': 0, 'override': {'name': 'norm3'}}
    )
    (layer3): ResLayer(
      (0): Bottleneck(
        (conv1): Conv2d(512, 256, kernel_size=(1, 1), stride=(1, 1), bias=False)
        (bn1): SyncBatchNorm(256, eps=1e-05, momentum=0.1, affine=True, track_running_stats=True)
        (conv2): Conv2d(256, 256, kernel_size=(3, 3), stride=(2, 2), padding=(1, 1), bias=False)
        (bn2): SyncBatchNorm(256, eps=1e-05, momentum=0.1, affine=True, track_running_stats=True)
        (conv3): Conv2d(256, 1024, kernel_size=(1, 1), stride=(1, 1), bias=False)
        (bn3): SyncBatchNorm(1024, eps=1e-05, momentum=0.1, affine=True, track_running_stats=True)
        (relu): ReLU(inplace=True)
        (downsample): Sequential(
          (0): Conv2d(512, 1024, kernel_size=(1, 1), stride=(2, 2), bias=False)
          (1): SyncBatchNorm(1024, eps=1e-05, momentum=0.1, affine=True, track_running_stats=True)
        )
      )
      init_cfg={'type': 'Constant', 'val': 0, 'override': {'name': 'norm3'}}
      (1): Bottleneck(
        (conv1): Conv2d(1024, 256, kernel_size=(1, 1), stride=(1, 1), bias=False)
        (bn1): SyncBatchNorm(256, eps=1e-05, momentum=0.1, affine=True, track_running_stats=True)
        (conv2): Conv2d(256, 256, kernel_size=(3, 3), stride=(1, 1), padding=(1, 1), bias=False)
        (bn2): SyncBatchNorm(256, eps=1e-05, momentum=0.1, affine=True, track_running_stats=True)
        (conv3): Conv2d(256, 1024, kernel_size=(1, 1), stride=(1, 1), bias=False)
        (bn3): SyncBatchNorm(1024, eps=1e-05, momentum=0.1, affine=True, track_running_stats=True)
        (relu): ReLU(inplace=True)
      )
      init_cfg={'type': 'Constant', 'val': 0, 'override': {'name': 'norm3'}}
      (2): Bottleneck(
        (conv1): Conv2d(1024, 256, kernel_size=(1, 1), stride=(1, 1), bias=False)
        (bn1): SyncBatchNorm(256, eps=1e-05, momentum=0.1, affine=True, track_running_stats=True)
        (conv2): Conv2d(256, 256, kernel_size=(3, 3), stride=(1, 1), padding=(1, 1), bias=False)
        (bn2): SyncBatchNorm(256, eps=1e-05, momentum=0.1, affine=True, track_running_stats=True)
        (conv3): Conv2d(256, 1024, kernel_size=(1, 1), stride=(1, 1), bias=False)
        (bn3): SyncBatchNorm(1024, eps=1e-05, momentum=0.1, affine=True, track_running_stats=True)
        (relu): ReLU(inplace=True)
      )
      init_cfg={'type': 'Constant', 'val': 0, 'override': {'name': 'norm3'}}
      (3): Bottleneck(
        (conv1): Conv2d(1024, 256, kernel_size=(1, 1), stride=(1, 1), bias=False)
        (bn1): SyncBatchNorm(256, eps=1e-05, momentum=0.1, affine=True, track_running_stats=True)
        (conv2): Conv2d(256, 256, kernel_size=(3, 3), stride=(1, 1), padding=(1, 1), bias=False)
        (bn2): SyncBatchNorm(256, eps=1e-05, momentum=0.1, affine=True, track_running_stats=True)
        (conv3): Conv2d(256, 1024, kernel_size=(1, 1), stride=(1, 1), bias=False)
        (bn3): SyncBatchNorm(1024, eps=1e-05, momentum=0.1, affine=True, track_running_stats=True)
        (relu): ReLU(inplace=True)
      )
      init_cfg={'type': 'Constant', 'val': 0, 'override': {'name': 'norm3'}}
      (4): Bottleneck(
        (conv1): Conv2d(1024, 256, kernel_size=(1, 1), stride=(1, 1), bias=False)
        (bn1): SyncBatchNorm(256, eps=1e-05, momentum=0.1, affine=True, track_running_stats=True)
        (conv2): Conv2d(256, 256, kernel_size=(3, 3), stride=(1, 1), padding=(1, 1), bias=False)
        (bn2): SyncBatchNorm(256, eps=1e-05, momentum=0.1, affine=True, track_running_stats=True)
        (conv3): Conv2d(256, 1024, kernel_size=(1, 1), stride=(1, 1), bias=False)
        (bn3): SyncBatchNorm(1024, eps=1e-05, momentum=0.1, affine=True, track_running_stats=True)
        (relu): ReLU(inplace=True)
      )
      init_cfg={'type': 'Constant', 'val': 0, 'override': {'name': 'norm3'}}
      (5): Bottleneck(
        (conv1): Conv2d(1024, 256, kernel_size=(1, 1), stride=(1, 1), bias=False)
        (bn1): SyncBatchNorm(256, eps=1e-05, momentum=0.1, affine=True, track_running_stats=True)
        (conv2): Conv2d(256, 256, kernel_size=(3, 3), stride=(1, 1), padding=(1, 1), bias=False)
        (bn2): SyncBatchNorm(256, eps=1e-05, momentum=0.1, affine=True, track_running_stats=True)
        (conv3): Conv2d(256, 1024, kernel_size=(1, 1), stride=(1, 1), bias=False)
        (bn3): SyncBatchNorm(1024, eps=1e-05, momentum=0.1, affine=True, track_running_stats=True)
        (relu): ReLU(inplace=True)
      )
      init_cfg={'type': 'Constant', 'val': 0, 'override': {'name': 'norm3'}}
    )
    (layer4): ResLayer(
      (0): Bottleneck(
        (conv1): Conv2d(1024, 512, kernel_size=(1, 1), stride=(1, 1), bias=False)
        (bn1): SyncBatchNorm(512, eps=1e-05, momentum=0.1, affine=True, track_running_stats=True)
        (conv2): Conv2d(512, 512, kernel_size=(3, 3), stride=(2, 2), padding=(1, 1), bias=False)
        (bn2): SyncBatchNorm(512, eps=1e-05, momentum=0.1, affine=True, track_running_stats=True)
        (conv3): Conv2d(512, 2048, kernel_size=(1, 1), stride=(1, 1), bias=False)
        (bn3): SyncBatchNorm(2048, eps=1e-05, momentum=0.1, affine=True, track_running_stats=True)
        (relu): ReLU(inplace=True)
        (downsample): Sequential(
          (0): Conv2d(1024, 2048, kernel_size=(1, 1), stride=(2, 2), bias=False)
          (1): SyncBatchNorm(2048, eps=1e-05, momentum=0.1, affine=True, track_running_stats=True)
        )
      )
      init_cfg={'type': 'Constant', 'val': 0, 'override': {'name': 'norm3'}}
      (1): Bottleneck(
        (conv1): Conv2d(2048, 512, kernel_size=(1, 1), stride=(1, 1), bias=False)
        (bn1): SyncBatchNorm(512, eps=1e-05, momentum=0.1, affine=True, track_running_stats=True)
        (conv2): Conv2d(512, 512, kernel_size=(3, 3), stride=(1, 1), padding=(1, 1), bias=False)
        (bn2): SyncBatchNorm(512, eps=1e-05, momentum=0.1, affine=True, track_running_stats=True)
        (conv3): Conv2d(512, 2048, kernel_size=(1, 1), stride=(1, 1), bias=False)
        (bn3): SyncBatchNorm(2048, eps=1e-05, momentum=0.1, affine=True, track_running_stats=True)
        (relu): ReLU(inplace=True)
      )
      init_cfg={'type': 'Constant', 'val': 0, 'override': {'name': 'norm3'}}
      (2): Bottleneck(
        (conv1): Conv2d(2048, 512, kernel_size=(1, 1), stride=(1, 1), bias=False)
        (bn1): SyncBatchNorm(512, eps=1e-05, momentum=0.1, affine=True, track_running_stats=True)
        (conv2): Conv2d(512, 512, kernel_size=(3, 3), stride=(1, 1), padding=(1, 1), bias=False)
        (bn2): SyncBatchNorm(512, eps=1e-05, momentum=0.1, affine=True, track_running_stats=True)
        (conv3): Conv2d(512, 2048, kernel_size=(1, 1), stride=(1, 1), bias=False)
        (bn3): SyncBatchNorm(2048, eps=1e-05, momentum=0.1, affine=True, track_running_stats=True)
        (relu): ReLU(inplace=True)
      )
      init_cfg={'type': 'Constant', 'val': 0, 'override': {'name': 'norm3'}}
    )
  )
  init_cfg=[{'type': 'Kaiming', 'layer': 'Conv2d'}, {'type': 'Constant', 'val': 1, 'layer': ['_BatchNorm', 'GroupNorm']}]
  (decode_head): UPerHead(
    input_transform=multiple_select, ignore_index=255, align_corners=False
    (loss_decode): ModuleList(
      (0): CrossEntropyLoss(avg_non_ignore=False)
      (1): DiceLoss()
    )
    (conv_seg): Conv2d(512, 2, kernel_size=(1, 1), stride=(1, 1))
    (dropout): Dropout2d(p=0.1, inplace=False)
    (psp_modules): PPM(
      (0): Sequential(
        (0): AdaptiveAvgPool2d(output_size=1)
        (1): ConvModule(
          (conv): Conv2d(2048, 512, kernel_size=(1, 1), stride=(1, 1), bias=False)
          (bn): SyncBatchNorm(512, eps=1e-05, momentum=0.1, affine=True, track_running_stats=True)
          (activate): ReLU(inplace=True)
        )
      )
      (1): Sequential(
        (0): AdaptiveAvgPool2d(output_size=2)
        (1): ConvModule(
          (conv): Conv2d(2048, 512, kernel_size=(1, 1), stride=(1, 1), bias=False)
          (bn): SyncBatchNorm(512, eps=1e-05, momentum=0.1, affine=True, track_running_stats=True)
          (activate): ReLU(inplace=True)
        )
      )
      (2): Sequential(
        (0): AdaptiveAvgPool2d(output_size=3)
        (1): ConvModule(
          (conv): Conv2d(2048, 512, kernel_size=(1, 1), stride=(1, 1), bias=False)
          (bn): SyncBatchNorm(512, eps=1e-05, momentum=0.1, affine=True, track_running_stats=True)
          (activate): ReLU(inplace=True)
        )
      )
      (3): Sequential(
        (0): AdaptiveAvgPool2d(output_size=6)
        (1): ConvModule(
          (conv): Conv2d(2048, 512, kernel_size=(1, 1), stride=(1, 1), bias=False)
          (bn): SyncBatchNorm(512, eps=1e-05, momentum=0.1, affine=True, track_running_stats=True)
          (activate): ReLU(inplace=True)
        )
      )
    )
    (bottleneck): ConvModule(
      (conv): Conv2d(4096, 512, kernel_size=(3, 3), stride=(1, 1), padding=(1, 1), bias=False)
      (bn): SyncBatchNorm(512, eps=1e-05, momentum=0.1, affine=True, track_running_stats=True)
      (activate): ReLU(inplace=True)
    )
    (lateral_convs): ModuleList(
      (0): ConvModule(
        (conv): Conv2d(256, 512, kernel_size=(1, 1), stride=(1, 1), bias=False)
        (bn): SyncBatchNorm(512, eps=1e-05, momentum=0.1, affine=True, track_running_stats=True)
        (activate): ReLU()
      )
      (1): ConvModule(
        (conv): Conv2d(512, 512, kernel_size=(1, 1), stride=(1, 1), bias=False)
        (bn): SyncBatchNorm(512, eps=1e-05, momentum=0.1, affine=True, track_running_stats=True)
        (activate): ReLU()
      )
      (2): ConvModule(
        (conv): Conv2d(1024, 512, kernel_size=(1, 1), stride=(1, 1), bias=False)
        (bn): SyncBatchNorm(512, eps=1e-05, momentum=0.1, affine=True, track_running_stats=True)
        (activate): ReLU()
      )
    )
    (fpn_convs): ModuleList(
      (0): ConvModule(
        (conv): Conv2d(512, 512, kernel_size=(3, 3), stride=(1, 1), padding=(1, 1), bias=False)
        (bn): SyncBatchNorm(512, eps=1e-05, momentum=0.1, affine=True, track_running_stats=True)
        (activate): ReLU()
      )
      (1): ConvModule(
        (conv): Conv2d(512, 512, kernel_size=(3, 3), stride=(1, 1), padding=(1, 1), bias=False)
        (bn): SyncBatchNorm(512, eps=1e-05, momentum=0.1, affine=True, track_running_stats=True)
        (activate): ReLU()
      )
      (2): ConvModule(
        (conv): Conv2d(512, 512, kernel_size=(3, 3), stride=(1, 1), padding=(1, 1), bias=False)
        (bn): SyncBatchNorm(512, eps=1e-05, momentum=0.1, affine=True, track_running_stats=True)
        (activate): ReLU()
      )
    )
    (fpn_bottleneck): ConvModule(
      (conv): Conv2d(2048, 512, kernel_size=(3, 3), stride=(1, 1), padding=(1, 1), bias=False)
      (bn): SyncBatchNorm(512, eps=1e-05, momentum=0.1, affine=True, track_running_stats=True)
      (activate): ReLU(inplace=True)
    )
  )
  init_cfg={'type': 'Normal', 'std': 0.01, 'override': {'name': 'conv_seg'}}
)
2025-11-18 00:36:43,101 - mmseg - INFO - Loaded 568 images
2025-11-18 00:36:49,900 - mmseg - INFO - Loaded 64 images
2025-11-18 00:36:49,901 - mmseg - INFO - Start running, host: wuyou@wuyou-desktop, work_dir: /data/code2025/Q2/2025-11-17-02/work_dirs/upernet
2025-11-18 00:36:49,902 - mmseg - INFO - Hooks will be executed in the following order:
before_run:
(VERY_HIGH   ) PolyLrUpdaterHook                  
(NORMAL      ) CheckpointHook                     
(LOW         ) DistEvalHook                       
(VERY_LOW    ) TensorboardLoggerHook              
(VERY_LOW    ) TextLoggerHook                     
 -------------------- 
before_train_epoch:
(VERY_HIGH   ) PolyLrUpdaterHook                  
(LOW         ) IterTimerHook                      
(LOW         ) DistEvalHook                       
(VERY_LOW    ) TensorboardLoggerHook              
(VERY_LOW    ) TextLoggerHook                     
 -------------------- 
before_train_iter:
(VERY_HIGH   ) PolyLrUpdaterHook                  
(LOW         ) IterTimerHook                      
(LOW         ) DistEvalHook                       
 -------------------- 
after_train_iter:
(ABOVE_NORMAL) OptimizerHook                      
(NORMAL      ) CheckpointHook                     
(LOW         ) IterTimerHook                      
(LOW         ) DistEvalHook                       
(VERY_LOW    ) TensorboardLoggerHook              
(VERY_LOW    ) TextLoggerHook                     
 -------------------- 
after_train_epoch:
(NORMAL      ) CheckpointHook                     
(LOW         ) DistEvalHook                       
(VERY_LOW    ) TensorboardLoggerHook              
(VERY_LOW    ) TextLoggerHook                     
 -------------------- 
before_val_epoch:
(LOW         ) IterTimerHook                      
(VERY_LOW    ) TensorboardLoggerHook              
(VERY_LOW    ) TextLoggerHook                     
 -------------------- 
before_val_iter:
(LOW         ) IterTimerHook                      
 -------------------- 
after_val_iter:
(LOW         ) IterTimerHook                      
 -------------------- 
after_val_epoch:
(VERY_LOW    ) TensorboardLoggerHook              
(VERY_LOW    ) TextLoggerHook                     
 -------------------- 
after_run:
(VERY_LOW    ) TensorboardLoggerHook              
(VERY_LOW    ) TextLoggerHook                     
 -------------------- 
2025-11-18 00:36:49,902 - mmseg - INFO - workflow: [('train', 1)], max: 10000 iters
2025-11-18 00:36:49,902 - mmseg - INFO - Checkpoints will be saved to /data/code2025/Q2/2025-11-17-02/work_dirs/upernet by HardDiskBackend.
2025-11-18 00:37:09,435 - mmseg - INFO - Iter [50/10000]	lr: 9.956e-04, eta: 0:58:05, time: 0.350, data_time: 0.097, memory: 5807, decode.loss_ce: 0.2435, decode.loss_dice: 0.5252, decode.acc_seg: 96.3916, loss: 0.7687
2025-11-18 00:37:22,232 - mmseg - INFO - Iter [100/10000]	lr: 9.912e-04, eta: 0:50:00, time: 0.256, data_time: 0.004, memory: 5807, decode.loss_ce: 0.1306, decode.loss_dice: 0.4078, decode.acc_seg: 97.9926, loss: 0.5384
2025-11-18 00:37:35,070 - mmseg - INFO - Iter [150/10000]	lr: 9.867e-04, eta: 0:47:13, time: 0.257, data_time: 0.004, memory: 5807, decode.loss_ce: 0.1167, decode.loss_dice: 0.3783, decode.acc_seg: 98.3411, loss: 0.4951
2025-11-18 00:37:47,943 - mmseg - INFO - Iter [200/10000]	lr: 9.823e-04, eta: 0:45:45, time: 0.257, data_time: 0.004, memory: 5807, decode.loss_ce: 0.1039, decode.loss_dice: 0.3503, decode.acc_seg: 98.5825, loss: 0.4542
2025-11-18 00:38:00,829 - mmseg - INFO - Iter [250/10000]	lr: 9.778e-04, eta: 0:44:47, time: 0.258, data_time: 0.004, memory: 5807, decode.loss_ce: 0.1318, decode.loss_dice: 0.4254, decode.acc_seg: 97.7053, loss: 0.5572
2025-11-18 00:38:13,730 - mmseg - INFO - Iter [300/10000]	lr: 9.733e-04, eta: 0:44:05, time: 0.258, data_time: 0.005, memory: 5807, decode.loss_ce: 0.1500, decode.loss_dice: 0.4235, decode.acc_seg: 97.8674, loss: 0.5735
2025-11-18 00:38:26,613 - mmseg - INFO - Iter [350/10000]	lr: 9.688e-04, eta: 0:43:30, time: 0.258, data_time: 0.004, memory: 5807, decode.loss_ce: 0.1419, decode.loss_dice: 0.4345, decode.acc_seg: 97.7376, loss: 0.5764
2025-11-18 00:38:39,492 - mmseg - INFO - Iter [400/10000]	lr: 9.644e-04, eta: 0:43:01, time: 0.258, data_time: 0.005, memory: 5807, decode.loss_ce: 0.1337, decode.loss_dice: 0.3784, decode.acc_seg: 98.0052, loss: 0.5120
2025-11-18 00:38:52,383 - mmseg - INFO - Iter [450/10000]	lr: 9.599e-04, eta: 0:42:36, time: 0.258, data_time: 0.004, memory: 5807, decode.loss_ce: 0.1452, decode.loss_dice: 0.3927, decode.acc_seg: 97.8006, loss: 0.5379
2025-11-18 00:39:05,274 - mmseg - INFO - Iter [500/10000]	lr: 9.554e-04, eta: 0:42:13, time: 0.258, data_time: 0.004, memory: 5807, decode.loss_ce: 0.1248, decode.loss_dice: 0.3712, decode.acc_seg: 98.1823, loss: 0.4961
2025-11-18 00:39:18,172 - mmseg - INFO - Iter [550/10000]	lr: 9.509e-04, eta: 0:41:52, time: 0.258, data_time: 0.005, memory: 5807, decode.loss_ce: 0.1141, decode.loss_dice: 0.3883, decode.acc_seg: 98.2886, loss: 0.5024
2025-11-18 00:39:31,067 - mmseg - INFO - Iter [600/10000]	lr: 9.465e-04, eta: 0:41:33, time: 0.258, data_time: 0.005, memory: 5807, decode.loss_ce: 0.1189, decode.loss_dice: 0.4165, decode.acc_seg: 98.2571, loss: 0.5354
2025-11-18 00:39:43,966 - mmseg - INFO - Iter [650/10000]	lr: 9.420e-04, eta: 0:41:14, time: 0.258, data_time: 0.005, memory: 5807, decode.loss_ce: 0.1260, decode.loss_dice: 0.4252, decode.acc_seg: 98.1253, loss: 0.5511
2025-11-18 00:39:56,860 - mmseg - INFO - Iter [700/10000]	lr: 9.375e-04, eta: 0:40:57, time: 0.258, data_time: 0.005, memory: 5807, decode.loss_ce: 0.1397, decode.loss_dice: 0.4049, decode.acc_seg: 97.8945, loss: 0.5446
2025-11-18 00:40:09,771 - mmseg - INFO - Iter [750/10000]	lr: 9.330e-04, eta: 0:40:40, time: 0.258, data_time: 0.005, memory: 5807, decode.loss_ce: 0.1247, decode.loss_dice: 0.3592, decode.acc_seg: 98.1354, loss: 0.4839
2025-11-18 00:40:22,658 - mmseg - INFO - Iter [800/10000]	lr: 9.285e-04, eta: 0:40:23, time: 0.258, data_time: 0.005, memory: 5807, decode.loss_ce: 0.1399, decode.loss_dice: 0.4042, decode.acc_seg: 98.0342, loss: 0.5441
2025-11-18 00:40:35,573 - mmseg - INFO - Iter [850/10000]	lr: 9.240e-04, eta: 0:40:07, time: 0.258, data_time: 0.005, memory: 5807, decode.loss_ce: 0.1473, decode.loss_dice: 0.4085, decode.acc_seg: 98.1467, loss: 0.5558
2025-11-18 00:40:48,477 - mmseg - INFO - Iter [900/10000]	lr: 9.195e-04, eta: 0:39:51, time: 0.258, data_time: 0.005, memory: 5807, decode.loss_ce: 0.1519, decode.loss_dice: 0.4055, decode.acc_seg: 97.9276, loss: 0.5574
2025-11-18 00:41:01,386 - mmseg - INFO - Iter [950/10000]	lr: 9.150e-04, eta: 0:39:36, time: 0.258, data_time: 0.005, memory: 5807, decode.loss_ce: 0.1013, decode.loss_dice: 0.3598, decode.acc_seg: 98.5071, loss: 0.4611
2025-11-18 00:41:14,284 - mmseg - INFO - Exp name: upernet.py
2025-11-18 00:41:14,285 - mmseg - INFO - Iter [1000/10000]	lr: 9.105e-04, eta: 0:39:21, time: 0.258, data_time: 0.005, memory: 5807, decode.loss_ce: 0.1308, decode.loss_dice: 0.3719, decode.acc_seg: 98.0493, loss: 0.5027
2025-11-18 00:41:35,446 - mmseg - INFO - per class results:
2025-11-18 00:41:35,451 - mmseg - INFO - 
+------------+-------+------+-------+--------+-----------+--------+-------+
|   Class    |  IoU  | HD95 |  Acc  | Fscore | Precision | Recall |  Dice |
+------------+-------+------+-------+--------+-----------+--------+-------+
| background | 97.21 | 8.04 | 99.88 | 98.59  |   97.33   | 99.88  | 98.59 |
|   Lesion   | 17.15 | 21.3 | 17.77 | 29.28  |   83.22   | 17.77  | 29.28 |
+------------+-------+------+-------+--------+-----------+--------+-------+
2025-11-18 00:41:35,451 - mmseg - INFO - Summary:
2025-11-18 00:41:35,452 - mmseg - INFO - 
+-------+-------+-------+-------+---------+------------+---------+-------+
|  aAcc |  mIoU | mHD95 |  mAcc | mFscore | mPrecision | mRecall | mDice |
+-------+-------+-------+-------+---------+------------+---------+-------+
| 97.23 | 57.18 | 14.67 | 58.82 |  63.94  |   90.27    |  58.82  | 63.94 |
+-------+-------+-------+-------+---------+------------+---------+-------+
2025-11-18 00:41:35,454 - mmseg - INFO - Exp name: upernet.py
2025-11-18 00:41:35,454 - mmseg - INFO - Iter(val) [64]	aAcc: 0.9723, mIoU: 0.5718, mHD95: 0.1467, mAcc: 0.5882, mFscore: 0.6394, mPrecision: 0.9027, mRecall: 0.5882, mDice: 0.6394, IoU.background: 0.9721, IoU.Lesion: 0.1715, HD95.background: 0.0804, HD95.Lesion: 0.2130, Acc.background: 0.9988, Acc.Lesion: 0.1777, Fscore.background: 0.9859, Fscore.Lesion: 0.2928, Precision.background: 0.9733, Precision.Lesion: 0.8322, Recall.background: 0.9988, Recall.Lesion: 0.1777, Dice.background: 0.9859, Dice.Lesion: 0.2928
2025-11-18 00:41:48,340 - mmseg - INFO - Iter [1050/10000]	lr: 9.060e-04, eta: 0:42:06, time: 0.681, data_time: 0.428, memory: 5807, decode.loss_ce: 0.1029, decode.loss_dice: 0.3731, decode.acc_seg: 98.5795, loss: 0.4760
2025-11-18 00:42:01,222 - mmseg - INFO - Iter [1100/10000]	lr: 9.015e-04, eta: 0:41:42, time: 0.258, data_time: 0.004, memory: 5807, decode.loss_ce: 0.1126, decode.loss_dice: 0.3623, decode.acc_seg: 98.3565, loss: 0.4749
2025-11-18 00:42:14,102 - mmseg - INFO - Iter [1150/10000]	lr: 8.970e-04, eta: 0:41:19, time: 0.258, data_time: 0.004, memory: 5807, decode.loss_ce: 0.1232, decode.loss_dice: 0.3898, decode.acc_seg: 98.0961, loss: 0.5130
2025-11-18 00:42:27,016 - mmseg - INFO - Iter [1200/10000]	lr: 8.925e-04, eta: 0:40:57, time: 0.258, data_time: 0.004, memory: 5807, decode.loss_ce: 0.1141, decode.loss_dice: 0.3569, decode.acc_seg: 98.2866, loss: 0.4710
2025-11-18 00:42:39,929 - mmseg - INFO - Iter [1250/10000]	lr: 8.880e-04, eta: 0:40:36, time: 0.258, data_time: 0.004, memory: 5807, decode.loss_ce: 0.1029, decode.loss_dice: 0.3734, decode.acc_seg: 98.5919, loss: 0.4763
2025-11-18 00:42:52,855 - mmseg - INFO - Iter [1300/10000]	lr: 8.835e-04, eta: 0:40:15, time: 0.259, data_time: 0.005, memory: 5807, decode.loss_ce: 0.1332, decode.loss_dice: 0.3749, decode.acc_seg: 97.8326, loss: 0.5081
2025-11-18 00:43:05,776 - mmseg - INFO - Iter [1350/10000]	lr: 8.790e-04, eta: 0:39:55, time: 0.258, data_time: 0.005, memory: 5807, decode.loss_ce: 0.0970, decode.loss_dice: 0.3371, decode.acc_seg: 98.5392, loss: 0.4340
2025-11-18 00:43:18,696 - mmseg - INFO - Iter [1400/10000]	lr: 8.744e-04, eta: 0:39:35, time: 0.258, data_time: 0.005, memory: 5807, decode.loss_ce: 0.1247, decode.loss_dice: 0.3324, decode.acc_seg: 98.0594, loss: 0.4571
2025-11-18 00:43:33,815 - mmseg - INFO - Iter [1450/10000]	lr: 8.699e-04, eta: 0:39:29, time: 0.302, data_time: 0.048, memory: 5807, decode.loss_ce: 0.1314, decode.loss_dice: 0.3393, decode.acc_seg: 98.0598, loss: 0.4706
2025-11-18 00:43:46,733 - mmseg - INFO - Iter [1500/10000]	lr: 8.654e-04, eta: 0:39:10, time: 0.258, data_time: 0.005, memory: 5807, decode.loss_ce: 0.1322, decode.loss_dice: 0.3603, decode.acc_seg: 98.0193, loss: 0.4926
2025-11-18 00:43:59,646 - mmseg - INFO - Iter [1550/10000]	lr: 8.608e-04, eta: 0:38:51, time: 0.258, data_time: 0.005, memory: 5807, decode.loss_ce: 0.1090, decode.loss_dice: 0.3512, decode.acc_seg: 98.4453, loss: 0.4602
2025-11-18 00:44:12,561 - mmseg - INFO - Iter [1600/10000]	lr: 8.563e-04, eta: 0:38:33, time: 0.258, data_time: 0.005, memory: 5807, decode.loss_ce: 0.1265, decode.loss_dice: 0.3647, decode.acc_seg: 98.2251, loss: 0.4913
2025-11-18 00:44:25,483 - mmseg - INFO - Iter [1650/10000]	lr: 8.518e-04, eta: 0:38:15, time: 0.258, data_time: 0.005, memory: 5807, decode.loss_ce: 0.1182, decode.loss_dice: 0.3397, decode.acc_seg: 98.2523, loss: 0.4579
2025-11-18 00:44:38,390 - mmseg - INFO - Iter [1700/10000]	lr: 8.472e-04, eta: 0:37:57, time: 0.258, data_time: 0.005, memory: 5807, decode.loss_ce: 0.0945, decode.loss_dice: 0.3137, decode.acc_seg: 98.6000, loss: 0.4083
2025-11-18 00:44:51,306 - mmseg - INFO - Iter [1750/10000]	lr: 8.427e-04, eta: 0:37:39, time: 0.258, data_time: 0.005, memory: 5807, decode.loss_ce: 0.0989, decode.loss_dice: 0.3480, decode.acc_seg: 98.5340, loss: 0.4469
2025-11-18 00:45:04,222 - mmseg - INFO - Iter [1800/10000]	lr: 8.382e-04, eta: 0:37:22, time: 0.258, data_time: 0.005, memory: 5807, decode.loss_ce: 0.1031, decode.loss_dice: 0.3124, decode.acc_seg: 98.3769, loss: 0.4155
2025-11-18 00:45:17,140 - mmseg - INFO - Iter [1850/10000]	lr: 8.336e-04, eta: 0:37:05, time: 0.258, data_time: 0.005, memory: 5807, decode.loss_ce: 0.1138, decode.loss_dice: 0.3572, decode.acc_seg: 98.3686, loss: 0.4710
2025-11-18 00:45:30,049 - mmseg - INFO - Iter [1900/10000]	lr: 8.291e-04, eta: 0:36:48, time: 0.258, data_time: 0.005, memory: 5807, decode.loss_ce: 0.1125, decode.loss_dice: 0.3408, decode.acc_seg: 98.3281, loss: 0.4533
2025-11-18 00:45:42,962 - mmseg - INFO - Iter [1950/10000]	lr: 8.245e-04, eta: 0:36:32, time: 0.258, data_time: 0.005, memory: 5807, decode.loss_ce: 0.1161, decode.loss_dice: 0.3550, decode.acc_seg: 98.3021, loss: 0.4711
2025-11-18 00:45:55,860 - mmseg - INFO - Exp name: upernet.py
2025-11-18 00:45:55,860 - mmseg - INFO - Iter [2000/10000]	lr: 8.200e-04, eta: 0:36:15, time: 0.258, data_time: 0.005, memory: 5807, decode.loss_ce: 0.1044, decode.loss_dice: 0.2990, decode.acc_seg: 98.5391, loss: 0.4034
2025-11-18 00:46:12,141 - mmseg - INFO - per class results:
2025-11-18 00:46:12,143 - mmseg - INFO - 
+------------+-------+-------+-------+--------+-----------+--------+-------+
|   Class    |  IoU  |  HD95 |  Acc  | Fscore | Precision | Recall |  Dice |
+------------+-------+-------+-------+--------+-----------+--------+-------+
| background | 98.43 |  7.77 | 99.46 | 99.21  |   98.96   | 99.46  | 99.21 |
|   Lesion   | 59.03 | 12.83 | 68.59 | 74.24  |    80.9   | 68.59  | 74.24 |
+------------+-------+-------+-------+--------+-----------+--------+-------+
2025-11-18 00:46:12,146 - mmseg - INFO - Summary:
2025-11-18 00:46:12,146 - mmseg - INFO - 
+-------+-------+-------+-------+---------+------------+---------+-------+
|  aAcc |  mIoU | mHD95 |  mAcc | mFscore | mPrecision | mRecall | mDice |
+-------+-------+-------+-------+---------+------------+---------+-------+
| 98.46 | 78.73 |  10.3 | 84.03 |  86.72  |   89.93    |  84.03  | 86.72 |
+-------+-------+-------+-------+---------+------------+---------+-------+
2025-11-18 00:46:12,148 - mmseg - INFO - Exp name: upernet.py
2025-11-18 00:46:12,149 - mmseg - INFO - Iter(val) [64]	aAcc: 0.9846, mIoU: 0.7873, mHD95: 0.1030, mAcc: 0.8403, mFscore: 0.8672, mPrecision: 0.8993, mRecall: 0.8403, mDice: 0.8672, IoU.background: 0.9843, IoU.Lesion: 0.5903, HD95.background: 0.0777, HD95.Lesion: 0.1283, Acc.background: 0.9946, Acc.Lesion: 0.6859, Fscore.background: 0.9921, Fscore.Lesion: 0.7424, Precision.background: 0.9896, Precision.Lesion: 0.8090, Recall.background: 0.9946, Recall.Lesion: 0.6859, Dice.background: 0.9921, Dice.Lesion: 0.7424
2025-11-18 00:46:25,143 - mmseg - INFO - Iter [2050/10000]	lr: 8.154e-04, eta: 0:37:02, time: 0.586, data_time: 0.331, memory: 5807, decode.loss_ce: 0.1037, decode.loss_dice: 0.2979, decode.acc_seg: 98.5370, loss: 0.4016
2025-11-18 00:46:38,025 - mmseg - INFO - Iter [2100/10000]	lr: 8.108e-04, eta: 0:36:44, time: 0.258, data_time: 0.005, memory: 5807, decode.loss_ce: 0.0897, decode.loss_dice: 0.3024, decode.acc_seg: 98.6130, loss: 0.3922
2025-11-18 00:46:50,898 - mmseg - INFO - Iter [2150/10000]	lr: 8.063e-04, eta: 0:36:26, time: 0.257, data_time: 0.005, memory: 5807, decode.loss_ce: 0.1075, decode.loss_dice: 0.2998, decode.acc_seg: 98.4203, loss: 0.4074
2025-11-18 00:47:03,766 - mmseg - INFO - Iter [2200/10000]	lr: 8.017e-04, eta: 0:36:09, time: 0.257, data_time: 0.005, memory: 5807, decode.loss_ce: 0.1030, decode.loss_dice: 0.3350, decode.acc_seg: 98.3294, loss: 0.4380
2025-11-18 00:47:16,618 - mmseg - INFO - Iter [2250/10000]	lr: 7.971e-04, eta: 0:35:51, time: 0.257, data_time: 0.005, memory: 5807, decode.loss_ce: 0.0921, decode.loss_dice: 0.3098, decode.acc_seg: 98.6688, loss: 0.4019
2025-11-18 00:47:29,466 - mmseg - INFO - Iter [2300/10000]	lr: 7.926e-04, eta: 0:35:34, time: 0.257, data_time: 0.005, memory: 5807, decode.loss_ce: 0.1231, decode.loss_dice: 0.3077, decode.acc_seg: 98.1388, loss: 0.4308
2025-11-18 00:47:42,326 - mmseg - INFO - Iter [2350/10000]	lr: 7.880e-04, eta: 0:35:17, time: 0.257, data_time: 0.005, memory: 5807, decode.loss_ce: 0.0950, decode.loss_dice: 0.3096, decode.acc_seg: 98.5740, loss: 0.4046
2025-11-18 00:47:55,188 - mmseg - INFO - Iter [2400/10000]	lr: 7.834e-04, eta: 0:35:00, time: 0.257, data_time: 0.005, memory: 5807, decode.loss_ce: 0.0938, decode.loss_dice: 0.3218, decode.acc_seg: 98.5883, loss: 0.4157
2025-11-18 00:48:08,036 - mmseg - INFO - Iter [2450/10000]	lr: 7.788e-04, eta: 0:34:43, time: 0.257, data_time: 0.005, memory: 5807, decode.loss_ce: 0.0864, decode.loss_dice: 0.2618, decode.acc_seg: 98.7631, loss: 0.3483
2025-11-18 00:48:20,872 - mmseg - INFO - Iter [2500/10000]	lr: 7.743e-04, eta: 0:34:26, time: 0.257, data_time: 0.005, memory: 5807, decode.loss_ce: 0.0754, decode.loss_dice: 0.2503, decode.acc_seg: 98.8210, loss: 0.3256
2025-11-18 00:48:33,706 - mmseg - INFO - Iter [2550/10000]	lr: 7.697e-04, eta: 0:34:10, time: 0.257, data_time: 0.005, memory: 5807, decode.loss_ce: 0.0893, decode.loss_dice: 0.2802, decode.acc_seg: 98.5708, loss: 0.3695
2025-11-18 00:48:46,531 - mmseg - INFO - Iter [2600/10000]	lr: 7.651e-04, eta: 0:33:53, time: 0.257, data_time: 0.005, memory: 5807, decode.loss_ce: 0.0776, decode.loss_dice: 0.2635, decode.acc_seg: 98.7390, loss: 0.3411
2025-11-18 00:48:59,354 - mmseg - INFO - Iter [2650/10000]	lr: 7.605e-04, eta: 0:33:37, time: 0.256, data_time: 0.005, memory: 5807, decode.loss_ce: 0.0885, decode.loss_dice: 0.2673, decode.acc_seg: 98.7594, loss: 0.3558
2025-11-18 00:49:12,174 - mmseg - INFO - Iter [2700/10000]	lr: 7.559e-04, eta: 0:33:21, time: 0.256, data_time: 0.005, memory: 5807, decode.loss_ce: 0.0800, decode.loss_dice: 0.2776, decode.acc_seg: 98.7469, loss: 0.3577
2025-11-18 00:49:25,006 - mmseg - INFO - Iter [2750/10000]	lr: 7.513e-04, eta: 0:33:05, time: 0.257, data_time: 0.005, memory: 5807, decode.loss_ce: 0.0923, decode.loss_dice: 0.2893, decode.acc_seg: 98.5582, loss: 0.3816
2025-11-18 00:49:37,816 - mmseg - INFO - Iter [2800/10000]	lr: 7.467e-04, eta: 0:32:49, time: 0.256, data_time: 0.005, memory: 5807, decode.loss_ce: 0.0859, decode.loss_dice: 0.2587, decode.acc_seg: 98.6779, loss: 0.3446
2025-11-18 00:49:52,866 - mmseg - INFO - Iter [2850/10000]	lr: 7.421e-04, eta: 0:32:39, time: 0.301, data_time: 0.048, memory: 5807, decode.loss_ce: 0.0813, decode.loss_dice: 0.2760, decode.acc_seg: 98.7438, loss: 0.3573
2025-11-18 00:50:05,675 - mmseg - INFO - Iter [2900/10000]	lr: 7.375e-04, eta: 0:32:23, time: 0.256, data_time: 0.005, memory: 5807, decode.loss_ce: 0.0807, decode.loss_dice: 0.2514, decode.acc_seg: 98.6746, loss: 0.3321
2025-11-18 00:50:18,482 - mmseg - INFO - Iter [2950/10000]	lr: 7.329e-04, eta: 0:32:07, time: 0.256, data_time: 0.005, memory: 5807, decode.loss_ce: 0.0944, decode.loss_dice: 0.2603, decode.acc_seg: 98.5461, loss: 0.3547
2025-11-18 00:50:31,293 - mmseg - INFO - Exp name: upernet.py
2025-11-18 00:50:31,293 - mmseg - INFO - Iter [3000/10000]	lr: 7.283e-04, eta: 0:31:51, time: 0.256, data_time: 0.005, memory: 5807, decode.loss_ce: 0.0970, decode.loss_dice: 0.2733, decode.acc_seg: 98.5448, loss: 0.3703
2025-11-18 00:50:46,938 - mmseg - INFO - per class results:
2025-11-18 00:50:46,939 - mmseg - INFO - 
+------------+-------+-------+-------+--------+-----------+--------+-------+
|   Class    |  IoU  |  HD95 |  Acc  | Fscore | Precision | Recall |  Dice |
+------------+-------+-------+-------+--------+-----------+--------+-------+
| background | 97.25 |  8.05 | 99.98 | 98.61  |   97.28   | 99.98  | 98.61 |
|   Lesion   | 15.94 | 21.59 | 16.04 | 27.49  |   95.99   | 16.04  | 27.49 |
+------------+-------+-------+-------+--------+-----------+--------+-------+
2025-11-18 00:50:46,939 - mmseg - INFO - Summary:
2025-11-18 00:50:46,939 - mmseg - INFO - 
+-------+------+-------+-------+---------+------------+---------+-------+
|  aAcc | mIoU | mHD95 |  mAcc | mFscore | mPrecision | mRecall | mDice |
+-------+------+-------+-------+---------+------------+---------+-------+
| 97.27 | 56.6 | 14.82 | 58.01 |  63.05  |   96.63    |  58.01  | 63.05 |
+-------+------+-------+-------+---------+------------+---------+-------+
2025-11-18 00:50:46,941 - mmseg - INFO - Exp name: upernet.py
2025-11-18 00:50:46,941 - mmseg - INFO - Iter(val) [64]	aAcc: 0.9727, mIoU: 0.5660, mHD95: 0.1482, mAcc: 0.5801, mFscore: 0.6305, mPrecision: 0.9663, mRecall: 0.5801, mDice: 0.6305, IoU.background: 0.9725, IoU.Lesion: 0.1594, HD95.background: 0.0805, HD95.Lesion: 0.2159, Acc.background: 0.9998, Acc.Lesion: 0.1604, Fscore.background: 0.9861, Fscore.Lesion: 0.2749, Precision.background: 0.9728, Precision.Lesion: 0.9599, Recall.background: 0.9998, Recall.Lesion: 0.1604, Dice.background: 0.9861, Dice.Lesion: 0.2749
2025-11-18 00:50:59,727 - mmseg - INFO - Iter [3050/10000]	lr: 7.236e-04, eta: 0:32:11, time: 0.569, data_time: 0.318, memory: 5807, decode.loss_ce: 0.0942, decode.loss_dice: 0.2808, decode.acc_seg: 98.6091, loss: 0.3749
2025-11-18 00:51:12,498 - mmseg - INFO - Iter [3100/10000]	lr: 7.190e-04, eta: 0:31:55, time: 0.255, data_time: 0.005, memory: 5807, decode.loss_ce: 0.1005, decode.loss_dice: 0.2713, decode.acc_seg: 98.5963, loss: 0.3718
2025-11-18 00:51:25,276 - mmseg - INFO - Iter [3150/10000]	lr: 7.144e-04, eta: 0:31:39, time: 0.256, data_time: 0.005, memory: 5807, decode.loss_ce: 0.0880, decode.loss_dice: 0.2857, decode.acc_seg: 98.5893, loss: 0.3738
2025-11-18 00:51:38,054 - mmseg - INFO - Iter [3200/10000]	lr: 7.098e-04, eta: 0:31:22, time: 0.256, data_time: 0.005, memory: 5807, decode.loss_ce: 0.0779, decode.loss_dice: 0.2488, decode.acc_seg: 98.7886, loss: 0.3267
2025-11-18 00:51:50,848 - mmseg - INFO - Iter [3250/10000]	lr: 7.051e-04, eta: 0:31:06, time: 0.256, data_time: 0.005, memory: 5807, decode.loss_ce: 0.0873, decode.loss_dice: 0.2835, decode.acc_seg: 98.7203, loss: 0.3708
2025-11-18 00:52:03,617 - mmseg - INFO - Iter [3300/10000]	lr: 7.005e-04, eta: 0:30:50, time: 0.255, data_time: 0.005, memory: 5807, decode.loss_ce: 0.0910, decode.loss_dice: 0.2808, decode.acc_seg: 98.5883, loss: 0.3719
2025-11-18 00:52:16,405 - mmseg - INFO - Iter [3350/10000]	lr: 6.959e-04, eta: 0:30:35, time: 0.256, data_time: 0.005, memory: 5807, decode.loss_ce: 0.0939, decode.loss_dice: 0.2472, decode.acc_seg: 98.6312, loss: 0.3411
2025-11-18 00:52:29,176 - mmseg - INFO - Iter [3400/10000]	lr: 6.912e-04, eta: 0:30:19, time: 0.255, data_time: 0.005, memory: 5807, decode.loss_ce: 0.0766, decode.loss_dice: 0.2493, decode.acc_seg: 98.7536, loss: 0.3259
2025-11-18 00:52:41,955 - mmseg - INFO - Iter [3450/10000]	lr: 6.866e-04, eta: 0:30:03, time: 0.256, data_time: 0.005, memory: 5807, decode.loss_ce: 0.0746, decode.loss_dice: 0.2581, decode.acc_seg: 98.8713, loss: 0.3327
2025-11-18 00:52:54,723 - mmseg - INFO - Iter [3500/10000]	lr: 6.819e-04, eta: 0:29:48, time: 0.255, data_time: 0.005, memory: 5807, decode.loss_ce: 0.0723, decode.loss_dice: 0.2504, decode.acc_seg: 98.8590, loss: 0.3227
2025-11-18 00:53:07,495 - mmseg - INFO - Iter [3550/10000]	lr: 6.773e-04, eta: 0:29:32, time: 0.255, data_time: 0.005, memory: 5807, decode.loss_ce: 0.0887, decode.loss_dice: 0.2705, decode.acc_seg: 98.4971, loss: 0.3592
2025-11-18 00:53:20,256 - mmseg - INFO - Iter [3600/10000]	lr: 6.726e-04, eta: 0:29:17, time: 0.255, data_time: 0.005, memory: 5807, decode.loss_ce: 0.1139, decode.loss_dice: 0.2859, decode.acc_seg: 98.1987, loss: 0.3998
2025-11-18 00:53:33,026 - mmseg - INFO - Iter [3650/10000]	lr: 6.680e-04, eta: 0:29:01, time: 0.255, data_time: 0.005, memory: 5807, decode.loss_ce: 0.0627, decode.loss_dice: 0.2466, decode.acc_seg: 99.0263, loss: 0.3093
2025-11-18 00:53:45,805 - mmseg - INFO - Iter [3700/10000]	lr: 6.633e-04, eta: 0:28:46, time: 0.256, data_time: 0.005, memory: 5807, decode.loss_ce: 0.0818, decode.loss_dice: 0.2553, decode.acc_seg: 98.8320, loss: 0.3371
2025-11-18 00:53:58,568 - mmseg - INFO - Iter [3750/10000]	lr: 6.586e-04, eta: 0:28:31, time: 0.255, data_time: 0.005, memory: 5807, decode.loss_ce: 0.0796, decode.loss_dice: 0.2452, decode.acc_seg: 98.6604, loss: 0.3249
2025-11-18 00:54:11,324 - mmseg - INFO - Iter [3800/10000]	lr: 6.539e-04, eta: 0:28:15, time: 0.255, data_time: 0.005, memory: 5807, decode.loss_ce: 0.0973, decode.loss_dice: 0.2499, decode.acc_seg: 98.4707, loss: 0.3472
2025-11-18 00:54:24,071 - mmseg - INFO - Iter [3850/10000]	lr: 6.493e-04, eta: 0:28:00, time: 0.255, data_time: 0.005, memory: 5807, decode.loss_ce: 0.0799, decode.loss_dice: 0.2497, decode.acc_seg: 98.6718, loss: 0.3297
2025-11-18 00:54:36,799 - mmseg - INFO - Iter [3900/10000]	lr: 6.446e-04, eta: 0:27:45, time: 0.255, data_time: 0.005, memory: 5807, decode.loss_ce: 0.0807, decode.loss_dice: 0.2426, decode.acc_seg: 98.7586, loss: 0.3234
2025-11-18 00:54:49,529 - mmseg - INFO - Iter [3950/10000]	lr: 6.399e-04, eta: 0:27:30, time: 0.255, data_time: 0.005, memory: 5807, decode.loss_ce: 0.0906, decode.loss_dice: 0.2855, decode.acc_seg: 98.6015, loss: 0.3761
2025-11-18 00:55:02,249 - mmseg - INFO - Exp name: upernet.py
2025-11-18 00:55:02,249 - mmseg - INFO - Iter [4000/10000]	lr: 6.352e-04, eta: 0:27:15, time: 0.254, data_time: 0.005, memory: 5807, decode.loss_ce: 0.0845, decode.loss_dice: 0.2509, decode.acc_seg: 98.7130, loss: 0.3353
2025-11-18 00:55:17,890 - mmseg - INFO - per class results:
2025-11-18 00:55:17,891 - mmseg - INFO - 
+------------+-------+-------+-------+--------+-----------+--------+-------+
|   Class    |  IoU  |  HD95 |  Acc  | Fscore | Precision | Recall |  Dice |
+------------+-------+-------+-------+--------+-----------+--------+-------+
| background | 97.47 |  8.01 | 99.96 | 98.72  |   97.51   | 99.96  | 98.72 |
|   Lesion   |  23.2 | 20.35 | 23.51 | 37.67  |   94.63   | 23.51  | 37.67 |
+------------+-------+-------+-------+--------+-----------+--------+-------+
2025-11-18 00:55:17,891 - mmseg - INFO - Summary:
2025-11-18 00:55:17,891 - mmseg - INFO - 
+-------+-------+-------+-------+---------+------------+---------+-------+
|  aAcc |  mIoU | mHD95 |  mAcc | mFscore | mPrecision | mRecall | mDice |
+-------+-------+-------+-------+---------+------------+---------+-------+
| 97.49 | 60.34 | 14.18 | 61.73 |  68.19  |   96.07    |  61.73  | 68.19 |
+-------+-------+-------+-------+---------+------------+---------+-------+
2025-11-18 00:55:17,893 - mmseg - INFO - Exp name: upernet.py
2025-11-18 00:55:17,894 - mmseg - INFO - Iter(val) [64]	aAcc: 0.9749, mIoU: 0.6034, mHD95: 0.1418, mAcc: 0.6173, mFscore: 0.6819, mPrecision: 0.9607, mRecall: 0.6173, mDice: 0.6819, IoU.background: 0.9747, IoU.Lesion: 0.2320, HD95.background: 0.0801, HD95.Lesion: 0.2035, Acc.background: 0.9996, Acc.Lesion: 0.2351, Fscore.background: 0.9872, Fscore.Lesion: 0.3767, Precision.background: 0.9751, Precision.Lesion: 0.9463, Recall.background: 0.9996, Recall.Lesion: 0.2351, Dice.background: 0.9872, Dice.Lesion: 0.3767
2025-11-18 00:55:30,590 - mmseg - INFO - Iter [4050/10000]	lr: 6.305e-04, eta: 0:27:23, time: 0.567, data_time: 0.318, memory: 5807, decode.loss_ce: 0.0914, decode.loss_dice: 0.2494, decode.acc_seg: 98.6794, loss: 0.3407
2025-11-18 00:55:43,265 - mmseg - INFO - Iter [4100/10000]	lr: 6.258e-04, eta: 0:27:07, time: 0.254, data_time: 0.005, memory: 5807, decode.loss_ce: 0.0913, decode.loss_dice: 0.2477, decode.acc_seg: 98.5363, loss: 0.3391
2025-11-18 00:55:55,965 - mmseg - INFO - Iter [4150/10000]	lr: 6.211e-04, eta: 0:26:52, time: 0.254, data_time: 0.005, memory: 5807, decode.loss_ce: 0.0680, decode.loss_dice: 0.2469, decode.acc_seg: 98.9174, loss: 0.3149
2025-11-18 00:56:08,656 - mmseg - INFO - Iter [4200/10000]	lr: 6.164e-04, eta: 0:26:37, time: 0.254, data_time: 0.005, memory: 5807, decode.loss_ce: 0.1005, decode.loss_dice: 0.2665, decode.acc_seg: 98.4961, loss: 0.3670
2025-11-18 00:56:21,319 - mmseg - INFO - Iter [4250/10000]	lr: 6.117e-04, eta: 0:26:22, time: 0.253, data_time: 0.005, memory: 5807, decode.loss_ce: 0.0739, decode.loss_dice: 0.2539, decode.acc_seg: 98.7997, loss: 0.3278
2025-11-18 00:56:36,254 - mmseg - INFO - Iter [4300/10000]	lr: 6.070e-04, eta: 0:26:09, time: 0.299, data_time: 0.049, memory: 5807, decode.loss_ce: 0.0651, decode.loss_dice: 0.2139, decode.acc_seg: 98.9610, loss: 0.2790
2025-11-18 00:56:48,921 - mmseg - INFO - Iter [4350/10000]	lr: 6.023e-04, eta: 0:25:54, time: 0.253, data_time: 0.005, memory: 5807, decode.loss_ce: 0.1216, decode.loss_dice: 0.2833, decode.acc_seg: 98.2640, loss: 0.4048
2025-11-18 00:57:01,584 - mmseg - INFO - Iter [4400/10000]	lr: 5.976e-04, eta: 0:25:39, time: 0.253, data_time: 0.005, memory: 5807, decode.loss_ce: 0.0739, decode.loss_dice: 0.2469, decode.acc_seg: 98.8004, loss: 0.3207
2025-11-18 00:57:14,227 - mmseg - INFO - Iter [4450/10000]	lr: 5.929e-04, eta: 0:25:24, time: 0.253, data_time: 0.005, memory: 5807, decode.loss_ce: 0.0845, decode.loss_dice: 0.2456, decode.acc_seg: 98.8192, loss: 0.3302
2025-11-18 00:57:26,900 - mmseg - INFO - Iter [4500/10000]	lr: 5.881e-04, eta: 0:25:09, time: 0.253, data_time: 0.005, memory: 5807, decode.loss_ce: 0.0944, decode.loss_dice: 0.2806, decode.acc_seg: 98.5955, loss: 0.3750
2025-11-18 00:57:39,570 - mmseg - INFO - Iter [4550/10000]	lr: 5.834e-04, eta: 0:24:54, time: 0.253, data_time: 0.005, memory: 5807, decode.loss_ce: 0.0647, decode.loss_dice: 0.2510, decode.acc_seg: 98.9441, loss: 0.3157
2025-11-18 00:57:52,240 - mmseg - INFO - Iter [4600/10000]	lr: 5.787e-04, eta: 0:24:39, time: 0.253, data_time: 0.005, memory: 5807, decode.loss_ce: 0.0647, decode.loss_dice: 0.2169, decode.acc_seg: 99.0080, loss: 0.2816
2025-11-18 00:58:04,920 - mmseg - INFO - Iter [4650/10000]	lr: 5.739e-04, eta: 0:24:24, time: 0.254, data_time: 0.005, memory: 5807, decode.loss_ce: 0.0774, decode.loss_dice: 0.2294, decode.acc_seg: 98.7787, loss: 0.3068
2025-11-18 00:58:17,624 - mmseg - INFO - Iter [4700/10000]	lr: 5.692e-04, eta: 0:24:09, time: 0.254, data_time: 0.005, memory: 5807, decode.loss_ce: 0.1006, decode.loss_dice: 0.2398, decode.acc_seg: 98.4470, loss: 0.3405
2025-11-18 00:58:30,324 - mmseg - INFO - Iter [4750/10000]	lr: 5.644e-04, eta: 0:23:55, time: 0.254, data_time: 0.005, memory: 5807, decode.loss_ce: 0.0749, decode.loss_dice: 0.2479, decode.acc_seg: 98.8646, loss: 0.3228
2025-11-18 00:58:43,025 - mmseg - INFO - Iter [4800/10000]	lr: 5.597e-04, eta: 0:23:40, time: 0.254, data_time: 0.005, memory: 5807, decode.loss_ce: 0.0994, decode.loss_dice: 0.2531, decode.acc_seg: 98.4578, loss: 0.3525
2025-11-18 00:58:55,722 - mmseg - INFO - Iter [4850/10000]	lr: 5.549e-04, eta: 0:23:25, time: 0.254, data_time: 0.005, memory: 5807, decode.loss_ce: 0.0772, decode.loss_dice: 0.2466, decode.acc_seg: 98.7855, loss: 0.3238
2025-11-18 00:59:08,416 - mmseg - INFO - Iter [4900/10000]	lr: 5.502e-04, eta: 0:23:11, time: 0.254, data_time: 0.005, memory: 5807, decode.loss_ce: 0.0932, decode.loss_dice: 0.2384, decode.acc_seg: 98.5283, loss: 0.3316
2025-11-18 00:59:21,116 - mmseg - INFO - Iter [4950/10000]	lr: 5.454e-04, eta: 0:22:56, time: 0.254, data_time: 0.005, memory: 5807, decode.loss_ce: 0.0634, decode.loss_dice: 0.2440, decode.acc_seg: 98.9709, loss: 0.3075
2025-11-18 00:59:33,811 - mmseg - INFO - Exp name: upernet.py
2025-11-18 00:59:33,811 - mmseg - INFO - Iter [5000/10000]	lr: 5.406e-04, eta: 0:22:41, time: 0.254, data_time: 0.005, memory: 5807, decode.loss_ce: 0.0812, decode.loss_dice: 0.2300, decode.acc_seg: 98.7577, loss: 0.3112
2025-11-18 00:59:49,401 - mmseg - INFO - per class results:
2025-11-18 00:59:49,402 - mmseg - INFO - 
+------------+-------+-------+-------+--------+-----------+--------+-------+
|   Class    |  IoU  |  HD95 |  Acc  | Fscore | Precision | Recall |  Dice |
+------------+-------+-------+-------+--------+-----------+--------+-------+
| background | 98.24 |  7.88 |  99.9 | 99.11  |   98.34   |  99.9  | 99.11 |
|   Lesion   |  47.9 | 16.04 | 49.33 | 64.77  |    94.3   | 49.33  | 64.77 |
+------------+-------+-------+-------+--------+-----------+--------+-------+
2025-11-18 00:59:49,402 - mmseg - INFO - Summary:
2025-11-18 00:59:49,403 - mmseg - INFO - 
+-------+-------+-------+-------+---------+------------+---------+-------+
|  aAcc |  mIoU | mHD95 |  mAcc | mFscore | mPrecision | mRecall | mDice |
+-------+-------+-------+-------+---------+------------+---------+-------+
| 98.27 | 73.07 | 11.96 | 74.61 |  81.94  |   96.32    |  74.61  | 81.94 |
+-------+-------+-------+-------+---------+------------+---------+-------+
2025-11-18 00:59:49,405 - mmseg - INFO - Exp name: upernet.py
2025-11-18 00:59:49,406 - mmseg - INFO - Iter(val) [64]	aAcc: 0.9827, mIoU: 0.7307, mHD95: 0.1196, mAcc: 0.7461, mFscore: 0.8194, mPrecision: 0.9632, mRecall: 0.7461, mDice: 0.8194, IoU.background: 0.9824, IoU.Lesion: 0.4790, HD95.background: 0.0788, HD95.Lesion: 0.1604, Acc.background: 0.9990, Acc.Lesion: 0.4933, Fscore.background: 0.9911, Fscore.Lesion: 0.6477, Precision.background: 0.9834, Precision.Lesion: 0.9430, Recall.background: 0.9990, Recall.Lesion: 0.4933, Dice.background: 0.9911, Dice.Lesion: 0.6477
2025-11-18 01:00:02,077 - mmseg - INFO - Iter [5050/10000]	lr: 5.358e-04, eta: 0:22:42, time: 0.565, data_time: 0.317, memory: 5807, decode.loss_ce: 0.0663, decode.loss_dice: 0.2232, decode.acc_seg: 98.9349, loss: 0.2895
2025-11-18 01:00:14,715 - mmseg - INFO - Iter [5100/10000]	lr: 5.311e-04, eta: 0:22:27, time: 0.253, data_time: 0.005, memory: 5807, decode.loss_ce: 0.0823, decode.loss_dice: 0.2266, decode.acc_seg: 98.7218, loss: 0.3089
2025-11-18 01:00:27,385 - mmseg - INFO - Iter [5150/10000]	lr: 5.263e-04, eta: 0:22:12, time: 0.253, data_time: 0.005, memory: 5807, decode.loss_ce: 0.1026, decode.loss_dice: 0.2445, decode.acc_seg: 98.3818, loss: 0.3471
2025-11-18 01:00:40,064 - mmseg - INFO - Iter [5200/10000]	lr: 5.215e-04, eta: 0:21:58, time: 0.254, data_time: 0.005, memory: 5807, decode.loss_ce: 0.0633, decode.loss_dice: 0.2453, decode.acc_seg: 99.0277, loss: 0.3086
2025-11-18 01:00:52,731 - mmseg - INFO - Iter [5250/10000]	lr: 5.167e-04, eta: 0:21:43, time: 0.253, data_time: 0.005, memory: 5807, decode.loss_ce: 0.0722, decode.loss_dice: 0.2518, decode.acc_seg: 98.9623, loss: 0.3240
2025-11-18 01:01:05,368 - mmseg - INFO - Iter [5300/10000]	lr: 5.119e-04, eta: 0:21:28, time: 0.253, data_time: 0.005, memory: 5807, decode.loss_ce: 0.0807, decode.loss_dice: 0.2420, decode.acc_seg: 98.7710, loss: 0.3227
2025-11-18 01:01:18,069 - mmseg - INFO - Iter [5350/10000]	lr: 5.071e-04, eta: 0:21:14, time: 0.254, data_time: 0.005, memory: 5807, decode.loss_ce: 0.0757, decode.loss_dice: 0.2329, decode.acc_seg: 98.7889, loss: 0.3086
2025-11-18 01:01:30,766 - mmseg - INFO - Iter [5400/10000]	lr: 5.023e-04, eta: 0:20:59, time: 0.254, data_time: 0.005, memory: 5807, decode.loss_ce: 0.0770, decode.loss_dice: 0.2560, decode.acc_seg: 98.7892, loss: 0.3330
2025-11-18 01:01:43,454 - mmseg - INFO - Iter [5450/10000]	lr: 4.975e-04, eta: 0:20:45, time: 0.254, data_time: 0.005, memory: 5807, decode.loss_ce: 0.1051, decode.loss_dice: 0.2502, decode.acc_seg: 98.4232, loss: 0.3553
2025-11-18 01:01:56,145 - mmseg - INFO - Iter [5500/10000]	lr: 4.926e-04, eta: 0:20:30, time: 0.254, data_time: 0.005, memory: 5807, decode.loss_ce: 0.0888, decode.loss_dice: 0.2283, decode.acc_seg: 98.6297, loss: 0.3172
2025-11-18 01:02:08,837 - mmseg - INFO - Iter [5550/10000]	lr: 4.878e-04, eta: 0:20:16, time: 0.254, data_time: 0.005, memory: 5807, decode.loss_ce: 0.0803, decode.loss_dice: 0.2307, decode.acc_seg: 98.7499, loss: 0.3109
2025-11-18 01:02:21,518 - mmseg - INFO - Iter [5600/10000]	lr: 4.830e-04, eta: 0:20:01, time: 0.254, data_time: 0.005, memory: 5807, decode.loss_ce: 0.0875, decode.loss_dice: 0.2459, decode.acc_seg: 98.6135, loss: 0.3334
2025-11-18 01:02:34,203 - mmseg - INFO - Iter [5650/10000]	lr: 4.781e-04, eta: 0:19:47, time: 0.254, data_time: 0.005, memory: 5807, decode.loss_ce: 0.0688, decode.loss_dice: 0.2182, decode.acc_seg: 98.8582, loss: 0.2870
2025-11-18 01:02:49,101 - mmseg - INFO - Iter [5700/10000]	lr: 4.733e-04, eta: 0:19:34, time: 0.298, data_time: 0.049, memory: 5807, decode.loss_ce: 0.0541, decode.loss_dice: 0.2184, decode.acc_seg: 99.1036, loss: 0.2726
2025-11-18 01:03:01,725 - mmseg - INFO - Iter [5750/10000]	lr: 4.684e-04, eta: 0:19:20, time: 0.252, data_time: 0.005, memory: 5807, decode.loss_ce: 0.0881, decode.loss_dice: 0.2396, decode.acc_seg: 98.7049, loss: 0.3278
2025-11-18 01:03:14,345 - mmseg - INFO - Iter [5800/10000]	lr: 4.636e-04, eta: 0:19:05, time: 0.252, data_time: 0.005, memory: 5807, decode.loss_ce: 0.1073, decode.loss_dice: 0.2392, decode.acc_seg: 98.4992, loss: 0.3465
2025-11-18 01:03:27,035 - mmseg - INFO - Iter [5850/10000]	lr: 4.587e-04, eta: 0:18:51, time: 0.254, data_time: 0.005, memory: 5807, decode.loss_ce: 0.0700, decode.loss_dice: 0.2515, decode.acc_seg: 98.8394, loss: 0.3215
2025-11-18 01:03:39,718 - mmseg - INFO - Iter [5900/10000]	lr: 4.538e-04, eta: 0:18:37, time: 0.254, data_time: 0.005, memory: 5807, decode.loss_ce: 0.0767, decode.loss_dice: 0.2629, decode.acc_seg: 98.8354, loss: 0.3396
2025-11-18 01:03:52,421 - mmseg - INFO - Iter [5950/10000]	lr: 4.490e-04, eta: 0:18:23, time: 0.254, data_time: 0.005, memory: 5807, decode.loss_ce: 0.0764, decode.loss_dice: 0.2219, decode.acc_seg: 98.8340, loss: 0.2984
2025-11-18 01:04:05,127 - mmseg - INFO - Exp name: upernet.py
2025-11-18 01:04:05,127 - mmseg - INFO - Iter [6000/10000]	lr: 4.441e-04, eta: 0:18:08, time: 0.254, data_time: 0.005, memory: 5807, decode.loss_ce: 0.0643, decode.loss_dice: 0.2229, decode.acc_seg: 99.0344, loss: 0.2872
2025-11-18 01:04:20,743 - mmseg - INFO - per class results:
2025-11-18 01:04:20,744 - mmseg - INFO - 
+------------+-------+-------+-------+--------+-----------+--------+-------+
|   Class    |  IoU  |  HD95 |  Acc  | Fscore | Precision | Recall |  Dice |
+------------+-------+-------+-------+--------+-----------+--------+-------+
| background | 98.63 |  7.79 | 99.76 | 99.31  |   98.86   | 99.76  | 99.31 |
|   Lesion   | 61.15 | 13.35 |  65.5 | 75.89  |   90.21   |  65.5  | 75.89 |
+------------+-------+-------+-------+--------+-----------+--------+-------+
2025-11-18 01:04:20,744 - mmseg - INFO - Summary:
2025-11-18 01:04:20,744 - mmseg - INFO - 
+-------+-------+-------+-------+---------+------------+---------+-------+
|  aAcc |  mIoU | mHD95 |  mAcc | mFscore | mPrecision | mRecall | mDice |
+-------+-------+-------+-------+---------+------------+---------+-------+
| 98.66 | 79.89 | 10.57 | 82.63 |   87.6  |   94.54    |  82.63  |  87.6 |
+-------+-------+-------+-------+---------+------------+---------+-------+
2025-11-18 01:04:20,747 - mmseg - INFO - Exp name: upernet.py
2025-11-18 01:04:20,747 - mmseg - INFO - Iter(val) [64]	aAcc: 0.9866, mIoU: 0.7989, mHD95: 0.1057, mAcc: 0.8263, mFscore: 0.8760, mPrecision: 0.9454, mRecall: 0.8263, mDice: 0.8760, IoU.background: 0.9863, IoU.Lesion: 0.6115, HD95.background: 0.0779, HD95.Lesion: 0.1335, Acc.background: 0.9976, Acc.Lesion: 0.6550, Fscore.background: 0.9931, Fscore.Lesion: 0.7589, Precision.background: 0.9886, Precision.Lesion: 0.9021, Recall.background: 0.9976, Recall.Lesion: 0.6550, Dice.background: 0.9931, Dice.Lesion: 0.7589
2025-11-18 01:04:33,390 - mmseg - INFO - Iter [6050/10000]	lr: 4.392e-04, eta: 0:18:04, time: 0.565, data_time: 0.317, memory: 5807, decode.loss_ce: 0.0915, decode.loss_dice: 0.2438, decode.acc_seg: 98.5360, loss: 0.3353
2025-11-18 01:04:46,007 - mmseg - INFO - Iter [6100/10000]	lr: 4.343e-04, eta: 0:17:50, time: 0.252, data_time: 0.005, memory: 5807, decode.loss_ce: 0.0824, decode.loss_dice: 0.2536, decode.acc_seg: 98.6729, loss: 0.3360
2025-11-18 01:04:58,631 - mmseg - INFO - Iter [6150/10000]	lr: 4.294e-04, eta: 0:17:35, time: 0.252, data_time: 0.005, memory: 5807, decode.loss_ce: 0.0766, decode.loss_dice: 0.2381, decode.acc_seg: 98.7969, loss: 0.3147
2025-11-18 01:05:11,251 - mmseg - INFO - Iter [6200/10000]	lr: 4.245e-04, eta: 0:17:21, time: 0.252, data_time: 0.005, memory: 5807, decode.loss_ce: 0.0622, decode.loss_dice: 0.2104, decode.acc_seg: 99.0302, loss: 0.2726
2025-11-18 01:05:23,880 - mmseg - INFO - Iter [6250/10000]	lr: 4.196e-04, eta: 0:17:07, time: 0.253, data_time: 0.005, memory: 5807, decode.loss_ce: 0.0819, decode.loss_dice: 0.2355, decode.acc_seg: 98.8118, loss: 0.3174
2025-11-18 01:05:36,563 - mmseg - INFO - Iter [6300/10000]	lr: 4.147e-04, eta: 0:16:52, time: 0.254, data_time: 0.005, memory: 5807, decode.loss_ce: 0.0838, decode.loss_dice: 0.2433, decode.acc_seg: 98.6361, loss: 0.3271
2025-11-18 01:05:49,272 - mmseg - INFO - Iter [6350/10000]	lr: 4.098e-04, eta: 0:16:38, time: 0.254, data_time: 0.005, memory: 5807, decode.loss_ce: 0.0757, decode.loss_dice: 0.2186, decode.acc_seg: 98.9613, loss: 0.2943
2025-11-18 01:06:01,961 - mmseg - INFO - Iter [6400/10000]	lr: 4.048e-04, eta: 0:16:24, time: 0.254, data_time: 0.005, memory: 5807, decode.loss_ce: 0.0845, decode.loss_dice: 0.2335, decode.acc_seg: 98.6529, loss: 0.3181
2025-11-18 01:06:14,647 - mmseg - INFO - Iter [6450/10000]	lr: 3.999e-04, eta: 0:16:10, time: 0.254, data_time: 0.005, memory: 5807, decode.loss_ce: 0.0741, decode.loss_dice: 0.2403, decode.acc_seg: 98.7753, loss: 0.3144
2025-11-18 01:06:27,322 - mmseg - INFO - Iter [6500/10000]	lr: 3.950e-04, eta: 0:15:55, time: 0.253, data_time: 0.005, memory: 5807, decode.loss_ce: 0.0622, decode.loss_dice: 0.2007, decode.acc_seg: 99.0401, loss: 0.2628
2025-11-18 01:06:39,993 - mmseg - INFO - Iter [6550/10000]	lr: 3.900e-04, eta: 0:15:41, time: 0.253, data_time: 0.005, memory: 5807, decode.loss_ce: 0.0673, decode.loss_dice: 0.2467, decode.acc_seg: 98.9713, loss: 0.3140
2025-11-18 01:06:52,669 - mmseg - INFO - Iter [6600/10000]	lr: 3.850e-04, eta: 0:15:27, time: 0.254, data_time: 0.005, memory: 5807, decode.loss_ce: 0.0697, decode.loss_dice: 0.2149, decode.acc_seg: 98.9290, loss: 0.2846
2025-11-18 01:07:05,346 - mmseg - INFO - Iter [6650/10000]	lr: 3.801e-04, eta: 0:15:13, time: 0.254, data_time: 0.005, memory: 5807, decode.loss_ce: 0.0824, decode.loss_dice: 0.2297, decode.acc_seg: 98.6229, loss: 0.3121
2025-11-18 01:07:18,028 - mmseg - INFO - Iter [6700/10000]	lr: 3.751e-04, eta: 0:14:59, time: 0.254, data_time: 0.005, memory: 5807, decode.loss_ce: 0.0518, decode.loss_dice: 0.2224, decode.acc_seg: 99.1468, loss: 0.2742
2025-11-18 01:07:30,737 - mmseg - INFO - Iter [6750/10000]	lr: 3.701e-04, eta: 0:14:45, time: 0.254, data_time: 0.005, memory: 5807, decode.loss_ce: 0.0631, decode.loss_dice: 0.2082, decode.acc_seg: 99.0744, loss: 0.2713
2025-11-18 01:07:43,436 - mmseg - INFO - Iter [6800/10000]	lr: 3.651e-04, eta: 0:14:31, time: 0.254, data_time: 0.005, memory: 5807, decode.loss_ce: 0.0764, decode.loss_dice: 0.2277, decode.acc_seg: 98.8462, loss: 0.3040
2025-11-18 01:07:56,108 - mmseg - INFO - Iter [6850/10000]	lr: 3.601e-04, eta: 0:14:17, time: 0.253, data_time: 0.005, memory: 5807, decode.loss_ce: 0.0844, decode.loss_dice: 0.2401, decode.acc_seg: 98.7156, loss: 0.3244
2025-11-18 01:08:08,792 - mmseg - INFO - Iter [6900/10000]	lr: 3.551e-04, eta: 0:14:03, time: 0.254, data_time: 0.005, memory: 5807, decode.loss_ce: 0.0678, decode.loss_dice: 0.1967, decode.acc_seg: 98.8920, loss: 0.2645
2025-11-18 01:08:21,476 - mmseg - INFO - Iter [6950/10000]	lr: 3.501e-04, eta: 0:13:49, time: 0.254, data_time: 0.005, memory: 5807, decode.loss_ce: 0.0789, decode.loss_dice: 0.2353, decode.acc_seg: 98.6047, loss: 0.3143
2025-11-18 01:08:34,149 - mmseg - INFO - Exp name: upernet.py
2025-11-18 01:08:34,150 - mmseg - INFO - Iter [7000/10000]	lr: 3.451e-04, eta: 0:13:35, time: 0.253, data_time: 0.005, memory: 5807, decode.loss_ce: 0.1033, decode.loss_dice: 0.2413, decode.acc_seg: 98.2773, loss: 0.3446
2025-11-18 01:08:49,728 - mmseg - INFO - per class results:
2025-11-18 01:08:49,729 - mmseg - INFO - 
+------------+-------+-------+-------+--------+-----------+--------+-------+
|   Class    |  IoU  |  HD95 |  Acc  | Fscore | Precision | Recall |  Dice |
+------------+-------+-------+-------+--------+-----------+--------+-------+
| background | 98.46 |  7.81 |  99.7 | 99.22  |   98.75   |  99.7  | 99.22 |
|   Lesion   | 56.98 | 13.93 | 62.03 |  72.6  |   87.51   | 62.03  |  72.6 |
+------------+-------+-------+-------+--------+-----------+--------+-------+
2025-11-18 01:08:49,729 - mmseg - INFO - Summary:
2025-11-18 01:08:49,730 - mmseg - INFO - 
+-------+-------+-------+-------+---------+------------+---------+-------+
|  aAcc |  mIoU | mHD95 |  mAcc | mFscore | mPrecision | mRecall | mDice |
+-------+-------+-------+-------+---------+------------+---------+-------+
| 98.49 | 77.72 | 10.87 | 80.87 |  85.91  |   93.13    |  80.87  | 85.91 |
+-------+-------+-------+-------+---------+------------+---------+-------+
2025-11-18 01:08:49,732 - mmseg - INFO - Exp name: upernet.py
2025-11-18 01:08:49,732 - mmseg - INFO - Iter(val) [64]	aAcc: 0.9849, mIoU: 0.7772, mHD95: 0.1087, mAcc: 0.8087, mFscore: 0.8591, mPrecision: 0.9313, mRecall: 0.8087, mDice: 0.8591, IoU.background: 0.9846, IoU.Lesion: 0.5698, HD95.background: 0.0781, HD95.Lesion: 0.1393, Acc.background: 0.9970, Acc.Lesion: 0.6203, Fscore.background: 0.9922, Fscore.Lesion: 0.7260, Precision.background: 0.9875, Precision.Lesion: 0.8751, Recall.background: 0.9970, Recall.Lesion: 0.6203, Dice.background: 0.9922, Dice.Lesion: 0.7260
2025-11-18 01:09:02,397 - mmseg - INFO - Iter [7050/10000]	lr: 3.401e-04, eta: 0:13:27, time: 0.565, data_time: 0.316, memory: 5807, decode.loss_ce: 0.0621, decode.loss_dice: 0.2062, decode.acc_seg: 98.9551, loss: 0.2683
2025-11-18 01:09:15,175 - mmseg - INFO - Iter [7100/10000]	lr: 3.350e-04, eta: 0:13:13, time: 0.256, data_time: 0.005, memory: 5807, decode.loss_ce: 0.0738, decode.loss_dice: 0.2291, decode.acc_seg: 98.8130, loss: 0.3029
2025-11-18 01:09:30,326 - mmseg - INFO - Iter [7150/10000]	lr: 3.300e-04, eta: 0:13:00, time: 0.303, data_time: 0.049, memory: 5807, decode.loss_ce: 0.0683, decode.loss_dice: 0.2183, decode.acc_seg: 98.9359, loss: 0.2865
2025-11-18 01:09:43,028 - mmseg - INFO - Iter [7200/10000]	lr: 3.249e-04, eta: 0:12:46, time: 0.254, data_time: 0.005, memory: 5807, decode.loss_ce: 0.0810, decode.loss_dice: 0.2330, decode.acc_seg: 98.7490, loss: 0.3141
2025-11-18 01:09:55,652 - mmseg - INFO - Iter [7250/10000]	lr: 3.199e-04, eta: 0:12:32, time: 0.252, data_time: 0.005, memory: 5807, decode.loss_ce: 0.0943, decode.loss_dice: 0.2351, decode.acc_seg: 98.4902, loss: 0.3294
2025-11-18 01:10:08,279 - mmseg - INFO - Iter [7300/10000]	lr: 3.148e-04, eta: 0:12:18, time: 0.253, data_time: 0.005, memory: 5807, decode.loss_ce: 0.0736, decode.loss_dice: 0.2313, decode.acc_seg: 98.8640, loss: 0.3049
2025-11-18 01:10:20,901 - mmseg - INFO - Iter [7350/10000]	lr: 3.097e-04, eta: 0:12:04, time: 0.252, data_time: 0.005, memory: 5807, decode.loss_ce: 0.0544, decode.loss_dice: 0.2015, decode.acc_seg: 99.1661, loss: 0.2558
2025-11-18 01:10:33,522 - mmseg - INFO - Iter [7400/10000]	lr: 3.046e-04, eta: 0:11:50, time: 0.252, data_time: 0.005, memory: 5807, decode.loss_ce: 0.0728, decode.loss_dice: 0.2303, decode.acc_seg: 98.8929, loss: 0.3031
2025-11-18 01:10:46,148 - mmseg - INFO - Iter [7450/10000]	lr: 2.995e-04, eta: 0:11:36, time: 0.253, data_time: 0.005, memory: 5807, decode.loss_ce: 0.0643, decode.loss_dice: 0.2154, decode.acc_seg: 98.9810, loss: 0.2796
2025-11-18 01:10:58,792 - mmseg - INFO - Iter [7500/10000]	lr: 2.944e-04, eta: 0:11:22, time: 0.253, data_time: 0.005, memory: 5807, decode.loss_ce: 0.0545, decode.loss_dice: 0.1957, decode.acc_seg: 99.1214, loss: 0.2502
2025-11-18 01:11:11,454 - mmseg - INFO - Iter [7550/10000]	lr: 2.893e-04, eta: 0:11:08, time: 0.253, data_time: 0.005, memory: 5807, decode.loss_ce: 0.0760, decode.loss_dice: 0.2316, decode.acc_seg: 98.8340, loss: 0.3076
2025-11-18 01:11:24,126 - mmseg - INFO - Iter [7600/10000]	lr: 2.841e-04, eta: 0:10:54, time: 0.253, data_time: 0.005, memory: 5807, decode.loss_ce: 0.0878, decode.loss_dice: 0.2047, decode.acc_seg: 98.6386, loss: 0.2925
2025-11-18 01:11:36,811 - mmseg - INFO - Iter [7650/10000]	lr: 2.790e-04, eta: 0:10:40, time: 0.254, data_time: 0.005, memory: 5807, decode.loss_ce: 0.0687, decode.loss_dice: 0.2093, decode.acc_seg: 98.9192, loss: 0.2779
2025-11-18 01:11:49,477 - mmseg - INFO - Iter [7700/10000]	lr: 2.739e-04, eta: 0:10:26, time: 0.253, data_time: 0.005, memory: 5807, decode.loss_ce: 0.0731, decode.loss_dice: 0.2024, decode.acc_seg: 98.8225, loss: 0.2755
2025-11-18 01:12:02,174 - mmseg - INFO - Iter [7750/10000]	lr: 2.687e-04, eta: 0:10:12, time: 0.254, data_time: 0.005, memory: 5807, decode.loss_ce: 0.0717, decode.loss_dice: 0.2086, decode.acc_seg: 98.7736, loss: 0.2803
2025-11-18 01:12:14,847 - mmseg - INFO - Iter [7800/10000]	lr: 2.635e-04, eta: 0:09:58, time: 0.253, data_time: 0.005, memory: 5807, decode.loss_ce: 0.0568, decode.loss_dice: 0.2198, decode.acc_seg: 99.1289, loss: 0.2766
2025-11-18 01:12:27,515 - mmseg - INFO - Iter [7850/10000]	lr: 2.583e-04, eta: 0:09:44, time: 0.253, data_time: 0.005, memory: 5807, decode.loss_ce: 0.0475, decode.loss_dice: 0.2044, decode.acc_seg: 99.2635, loss: 0.2518
2025-11-18 01:12:40,187 - mmseg - INFO - Iter [7900/10000]	lr: 2.531e-04, eta: 0:09:31, time: 0.253, data_time: 0.005, memory: 5807, decode.loss_ce: 0.0852, decode.loss_dice: 0.2366, decode.acc_seg: 98.5859, loss: 0.3218
2025-11-18 01:12:52,869 - mmseg - INFO - Iter [7950/10000]	lr: 2.479e-04, eta: 0:09:17, time: 0.254, data_time: 0.005, memory: 5807, decode.loss_ce: 0.0587, decode.loss_dice: 0.2069, decode.acc_seg: 98.9875, loss: 0.2656
2025-11-18 01:13:05,544 - mmseg - INFO - Exp name: upernet.py
2025-11-18 01:13:05,544 - mmseg - INFO - Iter [8000/10000]	lr: 2.427e-04, eta: 0:09:03, time: 0.253, data_time: 0.005, memory: 5807, decode.loss_ce: 0.0695, decode.loss_dice: 0.2226, decode.acc_seg: 98.8385, loss: 0.2921
2025-11-18 01:13:21,122 - mmseg - INFO - per class results:
2025-11-18 01:13:21,123 - mmseg - INFO - 
+------------+-------+-------+-------+--------+-----------+--------+-------+
|   Class    |  IoU  |  HD95 |  Acc  | Fscore | Precision | Recall |  Dice |
+------------+-------+-------+-------+--------+-----------+--------+-------+
| background | 98.44 |  7.83 | 99.81 | 99.22  |   98.63   | 99.81  | 99.22 |
|   Lesion   | 55.19 | 14.55 | 58.28 | 71.12  |   91.23   | 58.28  | 71.12 |
+------------+-------+-------+-------+--------+-----------+--------+-------+
2025-11-18 01:13:21,123 - mmseg - INFO - Summary:
2025-11-18 01:13:21,123 - mmseg - INFO - 
+-------+-------+-------+-------+---------+------------+---------+-------+
|  aAcc |  mIoU | mHD95 |  mAcc | mFscore | mPrecision | mRecall | mDice |
+-------+-------+-------+-------+---------+------------+---------+-------+
| 98.47 | 76.82 | 11.19 | 79.05 |  85.17  |   94.93    |  79.05  | 85.17 |
+-------+-------+-------+-------+---------+------------+---------+-------+
2025-11-18 01:13:21,125 - mmseg - INFO - Exp name: upernet.py
2025-11-18 01:13:21,125 - mmseg - INFO - Iter(val) [64]	aAcc: 0.9847, mIoU: 0.7682, mHD95: 0.1119, mAcc: 0.7905, mFscore: 0.8517, mPrecision: 0.9493, mRecall: 0.7905, mDice: 0.8517, IoU.background: 0.9844, IoU.Lesion: 0.5519, HD95.background: 0.0783, HD95.Lesion: 0.1455, Acc.background: 0.9981, Acc.Lesion: 0.5828, Fscore.background: 0.9922, Fscore.Lesion: 0.7112, Precision.background: 0.9863, Precision.Lesion: 0.9123, Recall.background: 0.9981, Recall.Lesion: 0.5828, Dice.background: 0.9922, Dice.Lesion: 0.7112
2025-11-18 01:13:33,779 - mmseg - INFO - Iter [8050/10000]	lr: 2.374e-04, eta: 0:08:53, time: 0.565, data_time: 0.316, memory: 5807, decode.loss_ce: 0.0810, decode.loss_dice: 0.2207, decode.acc_seg: 98.7368, loss: 0.3018
2025-11-18 01:13:46,428 - mmseg - INFO - Iter [8100/10000]	lr: 2.322e-04, eta: 0:08:39, time: 0.253, data_time: 0.005, memory: 5807, decode.loss_ce: 0.0641, decode.loss_dice: 0.2215, decode.acc_seg: 98.9292, loss: 0.2856
2025-11-18 01:13:59,211 - mmseg - INFO - Iter [8150/10000]	lr: 2.269e-04, eta: 0:08:25, time: 0.256, data_time: 0.005, memory: 5807, decode.loss_ce: 0.0718, decode.loss_dice: 0.2227, decode.acc_seg: 98.8032, loss: 0.2945
2025-11-18 01:14:12,094 - mmseg - INFO - Iter [8200/10000]	lr: 2.216e-04, eta: 0:08:11, time: 0.258, data_time: 0.005, memory: 5807, decode.loss_ce: 0.0555, decode.loss_dice: 0.2041, decode.acc_seg: 99.0461, loss: 0.2596
2025-11-18 01:14:24,978 - mmseg - INFO - Iter [8250/10000]	lr: 2.163e-04, eta: 0:07:57, time: 0.258, data_time: 0.005, memory: 5807, decode.loss_ce: 0.0841, decode.loss_dice: 0.2109, decode.acc_seg: 98.6210, loss: 0.2951
2025-11-18 01:14:37,851 - mmseg - INFO - Iter [8300/10000]	lr: 2.110e-04, eta: 0:07:44, time: 0.257, data_time: 0.005, memory: 5807, decode.loss_ce: 0.0622, decode.loss_dice: 0.2194, decode.acc_seg: 99.0152, loss: 0.2816
2025-11-18 01:14:50,702 - mmseg - INFO - Iter [8350/10000]	lr: 2.057e-04, eta: 0:07:30, time: 0.257, data_time: 0.005, memory: 5807, decode.loss_ce: 0.0754, decode.loss_dice: 0.2117, decode.acc_seg: 98.6387, loss: 0.2871
2025-11-18 01:15:03,466 - mmseg - INFO - Iter [8400/10000]	lr: 2.004e-04, eta: 0:07:16, time: 0.255, data_time: 0.005, memory: 5807, decode.loss_ce: 0.0771, decode.loss_dice: 0.2154, decode.acc_seg: 98.6005, loss: 0.2926
2025-11-18 01:15:16,156 - mmseg - INFO - Iter [8450/10000]	lr: 1.950e-04, eta: 0:07:02, time: 0.254, data_time: 0.005, memory: 5807, decode.loss_ce: 0.0643, decode.loss_dice: 0.2263, decode.acc_seg: 99.0072, loss: 0.2906
2025-11-18 01:15:28,855 - mmseg - INFO - Iter [8500/10000]	lr: 1.896e-04, eta: 0:06:48, time: 0.254, data_time: 0.005, memory: 5807, decode.loss_ce: 0.0731, decode.loss_dice: 0.2319, decode.acc_seg: 98.8765, loss: 0.3050
2025-11-18 01:15:43,770 - mmseg - INFO - Iter [8550/10000]	lr: 1.842e-04, eta: 0:06:35, time: 0.298, data_time: 0.049, memory: 5807, decode.loss_ce: 0.0575, decode.loss_dice: 0.1965, decode.acc_seg: 99.0769, loss: 0.2540
2025-11-18 01:15:56,427 - mmseg - INFO - Iter [8600/10000]	lr: 1.788e-04, eta: 0:06:21, time: 0.253, data_time: 0.005, memory: 5807, decode.loss_ce: 0.0881, decode.loss_dice: 0.2158, decode.acc_seg: 98.5656, loss: 0.3039
2025-11-18 01:16:09,095 - mmseg - INFO - Iter [8650/10000]	lr: 1.734e-04, eta: 0:06:07, time: 0.253, data_time: 0.005, memory: 5807, decode.loss_ce: 0.0773, decode.loss_dice: 0.1977, decode.acc_seg: 98.8713, loss: 0.2750
2025-11-18 01:16:21,971 - mmseg - INFO - Iter [8700/10000]	lr: 1.679e-04, eta: 0:05:54, time: 0.258, data_time: 0.005, memory: 5807, decode.loss_ce: 0.0700, decode.loss_dice: 0.2186, decode.acc_seg: 98.7620, loss: 0.2885
2025-11-18 01:16:34,904 - mmseg - INFO - Iter [8750/10000]	lr: 1.625e-04, eta: 0:05:40, time: 0.259, data_time: 0.005, memory: 5807, decode.loss_ce: 0.0754, decode.loss_dice: 0.2132, decode.acc_seg: 98.7424, loss: 0.2886
2025-11-18 01:16:47,821 - mmseg - INFO - Iter [8800/10000]	lr: 1.570e-04, eta: 0:05:26, time: 0.258, data_time: 0.005, memory: 5807, decode.loss_ce: 0.0713, decode.loss_dice: 0.2085, decode.acc_seg: 98.8418, loss: 0.2798
2025-11-18 01:17:00,736 - mmseg - INFO - Iter [8850/10000]	lr: 1.515e-04, eta: 0:05:13, time: 0.258, data_time: 0.005, memory: 5807, decode.loss_ce: 0.0604, decode.loss_dice: 0.2083, decode.acc_seg: 98.9900, loss: 0.2687
2025-11-18 01:17:13,412 - mmseg - INFO - Iter [8900/10000]	lr: 1.459e-04, eta: 0:04:59, time: 0.254, data_time: 0.005, memory: 5807, decode.loss_ce: 0.0768, decode.loss_dice: 0.2069, decode.acc_seg: 98.7703, loss: 0.2837
2025-11-18 01:17:26,083 - mmseg - INFO - Iter [8950/10000]	lr: 1.403e-04, eta: 0:04:45, time: 0.253, data_time: 0.005, memory: 5807, decode.loss_ce: 0.0556, decode.loss_dice: 0.2014, decode.acc_seg: 99.0550, loss: 0.2570
2025-11-18 01:17:38,754 - mmseg - INFO - Exp name: upernet.py
2025-11-18 01:17:38,754 - mmseg - INFO - Iter [9000/10000]	lr: 1.347e-04, eta: 0:04:31, time: 0.253, data_time: 0.005, memory: 5807, decode.loss_ce: 0.0511, decode.loss_dice: 0.1992, decode.acc_seg: 99.1643, loss: 0.2503
2025-11-18 01:17:54,531 - mmseg - INFO - per class results:
2025-11-18 01:17:54,533 - mmseg - INFO - 
+------------+-------+-------+-------+--------+-----------+--------+-------+
|   Class    |  IoU  |  HD95 |  Acc  | Fscore | Precision | Recall |  Dice |
+------------+-------+-------+-------+--------+-----------+--------+-------+
| background | 98.51 |  7.79 | 99.66 | 99.25  |   98.85   | 99.66  | 99.25 |
|   Lesion   | 59.14 | 13.39 | 65.25 | 74.32  |   86.32   | 65.25  | 74.32 |
+------------+-------+-------+-------+--------+-----------+--------+-------+
2025-11-18 01:17:54,536 - mmseg - INFO - Summary:
2025-11-18 01:17:54,536 - mmseg - INFO - 
+-------+-------+-------+-------+---------+------------+---------+-------+
|  aAcc |  mIoU | mHD95 |  mAcc | mFscore | mPrecision | mRecall | mDice |
+-------+-------+-------+-------+---------+------------+---------+-------+
| 98.54 | 78.82 | 10.59 | 82.45 |  86.79  |   92.59    |  82.45  | 86.79 |
+-------+-------+-------+-------+---------+------------+---------+-------+
2025-11-18 01:17:54,538 - mmseg - INFO - Exp name: upernet.py
2025-11-18 01:17:54,538 - mmseg - INFO - Iter(val) [64]	aAcc: 0.9854, mIoU: 0.7882, mHD95: 0.1059, mAcc: 0.8245, mFscore: 0.8679, mPrecision: 0.9259, mRecall: 0.8245, mDice: 0.8679, IoU.background: 0.9851, IoU.Lesion: 0.5914, HD95.background: 0.0779, HD95.Lesion: 0.1339, Acc.background: 0.9966, Acc.Lesion: 0.6525, Fscore.background: 0.9925, Fscore.Lesion: 0.7432, Precision.background: 0.9885, Precision.Lesion: 0.8632, Recall.background: 0.9966, Recall.Lesion: 0.6525, Dice.background: 0.9925, Dice.Lesion: 0.7432
2025-11-18 01:18:07,438 - mmseg - INFO - Iter [9050/10000]	lr: 1.291e-04, eta: 0:04:19, time: 0.574, data_time: 0.320, memory: 5807, decode.loss_ce: 0.0916, decode.loss_dice: 0.2403, decode.acc_seg: 98.6033, loss: 0.3318
2025-11-18 01:18:20,324 - mmseg - INFO - Iter [9100/10000]	lr: 1.235e-04, eta: 0:04:06, time: 0.258, data_time: 0.005, memory: 5807, decode.loss_ce: 0.0599, decode.loss_dice: 0.2006, decode.acc_seg: 99.0565, loss: 0.2605
2025-11-18 01:18:33,060 - mmseg - INFO - Iter [9150/10000]	lr: 1.178e-04, eta: 0:03:52, time: 0.255, data_time: 0.005, memory: 5807, decode.loss_ce: 0.0707, decode.loss_dice: 0.2269, decode.acc_seg: 98.9102, loss: 0.2976
2025-11-18 01:18:45,876 - mmseg - INFO - Iter [9200/10000]	lr: 1.121e-04, eta: 0:03:38, time: 0.256, data_time: 0.005, memory: 5807, decode.loss_ce: 0.0556, decode.loss_dice: 0.1978, decode.acc_seg: 99.1480, loss: 0.2534
2025-11-18 01:18:58,744 - mmseg - INFO - Iter [9250/10000]	lr: 1.063e-04, eta: 0:03:24, time: 0.257, data_time: 0.005, memory: 5807, decode.loss_ce: 0.0644, decode.loss_dice: 0.1960, decode.acc_seg: 98.8880, loss: 0.2603
2025-11-18 01:19:11,633 - mmseg - INFO - Iter [9300/10000]	lr: 1.005e-04, eta: 0:03:11, time: 0.258, data_time: 0.005, memory: 5807, decode.loss_ce: 0.0501, decode.loss_dice: 0.1886, decode.acc_seg: 99.1680, loss: 0.2387
2025-11-18 01:19:24,376 - mmseg - INFO - Iter [9350/10000]	lr: 9.470e-05, eta: 0:02:57, time: 0.255, data_time: 0.005, memory: 5807, decode.loss_ce: 0.0628, decode.loss_dice: 0.2095, decode.acc_seg: 98.9627, loss: 0.2723
2025-11-18 01:19:37,026 - mmseg - INFO - Iter [9400/10000]	lr: 8.882e-05, eta: 0:02:43, time: 0.253, data_time: 0.005, memory: 5807, decode.loss_ce: 0.0577, decode.loss_dice: 0.1930, decode.acc_seg: 99.0516, loss: 0.2507
2025-11-18 01:19:49,637 - mmseg - INFO - Iter [9450/10000]	lr: 8.289e-05, eta: 0:02:30, time: 0.252, data_time: 0.005, memory: 5807, decode.loss_ce: 0.0727, decode.loss_dice: 0.2113, decode.acc_seg: 98.9047, loss: 0.2840
2025-11-18 01:20:02,271 - mmseg - INFO - Iter [9500/10000]	lr: 7.691e-05, eta: 0:02:16, time: 0.253, data_time: 0.005, memory: 5807, decode.loss_ce: 0.0670, decode.loss_dice: 0.2110, decode.acc_seg: 98.8907, loss: 0.2780
2025-11-18 01:20:14,954 - mmseg - INFO - Iter [9550/10000]	lr: 7.087e-05, eta: 0:02:02, time: 0.254, data_time: 0.005, memory: 5807, decode.loss_ce: 0.0662, decode.loss_dice: 0.2033, decode.acc_seg: 98.8362, loss: 0.2695
2025-11-18 01:20:27,635 - mmseg - INFO - Iter [9600/10000]	lr: 6.476e-05, eta: 0:01:48, time: 0.254, data_time: 0.005, memory: 5807, decode.loss_ce: 0.0671, decode.loss_dice: 0.2037, decode.acc_seg: 98.8924, loss: 0.2708
2025-11-18 01:20:40,316 - mmseg - INFO - Iter [9650/10000]	lr: 5.857e-05, eta: 0:01:35, time: 0.254, data_time: 0.005, memory: 5807, decode.loss_ce: 0.0639, decode.loss_dice: 0.1912, decode.acc_seg: 98.9476, loss: 0.2551
2025-11-18 01:20:52,999 - mmseg - INFO - Iter [9700/10000]	lr: 5.230e-05, eta: 0:01:21, time: 0.254, data_time: 0.005, memory: 5807, decode.loss_ce: 0.0608, decode.loss_dice: 0.1979, decode.acc_seg: 98.9155, loss: 0.2587
2025-11-18 01:21:05,667 - mmseg - INFO - Iter [9750/10000]	lr: 4.592e-05, eta: 0:01:08, time: 0.253, data_time: 0.005, memory: 5807, decode.loss_ce: 0.0547, decode.loss_dice: 0.2028, decode.acc_seg: 99.0431, loss: 0.2575
2025-11-18 01:21:18,329 - mmseg - INFO - Iter [9800/10000]	lr: 3.941e-05, eta: 0:00:54, time: 0.253, data_time: 0.005, memory: 5807, decode.loss_ce: 0.0605, decode.loss_dice: 0.2088, decode.acc_seg: 99.0212, loss: 0.2692
2025-11-18 01:21:31,024 - mmseg - INFO - Iter [9850/10000]	lr: 3.274e-05, eta: 0:00:40, time: 0.254, data_time: 0.005, memory: 5807, decode.loss_ce: 0.0694, decode.loss_dice: 0.1858, decode.acc_seg: 98.7511, loss: 0.2552
2025-11-18 01:21:43,887 - mmseg - INFO - Iter [9900/10000]	lr: 2.583e-05, eta: 0:00:27, time: 0.257, data_time: 0.005, memory: 5807, decode.loss_ce: 0.0719, decode.loss_dice: 0.2287, decode.acc_seg: 98.8020, loss: 0.3006
2025-11-18 01:21:59,025 - mmseg - INFO - Iter [9950/10000]	lr: 1.856e-05, eta: 0:00:13, time: 0.303, data_time: 0.048, memory: 5807, decode.loss_ce: 0.0651, decode.loss_dice: 0.2023, decode.acc_seg: 98.9897, loss: 0.2674
2025-11-18 01:22:11,883 - mmseg - INFO - Saving checkpoint at 10000 iterations
2025-11-18 01:22:12,632 - mmseg - INFO - Exp name: upernet.py
2025-11-18 01:22:12,632 - mmseg - INFO - Iter [10000/10000]	lr: 1.025e-05, eta: 0:00:00, time: 0.272, data_time: 0.005, memory: 5807, decode.loss_ce: 0.0658, decode.loss_dice: 0.1861, decode.acc_seg: 98.9123, loss: 0.2519
2025-11-18 01:22:27,984 - mmseg - INFO - per class results:
2025-11-18 01:22:27,985 - mmseg - INFO - 
+------------+-------+-------+-------+--------+-----------+--------+-------+
|   Class    |  IoU  |  HD95 |  Acc  | Fscore | Precision | Recall |  Dice |
+------------+-------+-------+-------+--------+-----------+--------+-------+
| background | 98.45 |  7.81 | 99.74 | 99.22  |   98.71   | 99.74  | 99.22 |
|   Lesion   | 56.42 | 14.13 | 60.82 | 72.14  |   88.64   | 60.82  | 72.14 |
+------------+-------+-------+-------+--------+-----------+--------+-------+
2025-11-18 01:22:27,985 - mmseg - INFO - Summary:
2025-11-18 01:22:27,985 - mmseg - INFO - 
+-------+-------+-------+-------+---------+------------+---------+-------+
|  aAcc |  mIoU | mHD95 |  mAcc | mFscore | mPrecision | mRecall | mDice |
+-------+-------+-------+-------+---------+------------+---------+-------+
| 98.48 | 77.44 | 10.97 | 80.28 |  85.68  |   93.67    |  80.28  | 85.68 |
+-------+-------+-------+-------+---------+------------+---------+-------+
2025-11-18 01:22:27,988 - mmseg - INFO - Exp name: upernet.py
2025-11-18 01:22:27,989 - mmseg - INFO - Iter(val) [64]	aAcc: 0.9848, mIoU: 0.7744, mHD95: 0.1097, mAcc: 0.8028, mFscore: 0.8568, mPrecision: 0.9367, mRecall: 0.8028, mDice: 0.8568, IoU.background: 0.9845, IoU.Lesion: 0.5642, HD95.background: 0.0781, HD95.Lesion: 0.1413, Acc.background: 0.9974, Acc.Lesion: 0.6082, Fscore.background: 0.9922, Fscore.Lesion: 0.7214, Precision.background: 0.9871, Precision.Lesion: 0.8864, Recall.background: 0.9974, Recall.Lesion: 0.6082, Dice.background: 0.9922, Dice.Lesion: 0.7214
