2025-11-17 23:22:08,538 - mmseg - INFO - Multi-processing start method is `None`
2025-11-17 23:22:08,538 - mmseg - INFO - OpenCV num_threads is `112
2025-11-17 23:22:08,674 - mmseg - INFO - Environment info:
------------------------------------------------------------
sys.platform: linux
Python: 3.8.20 (default, Oct  3 2024, 15:24:27) [GCC 11.2.0]
CUDA available: True
GPU 0: NVIDIA GeForce RTX 3090
CUDA_HOME: /usr/local/cuda
NVCC: Cuda compilation tools, release 11.7, V11.7.64
GCC: gcc (Ubuntu 9.4.0-1ubuntu1~20.04.2) 9.4.0
PyTorch: 1.10.0+cu113
PyTorch compiling details: PyTorch built with:
  - GCC 7.3
  - C++ Version: 201402
  - Intel(R) Math Kernel Library Version 2020.0.0 Product Build 20191122 for Intel(R) 64 architecture applications
  - Intel(R) MKL-DNN v2.2.3 (Git Hash 7336ca9f055cf1bfa13efb658fe15dc9b41f0740)
  - OpenMP 201511 (a.k.a. OpenMP 4.5)
  - LAPACK is enabled (usually provided by MKL)
  - NNPACK is enabled
  - CPU capability usage: AVX512
  - CUDA Runtime 11.3
  - NVCC architecture flags: -gencode;arch=compute_37,code=sm_37;-gencode;arch=compute_50,code=sm_50;-gencode;arch=compute_60,code=sm_60;-gencode;arch=compute_70,code=sm_70;-gencode;arch=compute_75,code=sm_75;-gencode;arch=compute_80,code=sm_80;-gencode;arch=compute_86,code=sm_86
  - CuDNN 8.2
  - Magma 2.5.2
  - Build settings: BLAS_INFO=mkl, BUILD_TYPE=Release, CUDA_VERSION=11.3, CUDNN_VERSION=8.2.0, CXX_COMPILER=/opt/rh/devtoolset-7/root/usr/bin/c++, CXX_FLAGS= -Wno-deprecated -fvisibility-inlines-hidden -DUSE_PTHREADPOOL -fopenmp -DNDEBUG -DUSE_KINETO -DUSE_FBGEMM -DUSE_QNNPACK -DUSE_PYTORCH_QNNPACK -DUSE_XNNPACK -DSYMBOLICATE_MOBILE_DEBUG_HANDLE -DEDGE_PROFILER_USE_KINETO -O2 -fPIC -Wno-narrowing -Wall -Wextra -Werror=return-type -Wno-missing-field-initializers -Wno-type-limits -Wno-array-bounds -Wno-unknown-pragmas -Wno-sign-compare -Wno-unused-parameter -Wno-unused-variable -Wno-unused-function -Wno-unused-result -Wno-unused-local-typedefs -Wno-strict-overflow -Wno-strict-aliasing -Wno-error=deprecated-declarations -Wno-stringop-overflow -Wno-psabi -Wno-error=pedantic -Wno-error=redundant-decls -Wno-error=old-style-cast -fdiagnostics-color=always -faligned-new -Wno-unused-but-set-variable -Wno-maybe-uninitialized -fno-math-errno -fno-trapping-math -Werror=format -Wno-stringop-overflow, LAPACK_INFO=mkl, PERF_WITH_AVX=1, PERF_WITH_AVX2=1, PERF_WITH_AVX512=1, TORCH_VERSION=1.10.0, USE_CUDA=ON, USE_CUDNN=ON, USE_EXCEPTION_PTR=1, USE_GFLAGS=OFF, USE_GLOG=OFF, USE_MKL=ON, USE_MKLDNN=ON, USE_MPI=OFF, USE_NCCL=ON, USE_NNPACK=ON, USE_OPENMP=ON, 

TorchVision: 0.11.1+cu113
OpenCV: 4.10.0
MMCV: 1.7.0
MMCV Compiler: GCC 9.3
MMCV CUDA Compiler: 11.3
MMSegmentation: 0.29.1+
------------------------------------------------------------

2025-11-17 23:22:08,675 - mmseg - INFO - Distributed training: True
2025-11-17 23:22:09,023 - mmseg - INFO - Config:
norm_cfg = dict(type='SyncBN', requires_grad=True)
backbone_norm_cfg = dict(type='LN', eps=1e-06, requires_grad=True)
model = dict(
    type='EncoderDecoder',
    pretrained=None,
    backbone=dict(
        type='SwinTransformer',
        pretrain_img_size=224,
        embed_dims=96,
        patch_size=4,
        window_size=7,
        mlp_ratio=4,
        depths=[2, 2, 6, 2],
        num_heads=[3, 6, 12, 24],
        strides=(4, 2, 2, 2),
        out_indices=(0, 1, 2, 3),
        qkv_bias=True,
        qk_scale=None,
        patch_norm=True,
        drop_rate=0.0,
        attn_drop_rate=0.0,
        drop_path_rate=0.3,
        use_abs_pos_embed=False,
        act_cfg=dict(type='GELU'),
        norm_cfg=dict(type='LN', eps=1e-06, requires_grad=True)),
    decode_head=dict(
        type='UPerHead',
        in_channels=[96, 192, 384, 768],
        in_index=[0, 1, 2, 3],
        pool_scales=(1, 2, 3, 6),
        channels=512,
        dropout_ratio=0.1,
        num_classes=2,
        norm_cfg=dict(type='SyncBN', requires_grad=True),
        align_corners=False,
        loss_decode=[
            dict(
                type='CrossEntropyLoss',
                loss_name='loss_ce',
                use_sigmoid=False,
                loss_weight=2.0),
            dict(type='DiceLoss', loss_name='loss_dice', loss_weight=2.0)
        ]),
    train_cfg=dict(),
    test_cfg=dict(mode='slide', crop_size=(512, 512), stride=(256, 256)))
dataset_type = 'MyDataset'
img_size = (1024, 1024)
crop_size = (512, 512)
train_pipeline = [
    dict(type='LoadImageFromFile'),
    dict(type='LoadAnnotations'),
    dict(type='Resize', img_scale=(512, 512), keep_ratio=False),
    dict(type='RandomFlip', flip_ratio=0),
    dict(type='PhotoMetricDistortion'),
    dict(type='Normalize', mean=[0, 0, 0], std=[1, 1, 1], to_rgb=True),
    dict(type='Pad', size=(512, 512), pad_val=0, seg_pad_val=255),
    dict(type='DefaultFormatBundle'),
    dict(type='Collect', keys=['img', 'gt_semantic_seg'])
]
test_pipeline = [
    dict(type='LoadImageFromFile'),
    dict(
        type='MultiScaleFlipAug',
        img_scale=(1024, 1024),
        flip=False,
        transforms=[
            dict(type='Resize', keep_ratio=False),
            dict(type='Normalize', mean=[0, 0, 0], std=[1, 1, 1], to_rgb=True),
            dict(type='ImageToTensor', keys=['img']),
            dict(type='Collect', keys=['img'])
        ])
]
data_root = './datasets/'
data = dict(
    samples_per_gpu=4,
    workers_per_gpu=2,
    train=dict(
        type='RepeatDataset',
        times=10,
        dataset=dict(
            type='MyDataset',
            data_root='./datasets/',
            img_dir='train/images1024',
            ann_dir='train/labels1024',
            pipeline=[
                dict(type='LoadImageFromFile'),
                dict(type='LoadAnnotations'),
                dict(type='Resize', img_scale=(512, 512), keep_ratio=False),
                dict(type='RandomFlip', flip_ratio=0),
                dict(type='PhotoMetricDistortion'),
                dict(
                    type='Normalize',
                    mean=[0, 0, 0],
                    std=[1, 1, 1],
                    to_rgb=True),
                dict(type='Pad', size=(512, 512), pad_val=0, seg_pad_val=255),
                dict(type='DefaultFormatBundle'),
                dict(type='Collect', keys=['img', 'gt_semantic_seg'])
            ])),
    val=dict(
        type='MyDataset',
        data_root='./datasets/',
        img_dir='test/images1024',
        ann_dir='test/labels1024',
        pipeline=[
            dict(type='LoadImageFromFile'),
            dict(
                type='MultiScaleFlipAug',
                img_scale=(1024, 1024),
                flip=False,
                transforms=[
                    dict(type='Resize', keep_ratio=False),
                    dict(
                        type='Normalize',
                        mean=[0, 0, 0],
                        std=[1, 1, 1],
                        to_rgb=True),
                    dict(type='ImageToTensor', keys=['img']),
                    dict(type='Collect', keys=['img'])
                ])
        ]),
    test=dict(
        type='MyDataset',
        data_root='./datasets/',
        img_dir='test/images1024',
        ann_dir='test/labels1024',
        pipeline=[
            dict(type='LoadImageFromFile'),
            dict(
                type='MultiScaleFlipAug',
                img_scale=(1024, 1024),
                flip=False,
                transforms=[
                    dict(type='Resize', keep_ratio=False),
                    dict(
                        type='Normalize',
                        mean=[0, 0, 0],
                        std=[1, 1, 1],
                        to_rgb=True),
                    dict(type='ImageToTensor', keys=['img']),
                    dict(type='Collect', keys=['img'])
                ])
        ]))
log_config = dict(
    interval=50,
    hooks=[
        dict(type='TensorboardLoggerHook'),
        dict(type='TextLoggerHook', by_epoch=False)
    ])
dist_params = dict(backend='nccl')
log_level = 'INFO'
load_from = None
resume_from = None
workflow = [('train', 1)]
cudnn_benchmark = False
find_unused_parameters = True
optimizer = dict(type='Adam', lr=0.001, betas=(0.9, 0.999), weight_decay=0.005)
optimizer_config = dict()
lr_config = dict(policy='poly', power=0.9, min_lr=1e-05, by_epoch=False)
runner = dict(type='IterBasedRunner', max_iters=10000)
checkpoint_config = dict(by_epoch=False, save_optimizer=False, interval=10000)
evaluation = dict(interval=1000, metric=['mIoU', 'mFscore', 'mDice'])
work_dir = './work_dirs/swin'
gpu_ids = range(0, 1)
auto_resume = False

2025-11-17 23:22:09,023 - mmseg - INFO - Set random seed to 0, deterministic: False
2025-11-17 23:22:09,637 - mmseg - WARNING - No pre-trained weights for SwinTransformer, training start from scratch
2025-11-17 23:22:09,961 - mmseg - INFO - initialize UPerHead with init_cfg {'type': 'Normal', 'std': 0.01, 'override': {'name': 'conv_seg'}}
Name of parameter - Initialization information

backbone.patch_embed.projection.weight - torch.Size([96, 3, 4, 4]): 
The value is the same before and after calling `init_weights` of EncoderDecoder  

backbone.patch_embed.projection.bias - torch.Size([96]): 
The value is the same before and after calling `init_weights` of EncoderDecoder  

backbone.patch_embed.norm.weight - torch.Size([96]): 
The value is the same before and after calling `init_weights` of EncoderDecoder  

backbone.patch_embed.norm.bias - torch.Size([96]): 
The value is the same before and after calling `init_weights` of EncoderDecoder  

backbone.stages.0.blocks.0.norm1.weight - torch.Size([96]): 
The value is the same before and after calling `init_weights` of EncoderDecoder  

backbone.stages.0.blocks.0.norm1.bias - torch.Size([96]): 
The value is the same before and after calling `init_weights` of EncoderDecoder  

backbone.stages.0.blocks.0.attn.w_msa.relative_position_bias_table - torch.Size([169, 3]): 
The value is the same before and after calling `init_weights` of EncoderDecoder  

backbone.stages.0.blocks.0.attn.w_msa.qkv.weight - torch.Size([288, 96]): 
Initialized by user-defined `init_weights` in SwinTransformer  

backbone.stages.0.blocks.0.attn.w_msa.qkv.bias - torch.Size([288]): 
Initialized by user-defined `init_weights` in SwinTransformer  

backbone.stages.0.blocks.0.attn.w_msa.proj.weight - torch.Size([96, 96]): 
Initialized by user-defined `init_weights` in SwinTransformer  

backbone.stages.0.blocks.0.attn.w_msa.proj.bias - torch.Size([96]): 
Initialized by user-defined `init_weights` in SwinTransformer  

backbone.stages.0.blocks.0.norm2.weight - torch.Size([96]): 
The value is the same before and after calling `init_weights` of EncoderDecoder  

backbone.stages.0.blocks.0.norm2.bias - torch.Size([96]): 
The value is the same before and after calling `init_weights` of EncoderDecoder  

backbone.stages.0.blocks.0.ffn.layers.0.0.weight - torch.Size([384, 96]): 
Initialized by user-defined `init_weights` in SwinTransformer  

backbone.stages.0.blocks.0.ffn.layers.0.0.bias - torch.Size([384]): 
Initialized by user-defined `init_weights` in SwinTransformer  

backbone.stages.0.blocks.0.ffn.layers.1.weight - torch.Size([96, 384]): 
Initialized by user-defined `init_weights` in SwinTransformer  

backbone.stages.0.blocks.0.ffn.layers.1.bias - torch.Size([96]): 
Initialized by user-defined `init_weights` in SwinTransformer  

backbone.stages.0.blocks.1.norm1.weight - torch.Size([96]): 
The value is the same before and after calling `init_weights` of EncoderDecoder  

backbone.stages.0.blocks.1.norm1.bias - torch.Size([96]): 
The value is the same before and after calling `init_weights` of EncoderDecoder  

backbone.stages.0.blocks.1.attn.w_msa.relative_position_bias_table - torch.Size([169, 3]): 
The value is the same before and after calling `init_weights` of EncoderDecoder  

backbone.stages.0.blocks.1.attn.w_msa.qkv.weight - torch.Size([288, 96]): 
Initialized by user-defined `init_weights` in SwinTransformer  

backbone.stages.0.blocks.1.attn.w_msa.qkv.bias - torch.Size([288]): 
Initialized by user-defined `init_weights` in SwinTransformer  

backbone.stages.0.blocks.1.attn.w_msa.proj.weight - torch.Size([96, 96]): 
Initialized by user-defined `init_weights` in SwinTransformer  

backbone.stages.0.blocks.1.attn.w_msa.proj.bias - torch.Size([96]): 
Initialized by user-defined `init_weights` in SwinTransformer  

backbone.stages.0.blocks.1.norm2.weight - torch.Size([96]): 
The value is the same before and after calling `init_weights` of EncoderDecoder  

backbone.stages.0.blocks.1.norm2.bias - torch.Size([96]): 
The value is the same before and after calling `init_weights` of EncoderDecoder  

backbone.stages.0.blocks.1.ffn.layers.0.0.weight - torch.Size([384, 96]): 
Initialized by user-defined `init_weights` in SwinTransformer  

backbone.stages.0.blocks.1.ffn.layers.0.0.bias - torch.Size([384]): 
Initialized by user-defined `init_weights` in SwinTransformer  

backbone.stages.0.blocks.1.ffn.layers.1.weight - torch.Size([96, 384]): 
Initialized by user-defined `init_weights` in SwinTransformer  

backbone.stages.0.blocks.1.ffn.layers.1.bias - torch.Size([96]): 
Initialized by user-defined `init_weights` in SwinTransformer  

backbone.stages.0.downsample.norm.weight - torch.Size([384]): 
The value is the same before and after calling `init_weights` of EncoderDecoder  

backbone.stages.0.downsample.norm.bias - torch.Size([384]): 
The value is the same before and after calling `init_weights` of EncoderDecoder  

backbone.stages.0.downsample.reduction.weight - torch.Size([192, 384]): 
Initialized by user-defined `init_weights` in SwinTransformer  

backbone.stages.1.blocks.0.norm1.weight - torch.Size([192]): 
The value is the same before and after calling `init_weights` of EncoderDecoder  

backbone.stages.1.blocks.0.norm1.bias - torch.Size([192]): 
The value is the same before and after calling `init_weights` of EncoderDecoder  

backbone.stages.1.blocks.0.attn.w_msa.relative_position_bias_table - torch.Size([169, 6]): 
The value is the same before and after calling `init_weights` of EncoderDecoder  

backbone.stages.1.blocks.0.attn.w_msa.qkv.weight - torch.Size([576, 192]): 
Initialized by user-defined `init_weights` in SwinTransformer  

backbone.stages.1.blocks.0.attn.w_msa.qkv.bias - torch.Size([576]): 
Initialized by user-defined `init_weights` in SwinTransformer  

backbone.stages.1.blocks.0.attn.w_msa.proj.weight - torch.Size([192, 192]): 
Initialized by user-defined `init_weights` in SwinTransformer  

backbone.stages.1.blocks.0.attn.w_msa.proj.bias - torch.Size([192]): 
Initialized by user-defined `init_weights` in SwinTransformer  

backbone.stages.1.blocks.0.norm2.weight - torch.Size([192]): 
The value is the same before and after calling `init_weights` of EncoderDecoder  

backbone.stages.1.blocks.0.norm2.bias - torch.Size([192]): 
The value is the same before and after calling `init_weights` of EncoderDecoder  

backbone.stages.1.blocks.0.ffn.layers.0.0.weight - torch.Size([768, 192]): 
Initialized by user-defined `init_weights` in SwinTransformer  

backbone.stages.1.blocks.0.ffn.layers.0.0.bias - torch.Size([768]): 
Initialized by user-defined `init_weights` in SwinTransformer  

backbone.stages.1.blocks.0.ffn.layers.1.weight - torch.Size([192, 768]): 
Initialized by user-defined `init_weights` in SwinTransformer  

backbone.stages.1.blocks.0.ffn.layers.1.bias - torch.Size([192]): 
Initialized by user-defined `init_weights` in SwinTransformer  

backbone.stages.1.blocks.1.norm1.weight - torch.Size([192]): 
The value is the same before and after calling `init_weights` of EncoderDecoder  

backbone.stages.1.blocks.1.norm1.bias - torch.Size([192]): 
The value is the same before and after calling `init_weights` of EncoderDecoder  

backbone.stages.1.blocks.1.attn.w_msa.relative_position_bias_table - torch.Size([169, 6]): 
The value is the same before and after calling `init_weights` of EncoderDecoder  

backbone.stages.1.blocks.1.attn.w_msa.qkv.weight - torch.Size([576, 192]): 
Initialized by user-defined `init_weights` in SwinTransformer  

backbone.stages.1.blocks.1.attn.w_msa.qkv.bias - torch.Size([576]): 
Initialized by user-defined `init_weights` in SwinTransformer  

backbone.stages.1.blocks.1.attn.w_msa.proj.weight - torch.Size([192, 192]): 
Initialized by user-defined `init_weights` in SwinTransformer  

backbone.stages.1.blocks.1.attn.w_msa.proj.bias - torch.Size([192]): 
Initialized by user-defined `init_weights` in SwinTransformer  

backbone.stages.1.blocks.1.norm2.weight - torch.Size([192]): 
The value is the same before and after calling `init_weights` of EncoderDecoder  

backbone.stages.1.blocks.1.norm2.bias - torch.Size([192]): 
The value is the same before and after calling `init_weights` of EncoderDecoder  

backbone.stages.1.blocks.1.ffn.layers.0.0.weight - torch.Size([768, 192]): 
Initialized by user-defined `init_weights` in SwinTransformer  

backbone.stages.1.blocks.1.ffn.layers.0.0.bias - torch.Size([768]): 
Initialized by user-defined `init_weights` in SwinTransformer  

backbone.stages.1.blocks.1.ffn.layers.1.weight - torch.Size([192, 768]): 
Initialized by user-defined `init_weights` in SwinTransformer  

backbone.stages.1.blocks.1.ffn.layers.1.bias - torch.Size([192]): 
Initialized by user-defined `init_weights` in SwinTransformer  

backbone.stages.1.downsample.norm.weight - torch.Size([768]): 
The value is the same before and after calling `init_weights` of EncoderDecoder  

backbone.stages.1.downsample.norm.bias - torch.Size([768]): 
The value is the same before and after calling `init_weights` of EncoderDecoder  

backbone.stages.1.downsample.reduction.weight - torch.Size([384, 768]): 
Initialized by user-defined `init_weights` in SwinTransformer  

backbone.stages.2.blocks.0.norm1.weight - torch.Size([384]): 
The value is the same before and after calling `init_weights` of EncoderDecoder  

backbone.stages.2.blocks.0.norm1.bias - torch.Size([384]): 
The value is the same before and after calling `init_weights` of EncoderDecoder  

backbone.stages.2.blocks.0.attn.w_msa.relative_position_bias_table - torch.Size([169, 12]): 
The value is the same before and after calling `init_weights` of EncoderDecoder  

backbone.stages.2.blocks.0.attn.w_msa.qkv.weight - torch.Size([1152, 384]): 
Initialized by user-defined `init_weights` in SwinTransformer  

backbone.stages.2.blocks.0.attn.w_msa.qkv.bias - torch.Size([1152]): 
Initialized by user-defined `init_weights` in SwinTransformer  

backbone.stages.2.blocks.0.attn.w_msa.proj.weight - torch.Size([384, 384]): 
Initialized by user-defined `init_weights` in SwinTransformer  

backbone.stages.2.blocks.0.attn.w_msa.proj.bias - torch.Size([384]): 
Initialized by user-defined `init_weights` in SwinTransformer  

backbone.stages.2.blocks.0.norm2.weight - torch.Size([384]): 
The value is the same before and after calling `init_weights` of EncoderDecoder  

backbone.stages.2.blocks.0.norm2.bias - torch.Size([384]): 
The value is the same before and after calling `init_weights` of EncoderDecoder  

backbone.stages.2.blocks.0.ffn.layers.0.0.weight - torch.Size([1536, 384]): 
Initialized by user-defined `init_weights` in SwinTransformer  

backbone.stages.2.blocks.0.ffn.layers.0.0.bias - torch.Size([1536]): 
Initialized by user-defined `init_weights` in SwinTransformer  

backbone.stages.2.blocks.0.ffn.layers.1.weight - torch.Size([384, 1536]): 
Initialized by user-defined `init_weights` in SwinTransformer  

backbone.stages.2.blocks.0.ffn.layers.1.bias - torch.Size([384]): 
Initialized by user-defined `init_weights` in SwinTransformer  

backbone.stages.2.blocks.1.norm1.weight - torch.Size([384]): 
The value is the same before and after calling `init_weights` of EncoderDecoder  

backbone.stages.2.blocks.1.norm1.bias - torch.Size([384]): 
The value is the same before and after calling `init_weights` of EncoderDecoder  

backbone.stages.2.blocks.1.attn.w_msa.relative_position_bias_table - torch.Size([169, 12]): 
The value is the same before and after calling `init_weights` of EncoderDecoder  

backbone.stages.2.blocks.1.attn.w_msa.qkv.weight - torch.Size([1152, 384]): 
Initialized by user-defined `init_weights` in SwinTransformer  

backbone.stages.2.blocks.1.attn.w_msa.qkv.bias - torch.Size([1152]): 
Initialized by user-defined `init_weights` in SwinTransformer  

backbone.stages.2.blocks.1.attn.w_msa.proj.weight - torch.Size([384, 384]): 
Initialized by user-defined `init_weights` in SwinTransformer  

backbone.stages.2.blocks.1.attn.w_msa.proj.bias - torch.Size([384]): 
Initialized by user-defined `init_weights` in SwinTransformer  

backbone.stages.2.blocks.1.norm2.weight - torch.Size([384]): 
The value is the same before and after calling `init_weights` of EncoderDecoder  

backbone.stages.2.blocks.1.norm2.bias - torch.Size([384]): 
The value is the same before and after calling `init_weights` of EncoderDecoder  

backbone.stages.2.blocks.1.ffn.layers.0.0.weight - torch.Size([1536, 384]): 
Initialized by user-defined `init_weights` in SwinTransformer  

backbone.stages.2.blocks.1.ffn.layers.0.0.bias - torch.Size([1536]): 
Initialized by user-defined `init_weights` in SwinTransformer  

backbone.stages.2.blocks.1.ffn.layers.1.weight - torch.Size([384, 1536]): 
Initialized by user-defined `init_weights` in SwinTransformer  

backbone.stages.2.blocks.1.ffn.layers.1.bias - torch.Size([384]): 
Initialized by user-defined `init_weights` in SwinTransformer  

backbone.stages.2.blocks.2.norm1.weight - torch.Size([384]): 
The value is the same before and after calling `init_weights` of EncoderDecoder  

backbone.stages.2.blocks.2.norm1.bias - torch.Size([384]): 
The value is the same before and after calling `init_weights` of EncoderDecoder  

backbone.stages.2.blocks.2.attn.w_msa.relative_position_bias_table - torch.Size([169, 12]): 
The value is the same before and after calling `init_weights` of EncoderDecoder  

backbone.stages.2.blocks.2.attn.w_msa.qkv.weight - torch.Size([1152, 384]): 
Initialized by user-defined `init_weights` in SwinTransformer  

backbone.stages.2.blocks.2.attn.w_msa.qkv.bias - torch.Size([1152]): 
Initialized by user-defined `init_weights` in SwinTransformer  

backbone.stages.2.blocks.2.attn.w_msa.proj.weight - torch.Size([384, 384]): 
Initialized by user-defined `init_weights` in SwinTransformer  

backbone.stages.2.blocks.2.attn.w_msa.proj.bias - torch.Size([384]): 
Initialized by user-defined `init_weights` in SwinTransformer  

backbone.stages.2.blocks.2.norm2.weight - torch.Size([384]): 
The value is the same before and after calling `init_weights` of EncoderDecoder  

backbone.stages.2.blocks.2.norm2.bias - torch.Size([384]): 
The value is the same before and after calling `init_weights` of EncoderDecoder  

backbone.stages.2.blocks.2.ffn.layers.0.0.weight - torch.Size([1536, 384]): 
Initialized by user-defined `init_weights` in SwinTransformer  

backbone.stages.2.blocks.2.ffn.layers.0.0.bias - torch.Size([1536]): 
Initialized by user-defined `init_weights` in SwinTransformer  

backbone.stages.2.blocks.2.ffn.layers.1.weight - torch.Size([384, 1536]): 
Initialized by user-defined `init_weights` in SwinTransformer  

backbone.stages.2.blocks.2.ffn.layers.1.bias - torch.Size([384]): 
Initialized by user-defined `init_weights` in SwinTransformer  

backbone.stages.2.blocks.3.norm1.weight - torch.Size([384]): 
The value is the same before and after calling `init_weights` of EncoderDecoder  

backbone.stages.2.blocks.3.norm1.bias - torch.Size([384]): 
The value is the same before and after calling `init_weights` of EncoderDecoder  

backbone.stages.2.blocks.3.attn.w_msa.relative_position_bias_table - torch.Size([169, 12]): 
The value is the same before and after calling `init_weights` of EncoderDecoder  

backbone.stages.2.blocks.3.attn.w_msa.qkv.weight - torch.Size([1152, 384]): 
Initialized by user-defined `init_weights` in SwinTransformer  

backbone.stages.2.blocks.3.attn.w_msa.qkv.bias - torch.Size([1152]): 
Initialized by user-defined `init_weights` in SwinTransformer  

backbone.stages.2.blocks.3.attn.w_msa.proj.weight - torch.Size([384, 384]): 
Initialized by user-defined `init_weights` in SwinTransformer  

backbone.stages.2.blocks.3.attn.w_msa.proj.bias - torch.Size([384]): 
Initialized by user-defined `init_weights` in SwinTransformer  

backbone.stages.2.blocks.3.norm2.weight - torch.Size([384]): 
The value is the same before and after calling `init_weights` of EncoderDecoder  

backbone.stages.2.blocks.3.norm2.bias - torch.Size([384]): 
The value is the same before and after calling `init_weights` of EncoderDecoder  

backbone.stages.2.blocks.3.ffn.layers.0.0.weight - torch.Size([1536, 384]): 
Initialized by user-defined `init_weights` in SwinTransformer  

backbone.stages.2.blocks.3.ffn.layers.0.0.bias - torch.Size([1536]): 
Initialized by user-defined `init_weights` in SwinTransformer  

backbone.stages.2.blocks.3.ffn.layers.1.weight - torch.Size([384, 1536]): 
Initialized by user-defined `init_weights` in SwinTransformer  

backbone.stages.2.blocks.3.ffn.layers.1.bias - torch.Size([384]): 
Initialized by user-defined `init_weights` in SwinTransformer  

backbone.stages.2.blocks.4.norm1.weight - torch.Size([384]): 
The value is the same before and after calling `init_weights` of EncoderDecoder  

backbone.stages.2.blocks.4.norm1.bias - torch.Size([384]): 
The value is the same before and after calling `init_weights` of EncoderDecoder  

backbone.stages.2.blocks.4.attn.w_msa.relative_position_bias_table - torch.Size([169, 12]): 
The value is the same before and after calling `init_weights` of EncoderDecoder  

backbone.stages.2.blocks.4.attn.w_msa.qkv.weight - torch.Size([1152, 384]): 
Initialized by user-defined `init_weights` in SwinTransformer  

backbone.stages.2.blocks.4.attn.w_msa.qkv.bias - torch.Size([1152]): 
Initialized by user-defined `init_weights` in SwinTransformer  

backbone.stages.2.blocks.4.attn.w_msa.proj.weight - torch.Size([384, 384]): 
Initialized by user-defined `init_weights` in SwinTransformer  

backbone.stages.2.blocks.4.attn.w_msa.proj.bias - torch.Size([384]): 
Initialized by user-defined `init_weights` in SwinTransformer  

backbone.stages.2.blocks.4.norm2.weight - torch.Size([384]): 
The value is the same before and after calling `init_weights` of EncoderDecoder  

backbone.stages.2.blocks.4.norm2.bias - torch.Size([384]): 
The value is the same before and after calling `init_weights` of EncoderDecoder  

backbone.stages.2.blocks.4.ffn.layers.0.0.weight - torch.Size([1536, 384]): 
Initialized by user-defined `init_weights` in SwinTransformer  

backbone.stages.2.blocks.4.ffn.layers.0.0.bias - torch.Size([1536]): 
Initialized by user-defined `init_weights` in SwinTransformer  

backbone.stages.2.blocks.4.ffn.layers.1.weight - torch.Size([384, 1536]): 
Initialized by user-defined `init_weights` in SwinTransformer  

backbone.stages.2.blocks.4.ffn.layers.1.bias - torch.Size([384]): 
Initialized by user-defined `init_weights` in SwinTransformer  

backbone.stages.2.blocks.5.norm1.weight - torch.Size([384]): 
The value is the same before and after calling `init_weights` of EncoderDecoder  

backbone.stages.2.blocks.5.norm1.bias - torch.Size([384]): 
The value is the same before and after calling `init_weights` of EncoderDecoder  

backbone.stages.2.blocks.5.attn.w_msa.relative_position_bias_table - torch.Size([169, 12]): 
The value is the same before and after calling `init_weights` of EncoderDecoder  

backbone.stages.2.blocks.5.attn.w_msa.qkv.weight - torch.Size([1152, 384]): 
Initialized by user-defined `init_weights` in SwinTransformer  

backbone.stages.2.blocks.5.attn.w_msa.qkv.bias - torch.Size([1152]): 
Initialized by user-defined `init_weights` in SwinTransformer  

backbone.stages.2.blocks.5.attn.w_msa.proj.weight - torch.Size([384, 384]): 
Initialized by user-defined `init_weights` in SwinTransformer  

backbone.stages.2.blocks.5.attn.w_msa.proj.bias - torch.Size([384]): 
Initialized by user-defined `init_weights` in SwinTransformer  

backbone.stages.2.blocks.5.norm2.weight - torch.Size([384]): 
The value is the same before and after calling `init_weights` of EncoderDecoder  

backbone.stages.2.blocks.5.norm2.bias - torch.Size([384]): 
The value is the same before and after calling `init_weights` of EncoderDecoder  

backbone.stages.2.blocks.5.ffn.layers.0.0.weight - torch.Size([1536, 384]): 
Initialized by user-defined `init_weights` in SwinTransformer  

backbone.stages.2.blocks.5.ffn.layers.0.0.bias - torch.Size([1536]): 
Initialized by user-defined `init_weights` in SwinTransformer  

backbone.stages.2.blocks.5.ffn.layers.1.weight - torch.Size([384, 1536]): 
Initialized by user-defined `init_weights` in SwinTransformer  

backbone.stages.2.blocks.5.ffn.layers.1.bias - torch.Size([384]): 
Initialized by user-defined `init_weights` in SwinTransformer  

backbone.stages.2.downsample.norm.weight - torch.Size([1536]): 
The value is the same before and after calling `init_weights` of EncoderDecoder  

backbone.stages.2.downsample.norm.bias - torch.Size([1536]): 
The value is the same before and after calling `init_weights` of EncoderDecoder  

backbone.stages.2.downsample.reduction.weight - torch.Size([768, 1536]): 
Initialized by user-defined `init_weights` in SwinTransformer  

backbone.stages.3.blocks.0.norm1.weight - torch.Size([768]): 
The value is the same before and after calling `init_weights` of EncoderDecoder  

backbone.stages.3.blocks.0.norm1.bias - torch.Size([768]): 
The value is the same before and after calling `init_weights` of EncoderDecoder  

backbone.stages.3.blocks.0.attn.w_msa.relative_position_bias_table - torch.Size([169, 24]): 
The value is the same before and after calling `init_weights` of EncoderDecoder  

backbone.stages.3.blocks.0.attn.w_msa.qkv.weight - torch.Size([2304, 768]): 
Initialized by user-defined `init_weights` in SwinTransformer  

backbone.stages.3.blocks.0.attn.w_msa.qkv.bias - torch.Size([2304]): 
Initialized by user-defined `init_weights` in SwinTransformer  

backbone.stages.3.blocks.0.attn.w_msa.proj.weight - torch.Size([768, 768]): 
Initialized by user-defined `init_weights` in SwinTransformer  

backbone.stages.3.blocks.0.attn.w_msa.proj.bias - torch.Size([768]): 
Initialized by user-defined `init_weights` in SwinTransformer  

backbone.stages.3.blocks.0.norm2.weight - torch.Size([768]): 
The value is the same before and after calling `init_weights` of EncoderDecoder  

backbone.stages.3.blocks.0.norm2.bias - torch.Size([768]): 
The value is the same before and after calling `init_weights` of EncoderDecoder  

backbone.stages.3.blocks.0.ffn.layers.0.0.weight - torch.Size([3072, 768]): 
Initialized by user-defined `init_weights` in SwinTransformer  

backbone.stages.3.blocks.0.ffn.layers.0.0.bias - torch.Size([3072]): 
Initialized by user-defined `init_weights` in SwinTransformer  

backbone.stages.3.blocks.0.ffn.layers.1.weight - torch.Size([768, 3072]): 
Initialized by user-defined `init_weights` in SwinTransformer  

backbone.stages.3.blocks.0.ffn.layers.1.bias - torch.Size([768]): 
Initialized by user-defined `init_weights` in SwinTransformer  

backbone.stages.3.blocks.1.norm1.weight - torch.Size([768]): 
The value is the same before and after calling `init_weights` of EncoderDecoder  

backbone.stages.3.blocks.1.norm1.bias - torch.Size([768]): 
The value is the same before and after calling `init_weights` of EncoderDecoder  

backbone.stages.3.blocks.1.attn.w_msa.relative_position_bias_table - torch.Size([169, 24]): 
The value is the same before and after calling `init_weights` of EncoderDecoder  

backbone.stages.3.blocks.1.attn.w_msa.qkv.weight - torch.Size([2304, 768]): 
Initialized by user-defined `init_weights` in SwinTransformer  

backbone.stages.3.blocks.1.attn.w_msa.qkv.bias - torch.Size([2304]): 
Initialized by user-defined `init_weights` in SwinTransformer  

backbone.stages.3.blocks.1.attn.w_msa.proj.weight - torch.Size([768, 768]): 
Initialized by user-defined `init_weights` in SwinTransformer  

backbone.stages.3.blocks.1.attn.w_msa.proj.bias - torch.Size([768]): 
Initialized by user-defined `init_weights` in SwinTransformer  

backbone.stages.3.blocks.1.norm2.weight - torch.Size([768]): 
The value is the same before and after calling `init_weights` of EncoderDecoder  

backbone.stages.3.blocks.1.norm2.bias - torch.Size([768]): 
The value is the same before and after calling `init_weights` of EncoderDecoder  

backbone.stages.3.blocks.1.ffn.layers.0.0.weight - torch.Size([3072, 768]): 
Initialized by user-defined `init_weights` in SwinTransformer  

backbone.stages.3.blocks.1.ffn.layers.0.0.bias - torch.Size([3072]): 
Initialized by user-defined `init_weights` in SwinTransformer  

backbone.stages.3.blocks.1.ffn.layers.1.weight - torch.Size([768, 3072]): 
Initialized by user-defined `init_weights` in SwinTransformer  

backbone.stages.3.blocks.1.ffn.layers.1.bias - torch.Size([768]): 
Initialized by user-defined `init_weights` in SwinTransformer  

backbone.norm0.weight - torch.Size([96]): 
The value is the same before and after calling `init_weights` of EncoderDecoder  

backbone.norm0.bias - torch.Size([96]): 
The value is the same before and after calling `init_weights` of EncoderDecoder  

backbone.norm1.weight - torch.Size([192]): 
The value is the same before and after calling `init_weights` of EncoderDecoder  

backbone.norm1.bias - torch.Size([192]): 
The value is the same before and after calling `init_weights` of EncoderDecoder  

backbone.norm2.weight - torch.Size([384]): 
The value is the same before and after calling `init_weights` of EncoderDecoder  

backbone.norm2.bias - torch.Size([384]): 
The value is the same before and after calling `init_weights` of EncoderDecoder  

backbone.norm3.weight - torch.Size([768]): 
The value is the same before and after calling `init_weights` of EncoderDecoder  

backbone.norm3.bias - torch.Size([768]): 
The value is the same before and after calling `init_weights` of EncoderDecoder  

decode_head.conv_seg.weight - torch.Size([2, 512, 1, 1]): 
NormalInit: mean=0, std=0.01, bias=0 

decode_head.conv_seg.bias - torch.Size([2]): 
NormalInit: mean=0, std=0.01, bias=0 

decode_head.psp_modules.0.1.conv.weight - torch.Size([512, 768, 1, 1]): 
The value is the same before and after calling `init_weights` of EncoderDecoder  

decode_head.psp_modules.0.1.bn.weight - torch.Size([512]): 
The value is the same before and after calling `init_weights` of EncoderDecoder  

decode_head.psp_modules.0.1.bn.bias - torch.Size([512]): 
The value is the same before and after calling `init_weights` of EncoderDecoder  

decode_head.psp_modules.1.1.conv.weight - torch.Size([512, 768, 1, 1]): 
The value is the same before and after calling `init_weights` of EncoderDecoder  

decode_head.psp_modules.1.1.bn.weight - torch.Size([512]): 
The value is the same before and after calling `init_weights` of EncoderDecoder  

decode_head.psp_modules.1.1.bn.bias - torch.Size([512]): 
The value is the same before and after calling `init_weights` of EncoderDecoder  

decode_head.psp_modules.2.1.conv.weight - torch.Size([512, 768, 1, 1]): 
The value is the same before and after calling `init_weights` of EncoderDecoder  

decode_head.psp_modules.2.1.bn.weight - torch.Size([512]): 
The value is the same before and after calling `init_weights` of EncoderDecoder  

decode_head.psp_modules.2.1.bn.bias - torch.Size([512]): 
The value is the same before and after calling `init_weights` of EncoderDecoder  

decode_head.psp_modules.3.1.conv.weight - torch.Size([512, 768, 1, 1]): 
The value is the same before and after calling `init_weights` of EncoderDecoder  

decode_head.psp_modules.3.1.bn.weight - torch.Size([512]): 
The value is the same before and after calling `init_weights` of EncoderDecoder  

decode_head.psp_modules.3.1.bn.bias - torch.Size([512]): 
The value is the same before and after calling `init_weights` of EncoderDecoder  

decode_head.bottleneck.conv.weight - torch.Size([512, 2816, 3, 3]): 
Initialized by user-defined `init_weights` in ConvModule  

decode_head.bottleneck.bn.weight - torch.Size([512]): 
The value is the same before and after calling `init_weights` of EncoderDecoder  

decode_head.bottleneck.bn.bias - torch.Size([512]): 
The value is the same before and after calling `init_weights` of EncoderDecoder  

decode_head.lateral_convs.0.conv.weight - torch.Size([512, 96, 1, 1]): 
The value is the same before and after calling `init_weights` of EncoderDecoder  

decode_head.lateral_convs.0.bn.weight - torch.Size([512]): 
The value is the same before and after calling `init_weights` of EncoderDecoder  

decode_head.lateral_convs.0.bn.bias - torch.Size([512]): 
The value is the same before and after calling `init_weights` of EncoderDecoder  

decode_head.lateral_convs.1.conv.weight - torch.Size([512, 192, 1, 1]): 
The value is the same before and after calling `init_weights` of EncoderDecoder  

decode_head.lateral_convs.1.bn.weight - torch.Size([512]): 
The value is the same before and after calling `init_weights` of EncoderDecoder  

decode_head.lateral_convs.1.bn.bias - torch.Size([512]): 
The value is the same before and after calling `init_weights` of EncoderDecoder  

decode_head.lateral_convs.2.conv.weight - torch.Size([512, 384, 1, 1]): 
The value is the same before and after calling `init_weights` of EncoderDecoder  

decode_head.lateral_convs.2.bn.weight - torch.Size([512]): 
The value is the same before and after calling `init_weights` of EncoderDecoder  

decode_head.lateral_convs.2.bn.bias - torch.Size([512]): 
The value is the same before and after calling `init_weights` of EncoderDecoder  

decode_head.fpn_convs.0.conv.weight - torch.Size([512, 512, 3, 3]): 
The value is the same before and after calling `init_weights` of EncoderDecoder  

decode_head.fpn_convs.0.bn.weight - torch.Size([512]): 
The value is the same before and after calling `init_weights` of EncoderDecoder  

decode_head.fpn_convs.0.bn.bias - torch.Size([512]): 
The value is the same before and after calling `init_weights` of EncoderDecoder  

decode_head.fpn_convs.1.conv.weight - torch.Size([512, 512, 3, 3]): 
The value is the same before and after calling `init_weights` of EncoderDecoder  

decode_head.fpn_convs.1.bn.weight - torch.Size([512]): 
The value is the same before and after calling `init_weights` of EncoderDecoder  

decode_head.fpn_convs.1.bn.bias - torch.Size([512]): 
The value is the same before and after calling `init_weights` of EncoderDecoder  

decode_head.fpn_convs.2.conv.weight - torch.Size([512, 512, 3, 3]): 
The value is the same before and after calling `init_weights` of EncoderDecoder  

decode_head.fpn_convs.2.bn.weight - torch.Size([512]): 
The value is the same before and after calling `init_weights` of EncoderDecoder  

decode_head.fpn_convs.2.bn.bias - torch.Size([512]): 
The value is the same before and after calling `init_weights` of EncoderDecoder  

decode_head.fpn_bottleneck.conv.weight - torch.Size([512, 2048, 3, 3]): 
Initialized by user-defined `init_weights` in ConvModule  

decode_head.fpn_bottleneck.bn.weight - torch.Size([512]): 
The value is the same before and after calling `init_weights` of EncoderDecoder  

decode_head.fpn_bottleneck.bn.bias - torch.Size([512]): 
The value is the same before and after calling `init_weights` of EncoderDecoder  
2025-11-17 23:22:10,104 - mmseg - INFO - EncoderDecoder(
  (backbone): SwinTransformer(
    (patch_embed): PatchEmbed(
      (adap_padding): AdaptivePadding()
      (projection): Conv2d(3, 96, kernel_size=(4, 4), stride=(4, 4))
      (norm): LayerNorm((96,), eps=1e-06, elementwise_affine=True)
    )
    (drop_after_pos): Dropout(p=0.0, inplace=False)
    (stages): ModuleList(
      (0): SwinBlockSequence(
        (blocks): ModuleList(
          (0): SwinBlock(
            (norm1): LayerNorm((96,), eps=1e-06, elementwise_affine=True)
            (attn): ShiftWindowMSA(
              (w_msa): WindowMSA(
                (qkv): Linear(in_features=96, out_features=288, bias=True)
                (attn_drop): Dropout(p=0.0, inplace=False)
                (proj): Linear(in_features=96, out_features=96, bias=True)
                (proj_drop): Dropout(p=0.0, inplace=False)
                (softmax): Softmax(dim=-1)
              )
              (drop): DropPath()
            )
            (norm2): LayerNorm((96,), eps=1e-06, elementwise_affine=True)
            (ffn): FFN(
              (activate): GELU()
              (layers): Sequential(
                (0): Sequential(
                  (0): Linear(in_features=96, out_features=384, bias=True)
                  (1): GELU()
                  (2): Dropout(p=0.0, inplace=False)
                )
                (1): Linear(in_features=384, out_features=96, bias=True)
                (2): Dropout(p=0.0, inplace=False)
              )
              (dropout_layer): DropPath()
            )
          )
          (1): SwinBlock(
            (norm1): LayerNorm((96,), eps=1e-06, elementwise_affine=True)
            (attn): ShiftWindowMSA(
              (w_msa): WindowMSA(
                (qkv): Linear(in_features=96, out_features=288, bias=True)
                (attn_drop): Dropout(p=0.0, inplace=False)
                (proj): Linear(in_features=96, out_features=96, bias=True)
                (proj_drop): Dropout(p=0.0, inplace=False)
                (softmax): Softmax(dim=-1)
              )
              (drop): DropPath()
            )
            (norm2): LayerNorm((96,), eps=1e-06, elementwise_affine=True)
            (ffn): FFN(
              (activate): GELU()
              (layers): Sequential(
                (0): Sequential(
                  (0): Linear(in_features=96, out_features=384, bias=True)
                  (1): GELU()
                  (2): Dropout(p=0.0, inplace=False)
                )
                (1): Linear(in_features=384, out_features=96, bias=True)
                (2): Dropout(p=0.0, inplace=False)
              )
              (dropout_layer): DropPath()
            )
          )
        )
        (downsample): PatchMerging(
          (adap_padding): AdaptivePadding()
          (sampler): Unfold(kernel_size=(2, 2), dilation=(1, 1), padding=(0, 0), stride=(2, 2))
          (norm): LayerNorm((384,), eps=1e-06, elementwise_affine=True)
          (reduction): Linear(in_features=384, out_features=192, bias=False)
        )
      )
      (1): SwinBlockSequence(
        (blocks): ModuleList(
          (0): SwinBlock(
            (norm1): LayerNorm((192,), eps=1e-06, elementwise_affine=True)
            (attn): ShiftWindowMSA(
              (w_msa): WindowMSA(
                (qkv): Linear(in_features=192, out_features=576, bias=True)
                (attn_drop): Dropout(p=0.0, inplace=False)
                (proj): Linear(in_features=192, out_features=192, bias=True)
                (proj_drop): Dropout(p=0.0, inplace=False)
                (softmax): Softmax(dim=-1)
              )
              (drop): DropPath()
            )
            (norm2): LayerNorm((192,), eps=1e-06, elementwise_affine=True)
            (ffn): FFN(
              (activate): GELU()
              (layers): Sequential(
                (0): Sequential(
                  (0): Linear(in_features=192, out_features=768, bias=True)
                  (1): GELU()
                  (2): Dropout(p=0.0, inplace=False)
                )
                (1): Linear(in_features=768, out_features=192, bias=True)
                (2): Dropout(p=0.0, inplace=False)
              )
              (dropout_layer): DropPath()
            )
          )
          (1): SwinBlock(
            (norm1): LayerNorm((192,), eps=1e-06, elementwise_affine=True)
            (attn): ShiftWindowMSA(
              (w_msa): WindowMSA(
                (qkv): Linear(in_features=192, out_features=576, bias=True)
                (attn_drop): Dropout(p=0.0, inplace=False)
                (proj): Linear(in_features=192, out_features=192, bias=True)
                (proj_drop): Dropout(p=0.0, inplace=False)
                (softmax): Softmax(dim=-1)
              )
              (drop): DropPath()
            )
            (norm2): LayerNorm((192,), eps=1e-06, elementwise_affine=True)
            (ffn): FFN(
              (activate): GELU()
              (layers): Sequential(
                (0): Sequential(
                  (0): Linear(in_features=192, out_features=768, bias=True)
                  (1): GELU()
                  (2): Dropout(p=0.0, inplace=False)
                )
                (1): Linear(in_features=768, out_features=192, bias=True)
                (2): Dropout(p=0.0, inplace=False)
              )
              (dropout_layer): DropPath()
            )
          )
        )
        (downsample): PatchMerging(
          (adap_padding): AdaptivePadding()
          (sampler): Unfold(kernel_size=(2, 2), dilation=(1, 1), padding=(0, 0), stride=(2, 2))
          (norm): LayerNorm((768,), eps=1e-06, elementwise_affine=True)
          (reduction): Linear(in_features=768, out_features=384, bias=False)
        )
      )
      (2): SwinBlockSequence(
        (blocks): ModuleList(
          (0): SwinBlock(
            (norm1): LayerNorm((384,), eps=1e-06, elementwise_affine=True)
            (attn): ShiftWindowMSA(
              (w_msa): WindowMSA(
                (qkv): Linear(in_features=384, out_features=1152, bias=True)
                (attn_drop): Dropout(p=0.0, inplace=False)
                (proj): Linear(in_features=384, out_features=384, bias=True)
                (proj_drop): Dropout(p=0.0, inplace=False)
                (softmax): Softmax(dim=-1)
              )
              (drop): DropPath()
            )
            (norm2): LayerNorm((384,), eps=1e-06, elementwise_affine=True)
            (ffn): FFN(
              (activate): GELU()
              (layers): Sequential(
                (0): Sequential(
                  (0): Linear(in_features=384, out_features=1536, bias=True)
                  (1): GELU()
                  (2): Dropout(p=0.0, inplace=False)
                )
                (1): Linear(in_features=1536, out_features=384, bias=True)
                (2): Dropout(p=0.0, inplace=False)
              )
              (dropout_layer): DropPath()
            )
          )
          (1): SwinBlock(
            (norm1): LayerNorm((384,), eps=1e-06, elementwise_affine=True)
            (attn): ShiftWindowMSA(
              (w_msa): WindowMSA(
                (qkv): Linear(in_features=384, out_features=1152, bias=True)
                (attn_drop): Dropout(p=0.0, inplace=False)
                (proj): Linear(in_features=384, out_features=384, bias=True)
                (proj_drop): Dropout(p=0.0, inplace=False)
                (softmax): Softmax(dim=-1)
              )
              (drop): DropPath()
            )
            (norm2): LayerNorm((384,), eps=1e-06, elementwise_affine=True)
            (ffn): FFN(
              (activate): GELU()
              (layers): Sequential(
                (0): Sequential(
                  (0): Linear(in_features=384, out_features=1536, bias=True)
                  (1): GELU()
                  (2): Dropout(p=0.0, inplace=False)
                )
                (1): Linear(in_features=1536, out_features=384, bias=True)
                (2): Dropout(p=0.0, inplace=False)
              )
              (dropout_layer): DropPath()
            )
          )
          (2): SwinBlock(
            (norm1): LayerNorm((384,), eps=1e-06, elementwise_affine=True)
            (attn): ShiftWindowMSA(
              (w_msa): WindowMSA(
                (qkv): Linear(in_features=384, out_features=1152, bias=True)
                (attn_drop): Dropout(p=0.0, inplace=False)
                (proj): Linear(in_features=384, out_features=384, bias=True)
                (proj_drop): Dropout(p=0.0, inplace=False)
                (softmax): Softmax(dim=-1)
              )
              (drop): DropPath()
            )
            (norm2): LayerNorm((384,), eps=1e-06, elementwise_affine=True)
            (ffn): FFN(
              (activate): GELU()
              (layers): Sequential(
                (0): Sequential(
                  (0): Linear(in_features=384, out_features=1536, bias=True)
                  (1): GELU()
                  (2): Dropout(p=0.0, inplace=False)
                )
                (1): Linear(in_features=1536, out_features=384, bias=True)
                (2): Dropout(p=0.0, inplace=False)
              )
              (dropout_layer): DropPath()
            )
          )
          (3): SwinBlock(
            (norm1): LayerNorm((384,), eps=1e-06, elementwise_affine=True)
            (attn): ShiftWindowMSA(
              (w_msa): WindowMSA(
                (qkv): Linear(in_features=384, out_features=1152, bias=True)
                (attn_drop): Dropout(p=0.0, inplace=False)
                (proj): Linear(in_features=384, out_features=384, bias=True)
                (proj_drop): Dropout(p=0.0, inplace=False)
                (softmax): Softmax(dim=-1)
              )
              (drop): DropPath()
            )
            (norm2): LayerNorm((384,), eps=1e-06, elementwise_affine=True)
            (ffn): FFN(
              (activate): GELU()
              (layers): Sequential(
                (0): Sequential(
                  (0): Linear(in_features=384, out_features=1536, bias=True)
                  (1): GELU()
                  (2): Dropout(p=0.0, inplace=False)
                )
                (1): Linear(in_features=1536, out_features=384, bias=True)
                (2): Dropout(p=0.0, inplace=False)
              )
              (dropout_layer): DropPath()
            )
          )
          (4): SwinBlock(
            (norm1): LayerNorm((384,), eps=1e-06, elementwise_affine=True)
            (attn): ShiftWindowMSA(
              (w_msa): WindowMSA(
                (qkv): Linear(in_features=384, out_features=1152, bias=True)
                (attn_drop): Dropout(p=0.0, inplace=False)
                (proj): Linear(in_features=384, out_features=384, bias=True)
                (proj_drop): Dropout(p=0.0, inplace=False)
                (softmax): Softmax(dim=-1)
              )
              (drop): DropPath()
            )
            (norm2): LayerNorm((384,), eps=1e-06, elementwise_affine=True)
            (ffn): FFN(
              (activate): GELU()
              (layers): Sequential(
                (0): Sequential(
                  (0): Linear(in_features=384, out_features=1536, bias=True)
                  (1): GELU()
                  (2): Dropout(p=0.0, inplace=False)
                )
                (1): Linear(in_features=1536, out_features=384, bias=True)
                (2): Dropout(p=0.0, inplace=False)
              )
              (dropout_layer): DropPath()
            )
          )
          (5): SwinBlock(
            (norm1): LayerNorm((384,), eps=1e-06, elementwise_affine=True)
            (attn): ShiftWindowMSA(
              (w_msa): WindowMSA(
                (qkv): Linear(in_features=384, out_features=1152, bias=True)
                (attn_drop): Dropout(p=0.0, inplace=False)
                (proj): Linear(in_features=384, out_features=384, bias=True)
                (proj_drop): Dropout(p=0.0, inplace=False)
                (softmax): Softmax(dim=-1)
              )
              (drop): DropPath()
            )
            (norm2): LayerNorm((384,), eps=1e-06, elementwise_affine=True)
            (ffn): FFN(
              (activate): GELU()
              (layers): Sequential(
                (0): Sequential(
                  (0): Linear(in_features=384, out_features=1536, bias=True)
                  (1): GELU()
                  (2): Dropout(p=0.0, inplace=False)
                )
                (1): Linear(in_features=1536, out_features=384, bias=True)
                (2): Dropout(p=0.0, inplace=False)
              )
              (dropout_layer): DropPath()
            )
          )
        )
        (downsample): PatchMerging(
          (adap_padding): AdaptivePadding()
          (sampler): Unfold(kernel_size=(2, 2), dilation=(1, 1), padding=(0, 0), stride=(2, 2))
          (norm): LayerNorm((1536,), eps=1e-06, elementwise_affine=True)
          (reduction): Linear(in_features=1536, out_features=768, bias=False)
        )
      )
      (3): SwinBlockSequence(
        (blocks): ModuleList(
          (0): SwinBlock(
            (norm1): LayerNorm((768,), eps=1e-06, elementwise_affine=True)
            (attn): ShiftWindowMSA(
              (w_msa): WindowMSA(
                (qkv): Linear(in_features=768, out_features=2304, bias=True)
                (attn_drop): Dropout(p=0.0, inplace=False)
                (proj): Linear(in_features=768, out_features=768, bias=True)
                (proj_drop): Dropout(p=0.0, inplace=False)
                (softmax): Softmax(dim=-1)
              )
              (drop): DropPath()
            )
            (norm2): LayerNorm((768,), eps=1e-06, elementwise_affine=True)
            (ffn): FFN(
              (activate): GELU()
              (layers): Sequential(
                (0): Sequential(
                  (0): Linear(in_features=768, out_features=3072, bias=True)
                  (1): GELU()
                  (2): Dropout(p=0.0, inplace=False)
                )
                (1): Linear(in_features=3072, out_features=768, bias=True)
                (2): Dropout(p=0.0, inplace=False)
              )
              (dropout_layer): DropPath()
            )
          )
          (1): SwinBlock(
            (norm1): LayerNorm((768,), eps=1e-06, elementwise_affine=True)
            (attn): ShiftWindowMSA(
              (w_msa): WindowMSA(
                (qkv): Linear(in_features=768, out_features=2304, bias=True)
                (attn_drop): Dropout(p=0.0, inplace=False)
                (proj): Linear(in_features=768, out_features=768, bias=True)
                (proj_drop): Dropout(p=0.0, inplace=False)
                (softmax): Softmax(dim=-1)
              )
              (drop): DropPath()
            )
            (norm2): LayerNorm((768,), eps=1e-06, elementwise_affine=True)
            (ffn): FFN(
              (activate): GELU()
              (layers): Sequential(
                (0): Sequential(
                  (0): Linear(in_features=768, out_features=3072, bias=True)
                  (1): GELU()
                  (2): Dropout(p=0.0, inplace=False)
                )
                (1): Linear(in_features=3072, out_features=768, bias=True)
                (2): Dropout(p=0.0, inplace=False)
              )
              (dropout_layer): DropPath()
            )
          )
        )
      )
    )
    (norm0): LayerNorm((96,), eps=1e-06, elementwise_affine=True)
    (norm1): LayerNorm((192,), eps=1e-06, elementwise_affine=True)
    (norm2): LayerNorm((384,), eps=1e-06, elementwise_affine=True)
    (norm3): LayerNorm((768,), eps=1e-06, elementwise_affine=True)
  )
  (decode_head): UPerHead(
    input_transform=multiple_select, ignore_index=255, align_corners=False
    (loss_decode): ModuleList(
      (0): CrossEntropyLoss(avg_non_ignore=False)
      (1): DiceLoss()
    )
    (conv_seg): Conv2d(512, 2, kernel_size=(1, 1), stride=(1, 1))
    (dropout): Dropout2d(p=0.1, inplace=False)
    (psp_modules): PPM(
      (0): Sequential(
        (0): AdaptiveAvgPool2d(output_size=1)
        (1): ConvModule(
          (conv): Conv2d(768, 512, kernel_size=(1, 1), stride=(1, 1), bias=False)
          (bn): SyncBatchNorm(512, eps=1e-05, momentum=0.1, affine=True, track_running_stats=True)
          (activate): ReLU(inplace=True)
        )
      )
      (1): Sequential(
        (0): AdaptiveAvgPool2d(output_size=2)
        (1): ConvModule(
          (conv): Conv2d(768, 512, kernel_size=(1, 1), stride=(1, 1), bias=False)
          (bn): SyncBatchNorm(512, eps=1e-05, momentum=0.1, affine=True, track_running_stats=True)
          (activate): ReLU(inplace=True)
        )
      )
      (2): Sequential(
        (0): AdaptiveAvgPool2d(output_size=3)
        (1): ConvModule(
          (conv): Conv2d(768, 512, kernel_size=(1, 1), stride=(1, 1), bias=False)
          (bn): SyncBatchNorm(512, eps=1e-05, momentum=0.1, affine=True, track_running_stats=True)
          (activate): ReLU(inplace=True)
        )
      )
      (3): Sequential(
        (0): AdaptiveAvgPool2d(output_size=6)
        (1): ConvModule(
          (conv): Conv2d(768, 512, kernel_size=(1, 1), stride=(1, 1), bias=False)
          (bn): SyncBatchNorm(512, eps=1e-05, momentum=0.1, affine=True, track_running_stats=True)
          (activate): ReLU(inplace=True)
        )
      )
    )
    (bottleneck): ConvModule(
      (conv): Conv2d(2816, 512, kernel_size=(3, 3), stride=(1, 1), padding=(1, 1), bias=False)
      (bn): SyncBatchNorm(512, eps=1e-05, momentum=0.1, affine=True, track_running_stats=True)
      (activate): ReLU(inplace=True)
    )
    (lateral_convs): ModuleList(
      (0): ConvModule(
        (conv): Conv2d(96, 512, kernel_size=(1, 1), stride=(1, 1), bias=False)
        (bn): SyncBatchNorm(512, eps=1e-05, momentum=0.1, affine=True, track_running_stats=True)
        (activate): ReLU()
      )
      (1): ConvModule(
        (conv): Conv2d(192, 512, kernel_size=(1, 1), stride=(1, 1), bias=False)
        (bn): SyncBatchNorm(512, eps=1e-05, momentum=0.1, affine=True, track_running_stats=True)
        (activate): ReLU()
      )
      (2): ConvModule(
        (conv): Conv2d(384, 512, kernel_size=(1, 1), stride=(1, 1), bias=False)
        (bn): SyncBatchNorm(512, eps=1e-05, momentum=0.1, affine=True, track_running_stats=True)
        (activate): ReLU()
      )
    )
    (fpn_convs): ModuleList(
      (0): ConvModule(
        (conv): Conv2d(512, 512, kernel_size=(3, 3), stride=(1, 1), padding=(1, 1), bias=False)
        (bn): SyncBatchNorm(512, eps=1e-05, momentum=0.1, affine=True, track_running_stats=True)
        (activate): ReLU()
      )
      (1): ConvModule(
        (conv): Conv2d(512, 512, kernel_size=(3, 3), stride=(1, 1), padding=(1, 1), bias=False)
        (bn): SyncBatchNorm(512, eps=1e-05, momentum=0.1, affine=True, track_running_stats=True)
        (activate): ReLU()
      )
      (2): ConvModule(
        (conv): Conv2d(512, 512, kernel_size=(3, 3), stride=(1, 1), padding=(1, 1), bias=False)
        (bn): SyncBatchNorm(512, eps=1e-05, momentum=0.1, affine=True, track_running_stats=True)
        (activate): ReLU()
      )
    )
    (fpn_bottleneck): ConvModule(
      (conv): Conv2d(2048, 512, kernel_size=(3, 3), stride=(1, 1), padding=(1, 1), bias=False)
      (bn): SyncBatchNorm(512, eps=1e-05, momentum=0.1, affine=True, track_running_stats=True)
      (activate): ReLU(inplace=True)
    )
  )
  init_cfg={'type': 'Normal', 'std': 0.01, 'override': {'name': 'conv_seg'}}
)
2025-11-17 23:22:10,121 - mmseg - INFO - Loaded 568 images
2025-11-17 23:22:17,070 - mmseg - INFO - Loaded 64 images
2025-11-17 23:22:17,071 - mmseg - INFO - Start running, host: wuyou@wuyou-desktop, work_dir: /data/code2025/Q2/2025-11-17-02/work_dirs/swin
2025-11-17 23:22:17,071 - mmseg - INFO - Hooks will be executed in the following order:
before_run:
(VERY_HIGH   ) PolyLrUpdaterHook                  
(NORMAL      ) CheckpointHook                     
(LOW         ) DistEvalHook                       
(VERY_LOW    ) TensorboardLoggerHook              
(VERY_LOW    ) TextLoggerHook                     
 -------------------- 
before_train_epoch:
(VERY_HIGH   ) PolyLrUpdaterHook                  
(LOW         ) IterTimerHook                      
(LOW         ) DistEvalHook                       
(VERY_LOW    ) TensorboardLoggerHook              
(VERY_LOW    ) TextLoggerHook                     
 -------------------- 
before_train_iter:
(VERY_HIGH   ) PolyLrUpdaterHook                  
(LOW         ) IterTimerHook                      
(LOW         ) DistEvalHook                       
 -------------------- 
after_train_iter:
(ABOVE_NORMAL) OptimizerHook                      
(NORMAL      ) CheckpointHook                     
(LOW         ) IterTimerHook                      
(LOW         ) DistEvalHook                       
(VERY_LOW    ) TensorboardLoggerHook              
(VERY_LOW    ) TextLoggerHook                     
 -------------------- 
after_train_epoch:
(NORMAL      ) CheckpointHook                     
(LOW         ) DistEvalHook                       
(VERY_LOW    ) TensorboardLoggerHook              
(VERY_LOW    ) TextLoggerHook                     
 -------------------- 
before_val_epoch:
(LOW         ) IterTimerHook                      
(VERY_LOW    ) TensorboardLoggerHook              
(VERY_LOW    ) TextLoggerHook                     
 -------------------- 
before_val_iter:
(LOW         ) IterTimerHook                      
 -------------------- 
after_val_iter:
(LOW         ) IterTimerHook                      
 -------------------- 
after_val_epoch:
(VERY_LOW    ) TensorboardLoggerHook              
(VERY_LOW    ) TextLoggerHook                     
 -------------------- 
after_run:
(VERY_LOW    ) TensorboardLoggerHook              
(VERY_LOW    ) TextLoggerHook                     
 -------------------- 
2025-11-17 23:22:17,072 - mmseg - INFO - workflow: [('train', 1)], max: 10000 iters
2025-11-17 23:22:17,072 - mmseg - INFO - Checkpoints will be saved to /data/code2025/Q2/2025-11-17-02/work_dirs/swin by HardDiskBackend.
2025-11-17 23:22:38,344 - mmseg - INFO - Iter [50/10000]	lr: 9.956e-04, eta: 1:04:05, time: 0.387, data_time: 0.098, memory: 6425, decode.loss_ce: 0.2406, decode.loss_dice: 0.6780, decode.acc_seg: 96.3365, loss: 0.9185
2025-11-17 23:22:53,003 - mmseg - INFO - Iter [100/10000]	lr: 9.912e-04, eta: 0:56:04, time: 0.293, data_time: 0.005, memory: 6425, decode.loss_ce: 0.1455, decode.loss_dice: 0.4431, decode.acc_seg: 97.5624, loss: 0.5886
2025-11-17 23:23:07,702 - mmseg - INFO - Iter [150/10000]	lr: 9.867e-04, eta: 0:53:16, time: 0.294, data_time: 0.005, memory: 6425, decode.loss_ce: 0.1058, decode.loss_dice: 0.3468, decode.acc_seg: 98.4289, loss: 0.4526
2025-11-17 23:23:22,427 - mmseg - INFO - Iter [200/10000]	lr: 9.823e-04, eta: 0:51:46, time: 0.294, data_time: 0.005, memory: 6425, decode.loss_ce: 0.1122, decode.loss_dice: 0.3662, decode.acc_seg: 98.2676, loss: 0.4783
2025-11-17 23:23:37,161 - mmseg - INFO - Iter [250/10000]	lr: 9.778e-04, eta: 0:50:47, time: 0.295, data_time: 0.005, memory: 6425, decode.loss_ce: 0.1035, decode.loss_dice: 0.3613, decode.acc_seg: 98.5004, loss: 0.4648
2025-11-17 23:23:51,961 - mmseg - INFO - Iter [300/10000]	lr: 9.733e-04, eta: 0:50:05, time: 0.296, data_time: 0.005, memory: 6425, decode.loss_ce: 0.1347, decode.loss_dice: 0.3725, decode.acc_seg: 97.9040, loss: 0.5071
2025-11-17 23:24:06,748 - mmseg - INFO - Iter [350/10000]	lr: 9.688e-04, eta: 0:49:30, time: 0.296, data_time: 0.005, memory: 6425, decode.loss_ce: 0.1237, decode.loss_dice: 0.4102, decode.acc_seg: 98.2197, loss: 0.5339
2025-11-17 23:24:21,539 - mmseg - INFO - Iter [400/10000]	lr: 9.644e-04, eta: 0:49:00, time: 0.296, data_time: 0.005, memory: 6425, decode.loss_ce: 0.1235, decode.loss_dice: 0.3292, decode.acc_seg: 98.1969, loss: 0.4528
2025-11-17 23:24:36,375 - mmseg - INFO - Iter [450/10000]	lr: 9.599e-04, eta: 0:48:34, time: 0.297, data_time: 0.005, memory: 6425, decode.loss_ce: 0.1530, decode.loss_dice: 0.3388, decode.acc_seg: 97.9278, loss: 0.4918
2025-11-17 23:24:51,175 - mmseg - INFO - Iter [500/10000]	lr: 9.554e-04, eta: 0:48:10, time: 0.296, data_time: 0.005, memory: 6425, decode.loss_ce: 0.1375, decode.loss_dice: 0.3644, decode.acc_seg: 97.8270, loss: 0.5019
2025-11-17 23:25:05,989 - mmseg - INFO - Iter [550/10000]	lr: 9.509e-04, eta: 0:47:48, time: 0.296, data_time: 0.005, memory: 6425, decode.loss_ce: 0.1166, decode.loss_dice: 0.3747, decode.acc_seg: 98.3423, loss: 0.4913
2025-11-17 23:25:20,809 - mmseg - INFO - Iter [600/10000]	lr: 9.465e-04, eta: 0:47:27, time: 0.296, data_time: 0.005, memory: 6425, decode.loss_ce: 0.0996, decode.loss_dice: 0.3200, decode.acc_seg: 98.5469, loss: 0.4197
2025-11-17 23:25:35,609 - mmseg - INFO - Iter [650/10000]	lr: 9.420e-04, eta: 0:47:07, time: 0.296, data_time: 0.005, memory: 6425, decode.loss_ce: 0.0988, decode.loss_dice: 0.3225, decode.acc_seg: 98.5857, loss: 0.4213
2025-11-17 23:25:50,409 - mmseg - INFO - Iter [700/10000]	lr: 9.375e-04, eta: 0:46:48, time: 0.296, data_time: 0.005, memory: 6425, decode.loss_ce: 0.1244, decode.loss_dice: 0.3577, decode.acc_seg: 98.2211, loss: 0.4821
2025-11-17 23:26:05,196 - mmseg - INFO - Iter [750/10000]	lr: 9.330e-04, eta: 0:46:29, time: 0.296, data_time: 0.005, memory: 6425, decode.loss_ce: 0.1103, decode.loss_dice: 0.3148, decode.acc_seg: 98.4219, loss: 0.4251
2025-11-17 23:26:20,017 - mmseg - INFO - Iter [800/10000]	lr: 9.285e-04, eta: 0:46:11, time: 0.296, data_time: 0.005, memory: 6425, decode.loss_ce: 0.1098, decode.loss_dice: 0.3305, decode.acc_seg: 98.4048, loss: 0.4403
2025-11-17 23:26:34,851 - mmseg - INFO - Iter [850/10000]	lr: 9.240e-04, eta: 0:45:53, time: 0.297, data_time: 0.005, memory: 6425, decode.loss_ce: 0.1057, decode.loss_dice: 0.3371, decode.acc_seg: 98.5181, loss: 0.4427
2025-11-17 23:26:49,726 - mmseg - INFO - Iter [900/10000]	lr: 9.195e-04, eta: 0:45:37, time: 0.298, data_time: 0.005, memory: 6425, decode.loss_ce: 0.1391, decode.loss_dice: 0.3459, decode.acc_seg: 98.1603, loss: 0.4851
2025-11-17 23:27:04,625 - mmseg - INFO - Iter [950/10000]	lr: 9.150e-04, eta: 0:45:20, time: 0.298, data_time: 0.005, memory: 6425, decode.loss_ce: 0.1104, decode.loss_dice: 0.3470, decode.acc_seg: 98.4025, loss: 0.4574
2025-11-17 23:27:19,461 - mmseg - INFO - Exp name: swin.py
2025-11-17 23:27:19,462 - mmseg - INFO - Iter [1000/10000]	lr: 9.105e-04, eta: 0:45:03, time: 0.297, data_time: 0.005, memory: 6425, decode.loss_ce: 0.1190, decode.loss_dice: 0.3377, decode.acc_seg: 98.1130, loss: 0.4567
2025-11-17 23:27:43,132 - mmseg - INFO - per class results:
2025-11-17 23:27:43,134 - mmseg - INFO - 
+------------+-------+-------+-------+--------+-----------+--------+-------+
|   Class    |  IoU  |  HD95 |  Acc  | Fscore | Precision | Recall |  Dice |
+------------+-------+-------+-------+--------+-----------+--------+-------+
| background | 97.86 |  2.09 | 99.92 | 98.92  |   97.94   | 99.92  | 98.92 |
|   Lesion   | 36.17 | 12.23 | 37.05 | 53.12  |   93.82   | 37.05  | 53.12 |
+------------+-------+-------+-------+--------+-----------+--------+-------+
2025-11-17 23:27:43,134 - mmseg - INFO - Summary:
2025-11-17 23:27:43,134 - mmseg - INFO - 
+-------+-------+-------+-------+---------+------------+---------+-------+
|  aAcc |  mIoU | mHD95 |  mAcc | mFscore | mPrecision | mRecall | mDice |
+-------+-------+-------+-------+---------+------------+---------+-------+
| 97.89 | 67.02 |  7.16 | 68.48 |  76.02  |   95.88    |  68.48  | 76.02 |
+-------+-------+-------+-------+---------+------------+---------+-------+
2025-11-17 23:27:43,137 - mmseg - INFO - Exp name: swin.py
2025-11-17 23:27:43,138 - mmseg - INFO - Iter(val) [64]	aAcc: 0.9789, mIoU: 0.6702, mHD95: 0.0716, mAcc: 0.6848, mFscore: 0.7602, mPrecision: 0.9588, mRecall: 0.6848, mDice: 0.7602, IoU.background: 0.9786, IoU.Lesion: 0.3617, HD95.background: 0.0209, HD95.Lesion: 0.1223, Acc.background: 0.9992, Acc.Lesion: 0.3705, Fscore.background: 0.9892, Fscore.Lesion: 0.5312, Precision.background: 0.9794, Precision.Lesion: 0.9382, Recall.background: 0.9992, Recall.Lesion: 0.3705, Dice.background: 0.9892, Dice.Lesion: 0.5312
2025-11-17 23:27:57,917 - mmseg - INFO - Iter [1050/10000]	lr: 9.060e-04, eta: 0:48:08, time: 0.769, data_time: 0.478, memory: 6425, decode.loss_ce: 0.1036, decode.loss_dice: 0.3488, decode.acc_seg: 98.4950, loss: 0.4524
2025-11-17 23:28:12,727 - mmseg - INFO - Iter [1100/10000]	lr: 9.015e-04, eta: 0:47:41, time: 0.296, data_time: 0.005, memory: 6425, decode.loss_ce: 0.1139, decode.loss_dice: 0.3379, decode.acc_seg: 98.4091, loss: 0.4518
2025-11-17 23:28:27,576 - mmseg - INFO - Iter [1150/10000]	lr: 8.970e-04, eta: 0:47:16, time: 0.297, data_time: 0.005, memory: 6425, decode.loss_ce: 0.1175, decode.loss_dice: 0.3560, decode.acc_seg: 98.3110, loss: 0.4735
2025-11-17 23:28:42,402 - mmseg - INFO - Iter [1200/10000]	lr: 8.925e-04, eta: 0:46:51, time: 0.297, data_time: 0.005, memory: 6425, decode.loss_ce: 0.1118, decode.loss_dice: 0.2987, decode.acc_seg: 98.4711, loss: 0.4105
2025-11-17 23:28:57,239 - mmseg - INFO - Iter [1250/10000]	lr: 8.880e-04, eta: 0:46:27, time: 0.297, data_time: 0.005, memory: 6425, decode.loss_ce: 0.0793, decode.loss_dice: 0.2770, decode.acc_seg: 98.7346, loss: 0.3562
2025-11-17 23:29:12,063 - mmseg - INFO - Iter [1300/10000]	lr: 8.835e-04, eta: 0:46:04, time: 0.296, data_time: 0.005, memory: 6425, decode.loss_ce: 0.1421, decode.loss_dice: 0.4015, decode.acc_seg: 97.5412, loss: 0.5436
2025-11-17 23:29:26,872 - mmseg - INFO - Iter [1350/10000]	lr: 8.790e-04, eta: 0:45:41, time: 0.296, data_time: 0.005, memory: 6425, decode.loss_ce: 0.0921, decode.loss_dice: 0.3131, decode.acc_seg: 98.6981, loss: 0.4052
2025-11-17 23:29:41,689 - mmseg - INFO - Iter [1400/10000]	lr: 8.744e-04, eta: 0:45:19, time: 0.296, data_time: 0.005, memory: 6425, decode.loss_ce: 0.1123, decode.loss_dice: 0.3057, decode.acc_seg: 98.1579, loss: 0.4179
2025-11-17 23:29:58,722 - mmseg - INFO - Iter [1450/10000]	lr: 8.699e-04, eta: 0:45:10, time: 0.341, data_time: 0.049, memory: 6425, decode.loss_ce: 0.1263, decode.loss_dice: 0.2988, decode.acc_seg: 98.2496, loss: 0.4250
2025-11-17 23:30:13,546 - mmseg - INFO - Iter [1500/10000]	lr: 8.654e-04, eta: 0:44:48, time: 0.296, data_time: 0.005, memory: 6425, decode.loss_ce: 0.1427, decode.loss_dice: 0.3578, decode.acc_seg: 97.9005, loss: 0.5005
2025-11-17 23:30:28,383 - mmseg - INFO - Iter [1550/10000]	lr: 8.608e-04, eta: 0:44:27, time: 0.297, data_time: 0.005, memory: 6425, decode.loss_ce: 0.1175, decode.loss_dice: 0.3492, decode.acc_seg: 98.3097, loss: 0.4666
2025-11-17 23:30:43,200 - mmseg - INFO - Iter [1600/10000]	lr: 8.563e-04, eta: 0:44:06, time: 0.296, data_time: 0.005, memory: 6425, decode.loss_ce: 0.1318, decode.loss_dice: 0.3488, decode.acc_seg: 98.2050, loss: 0.4806
2025-11-17 23:30:58,030 - mmseg - INFO - Iter [1650/10000]	lr: 8.518e-04, eta: 0:43:46, time: 0.297, data_time: 0.005, memory: 6425, decode.loss_ce: 0.1099, decode.loss_dice: 0.3177, decode.acc_seg: 98.3919, loss: 0.4275
2025-11-17 23:31:12,836 - mmseg - INFO - Iter [1700/10000]	lr: 8.472e-04, eta: 0:43:26, time: 0.296, data_time: 0.005, memory: 6425, decode.loss_ce: 0.0933, decode.loss_dice: 0.2934, decode.acc_seg: 98.5507, loss: 0.3867
2025-11-17 23:31:27,643 - mmseg - INFO - Iter [1750/10000]	lr: 8.427e-04, eta: 0:43:06, time: 0.296, data_time: 0.005, memory: 6425, decode.loss_ce: 0.1017, decode.loss_dice: 0.3084, decode.acc_seg: 98.5184, loss: 0.4101
2025-11-17 23:31:42,431 - mmseg - INFO - Iter [1800/10000]	lr: 8.382e-04, eta: 0:42:46, time: 0.296, data_time: 0.005, memory: 6425, decode.loss_ce: 0.0892, decode.loss_dice: 0.2746, decode.acc_seg: 98.4336, loss: 0.3638
2025-11-17 23:31:57,223 - mmseg - INFO - Iter [1850/10000]	lr: 8.336e-04, eta: 0:42:27, time: 0.296, data_time: 0.005, memory: 6425, decode.loss_ce: 0.1077, decode.loss_dice: 0.3193, decode.acc_seg: 98.4463, loss: 0.4270
2025-11-17 23:32:12,035 - mmseg - INFO - Iter [1900/10000]	lr: 8.291e-04, eta: 0:42:08, time: 0.296, data_time: 0.005, memory: 6425, decode.loss_ce: 0.1106, decode.loss_dice: 0.3109, decode.acc_seg: 98.4513, loss: 0.4215
2025-11-17 23:32:26,875 - mmseg - INFO - Iter [1950/10000]	lr: 8.245e-04, eta: 0:41:49, time: 0.297, data_time: 0.005, memory: 6425, decode.loss_ce: 0.1106, decode.loss_dice: 0.3414, decode.acc_seg: 98.4144, loss: 0.4520
2025-11-17 23:32:41,672 - mmseg - INFO - Exp name: swin.py
2025-11-17 23:32:41,672 - mmseg - INFO - Iter [2000/10000]	lr: 8.200e-04, eta: 0:41:30, time: 0.296, data_time: 0.005, memory: 6425, decode.loss_ce: 0.0950, decode.loss_dice: 0.2964, decode.acc_seg: 98.5761, loss: 0.3914
2025-11-17 23:32:59,700 - mmseg - INFO - per class results:
2025-11-17 23:32:59,701 - mmseg - INFO - 
+------------+-------+-------+-------+--------+-----------+--------+-------+
|   Class    |  IoU  |  HD95 |  Acc  | Fscore | Precision | Recall |  Dice |
+------------+-------+-------+-------+--------+-----------+--------+-------+
| background | 97.96 |  2.05 | 99.82 | 98.97  |   98.13   | 99.82  | 98.97 |
|   Lesion   | 40.88 | 11.23 | 43.07 | 58.03  |   88.95   | 43.07  | 58.03 |
+------------+-------+-------+-------+--------+-----------+--------+-------+
2025-11-17 23:32:59,701 - mmseg - INFO - Summary:
2025-11-17 23:32:59,701 - mmseg - INFO - 
+-------+-------+-------+-------+---------+------------+---------+-------+
|  aAcc |  mIoU | mHD95 |  mAcc | mFscore | mPrecision | mRecall | mDice |
+-------+-------+-------+-------+---------+------------+---------+-------+
| 97.99 | 69.42 |  6.64 | 71.44 |   78.5  |   93.54    |  71.44  |  78.5 |
+-------+-------+-------+-------+---------+------------+---------+-------+
2025-11-17 23:32:59,703 - mmseg - INFO - Exp name: swin.py
2025-11-17 23:32:59,704 - mmseg - INFO - Iter(val) [64]	aAcc: 0.9799, mIoU: 0.6942, mHD95: 0.0664, mAcc: 0.7144, mFscore: 0.7850, mPrecision: 0.9354, mRecall: 0.7144, mDice: 0.7850, IoU.background: 0.9796, IoU.Lesion: 0.4088, HD95.background: 0.0205, HD95.Lesion: 0.1123, Acc.background: 0.9982, Acc.Lesion: 0.4307, Fscore.background: 0.9897, Fscore.Lesion: 0.5803, Precision.background: 0.9813, Precision.Lesion: 0.8895, Recall.background: 0.9982, Recall.Lesion: 0.4307, Dice.background: 0.9897, Dice.Lesion: 0.5803
2025-11-17 23:33:14,474 - mmseg - INFO - Iter [2050/10000]	lr: 8.154e-04, eta: 0:42:21, time: 0.656, data_time: 0.366, memory: 6425, decode.loss_ce: 0.1006, decode.loss_dice: 0.2939, decode.acc_seg: 98.4914, loss: 0.3945
2025-11-17 23:33:29,254 - mmseg - INFO - Iter [2100/10000]	lr: 8.108e-04, eta: 0:42:01, time: 0.296, data_time: 0.005, memory: 6425, decode.loss_ce: 0.0831, decode.loss_dice: 0.2745, decode.acc_seg: 98.7021, loss: 0.3576
2025-11-17 23:33:44,016 - mmseg - INFO - Iter [2150/10000]	lr: 8.063e-04, eta: 0:41:40, time: 0.295, data_time: 0.005, memory: 6425, decode.loss_ce: 0.0963, decode.loss_dice: 0.2728, decode.acc_seg: 98.5387, loss: 0.3690
2025-11-17 23:33:58,780 - mmseg - INFO - Iter [2200/10000]	lr: 8.017e-04, eta: 0:41:20, time: 0.295, data_time: 0.005, memory: 6425, decode.loss_ce: 0.1012, decode.loss_dice: 0.3282, decode.acc_seg: 98.4254, loss: 0.4295
2025-11-17 23:34:13,571 - mmseg - INFO - Iter [2250/10000]	lr: 7.971e-04, eta: 0:41:01, time: 0.296, data_time: 0.005, memory: 6425, decode.loss_ce: 0.0833, decode.loss_dice: 0.3034, decode.acc_seg: 98.7279, loss: 0.3867
2025-11-17 23:34:28,346 - mmseg - INFO - Iter [2300/10000]	lr: 7.926e-04, eta: 0:40:41, time: 0.296, data_time: 0.005, memory: 6425, decode.loss_ce: 0.1209, decode.loss_dice: 0.3010, decode.acc_seg: 98.0846, loss: 0.4219
2025-11-17 23:34:43,083 - mmseg - INFO - Iter [2350/10000]	lr: 7.880e-04, eta: 0:40:22, time: 0.295, data_time: 0.005, memory: 6425, decode.loss_ce: 0.0797, decode.loss_dice: 0.2693, decode.acc_seg: 98.7709, loss: 0.3489
2025-11-17 23:34:57,810 - mmseg - INFO - Iter [2400/10000]	lr: 7.834e-04, eta: 0:40:02, time: 0.295, data_time: 0.005, memory: 6425, decode.loss_ce: 0.1017, decode.loss_dice: 0.2963, decode.acc_seg: 98.4682, loss: 0.3980
2025-11-17 23:35:12,535 - mmseg - INFO - Iter [2450/10000]	lr: 7.788e-04, eta: 0:39:43, time: 0.295, data_time: 0.005, memory: 6425, decode.loss_ce: 0.0907, decode.loss_dice: 0.2688, decode.acc_seg: 98.6843, loss: 0.3596
2025-11-17 23:35:27,273 - mmseg - INFO - Iter [2500/10000]	lr: 7.743e-04, eta: 0:39:24, time: 0.295, data_time: 0.005, memory: 6425, decode.loss_ce: 0.0813, decode.loss_dice: 0.2658, decode.acc_seg: 98.7833, loss: 0.3471
2025-11-17 23:35:42,027 - mmseg - INFO - Iter [2550/10000]	lr: 7.697e-04, eta: 0:39:05, time: 0.295, data_time: 0.005, memory: 6425, decode.loss_ce: 0.0989, decode.loss_dice: 0.3059, decode.acc_seg: 98.4852, loss: 0.4048
2025-11-17 23:35:56,757 - mmseg - INFO - Iter [2600/10000]	lr: 7.651e-04, eta: 0:38:47, time: 0.295, data_time: 0.005, memory: 6425, decode.loss_ce: 0.0900, decode.loss_dice: 0.2932, decode.acc_seg: 98.7072, loss: 0.3832
2025-11-17 23:36:11,473 - mmseg - INFO - Iter [2650/10000]	lr: 7.605e-04, eta: 0:38:28, time: 0.294, data_time: 0.005, memory: 6425, decode.loss_ce: 0.0971, decode.loss_dice: 0.2897, decode.acc_seg: 98.5807, loss: 0.3867
2025-11-17 23:36:26,178 - mmseg - INFO - Iter [2700/10000]	lr: 7.559e-04, eta: 0:38:10, time: 0.294, data_time: 0.005, memory: 6425, decode.loss_ce: 0.0845, decode.loss_dice: 0.3080, decode.acc_seg: 98.7211, loss: 0.3925
2025-11-17 23:36:40,885 - mmseg - INFO - Iter [2750/10000]	lr: 7.513e-04, eta: 0:37:52, time: 0.294, data_time: 0.005, memory: 6425, decode.loss_ce: 0.0988, decode.loss_dice: 0.3125, decode.acc_seg: 98.5013, loss: 0.4114
2025-11-17 23:36:55,598 - mmseg - INFO - Iter [2800/10000]	lr: 7.467e-04, eta: 0:37:34, time: 0.294, data_time: 0.005, memory: 6425, decode.loss_ce: 0.1000, decode.loss_dice: 0.2921, decode.acc_seg: 98.4568, loss: 0.3920
2025-11-17 23:37:12,527 - mmseg - INFO - Iter [2850/10000]	lr: 7.421e-04, eta: 0:37:21, time: 0.339, data_time: 0.049, memory: 6425, decode.loss_ce: 0.0942, decode.loss_dice: 0.2861, decode.acc_seg: 98.5941, loss: 0.3803
2025-11-17 23:37:27,225 - mmseg - INFO - Iter [2900/10000]	lr: 7.375e-04, eta: 0:37:03, time: 0.294, data_time: 0.005, memory: 6425, decode.loss_ce: 0.0894, decode.loss_dice: 0.2793, decode.acc_seg: 98.6211, loss: 0.3688
2025-11-17 23:37:41,925 - mmseg - INFO - Iter [2950/10000]	lr: 7.329e-04, eta: 0:36:45, time: 0.294, data_time: 0.005, memory: 6425, decode.loss_ce: 0.0988, decode.loss_dice: 0.2739, decode.acc_seg: 98.4614, loss: 0.3726
2025-11-17 23:37:56,608 - mmseg - INFO - Exp name: swin.py
2025-11-17 23:37:56,608 - mmseg - INFO - Iter [3000/10000]	lr: 7.283e-04, eta: 0:36:27, time: 0.294, data_time: 0.005, memory: 6425, decode.loss_ce: 0.1055, decode.loss_dice: 0.2874, decode.acc_seg: 98.3981, loss: 0.3929
2025-11-17 23:38:14,093 - mmseg - INFO - per class results:
2025-11-17 23:38:14,094 - mmseg - INFO - 
+------------+-------+-------+-------+--------+-----------+--------+-------+
|   Class    |  IoU  |  HD95 |  Acc  | Fscore | Precision | Recall |  Dice |
+------------+-------+-------+-------+--------+-----------+--------+-------+
| background | 97.63 |  2.11 |  99.8 |  98.8  |   97.82   |  99.8  |  98.8 |
|   Lesion   | 31.46 | 12.85 | 33.38 | 47.86  |   84.54   | 33.38  | 47.86 |
+------------+-------+-------+-------+--------+-----------+--------+-------+
2025-11-17 23:38:14,094 - mmseg - INFO - Summary:
2025-11-17 23:38:14,094 - mmseg - INFO - 
+-------+-------+-------+-------+---------+------------+---------+-------+
|  aAcc |  mIoU | mHD95 |  mAcc | mFscore | mPrecision | mRecall | mDice |
+-------+-------+-------+-------+---------+------------+---------+-------+
| 97.65 | 64.54 |  7.48 | 66.59 |  73.33  |   91.18    |  66.59  | 73.33 |
+-------+-------+-------+-------+---------+------------+---------+-------+
2025-11-17 23:38:14,097 - mmseg - INFO - Exp name: swin.py
2025-11-17 23:38:14,098 - mmseg - INFO - Iter(val) [64]	aAcc: 0.9765, mIoU: 0.6454, mHD95: 0.0748, mAcc: 0.6659, mFscore: 0.7333, mPrecision: 0.9118, mRecall: 0.6659, mDice: 0.7333, IoU.background: 0.9763, IoU.Lesion: 0.3146, HD95.background: 0.0211, HD95.Lesion: 0.1285, Acc.background: 0.9980, Acc.Lesion: 0.3338, Fscore.background: 0.9880, Fscore.Lesion: 0.4786, Precision.background: 0.9782, Precision.Lesion: 0.8454, Recall.background: 0.9980, Recall.Lesion: 0.3338, Dice.background: 0.9880, Dice.Lesion: 0.4786
2025-11-17 23:38:28,783 - mmseg - INFO - Iter [3050/10000]	lr: 7.236e-04, eta: 0:36:49, time: 0.643, data_time: 0.355, memory: 6425, decode.loss_ce: 0.1026, decode.loss_dice: 0.2997, decode.acc_seg: 98.4916, loss: 0.4023
2025-11-17 23:38:43,443 - mmseg - INFO - Iter [3100/10000]	lr: 7.190e-04, eta: 0:36:31, time: 0.293, data_time: 0.005, memory: 6425, decode.loss_ce: 0.1001, decode.loss_dice: 0.2934, decode.acc_seg: 98.4968, loss: 0.3935
2025-11-17 23:38:58,091 - mmseg - INFO - Iter [3150/10000]	lr: 7.144e-04, eta: 0:36:12, time: 0.293, data_time: 0.005, memory: 6425, decode.loss_ce: 0.0931, decode.loss_dice: 0.2944, decode.acc_seg: 98.5984, loss: 0.3874
2025-11-17 23:39:12,750 - mmseg - INFO - Iter [3200/10000]	lr: 7.098e-04, eta: 0:35:54, time: 0.293, data_time: 0.005, memory: 6425, decode.loss_ce: 0.0871, decode.loss_dice: 0.2752, decode.acc_seg: 98.6396, loss: 0.3623
2025-11-17 23:39:27,413 - mmseg - INFO - Iter [3250/10000]	lr: 7.051e-04, eta: 0:35:35, time: 0.293, data_time: 0.005, memory: 6425, decode.loss_ce: 0.0989, decode.loss_dice: 0.3065, decode.acc_seg: 98.5634, loss: 0.4054
2025-11-17 23:39:42,084 - mmseg - INFO - Iter [3300/10000]	lr: 7.005e-04, eta: 0:35:17, time: 0.293, data_time: 0.005, memory: 6425, decode.loss_ce: 0.1022, decode.loss_dice: 0.3151, decode.acc_seg: 98.4215, loss: 0.4174
2025-11-17 23:39:56,755 - mmseg - INFO - Iter [3350/10000]	lr: 6.959e-04, eta: 0:34:59, time: 0.293, data_time: 0.005, memory: 6425, decode.loss_ce: 0.1138, decode.loss_dice: 0.3161, decode.acc_seg: 98.3233, loss: 0.4299
2025-11-17 23:40:11,438 - mmseg - INFO - Iter [3400/10000]	lr: 6.912e-04, eta: 0:34:41, time: 0.294, data_time: 0.005, memory: 6425, decode.loss_ce: 0.0847, decode.loss_dice: 0.2781, decode.acc_seg: 98.6733, loss: 0.3628
2025-11-17 23:40:26,136 - mmseg - INFO - Iter [3450/10000]	lr: 6.866e-04, eta: 0:34:23, time: 0.294, data_time: 0.005, memory: 6425, decode.loss_ce: 0.0812, decode.loss_dice: 0.2733, decode.acc_seg: 98.8243, loss: 0.3544
2025-11-17 23:40:40,827 - mmseg - INFO - Iter [3500/10000]	lr: 6.819e-04, eta: 0:34:06, time: 0.294, data_time: 0.005, memory: 6425, decode.loss_ce: 0.0804, decode.loss_dice: 0.2849, decode.acc_seg: 98.7514, loss: 0.3653
2025-11-17 23:40:55,515 - mmseg - INFO - Iter [3550/10000]	lr: 6.773e-04, eta: 0:33:48, time: 0.294, data_time: 0.005, memory: 6425, decode.loss_ce: 0.0913, decode.loss_dice: 0.2953, decode.acc_seg: 98.5345, loss: 0.3867
2025-11-17 23:41:10,243 - mmseg - INFO - Iter [3600/10000]	lr: 6.726e-04, eta: 0:33:31, time: 0.295, data_time: 0.005, memory: 6425, decode.loss_ce: 0.1260, decode.loss_dice: 0.3158, decode.acc_seg: 98.1210, loss: 0.4418
2025-11-17 23:41:24,947 - mmseg - INFO - Iter [3650/10000]	lr: 6.680e-04, eta: 0:33:13, time: 0.294, data_time: 0.005, memory: 6425, decode.loss_ce: 0.0759, decode.loss_dice: 0.2846, decode.acc_seg: 98.8710, loss: 0.3605
2025-11-17 23:41:39,638 - mmseg - INFO - Iter [3700/10000]	lr: 6.633e-04, eta: 0:32:56, time: 0.294, data_time: 0.005, memory: 6425, decode.loss_ce: 0.0887, decode.loss_dice: 0.2777, decode.acc_seg: 98.6839, loss: 0.3664
2025-11-17 23:41:54,318 - mmseg - INFO - Iter [3750/10000]	lr: 6.586e-04, eta: 0:32:38, time: 0.294, data_time: 0.005, memory: 6425, decode.loss_ce: 0.0891, decode.loss_dice: 0.2710, decode.acc_seg: 98.5612, loss: 0.3601
2025-11-17 23:42:08,948 - mmseg - INFO - Iter [3800/10000]	lr: 6.539e-04, eta: 0:32:21, time: 0.293, data_time: 0.005, memory: 6425, decode.loss_ce: 0.1043, decode.loss_dice: 0.2613, decode.acc_seg: 98.3362, loss: 0.3656
2025-11-17 23:42:23,583 - mmseg - INFO - Iter [3850/10000]	lr: 6.493e-04, eta: 0:32:04, time: 0.293, data_time: 0.005, memory: 6425, decode.loss_ce: 0.0877, decode.loss_dice: 0.2722, decode.acc_seg: 98.6963, loss: 0.3599
2025-11-17 23:42:38,225 - mmseg - INFO - Iter [3900/10000]	lr: 6.446e-04, eta: 0:31:46, time: 0.293, data_time: 0.005, memory: 6425, decode.loss_ce: 0.0928, decode.loss_dice: 0.2794, decode.acc_seg: 98.5773, loss: 0.3722
2025-11-17 23:42:52,828 - mmseg - INFO - Iter [3950/10000]	lr: 6.399e-04, eta: 0:31:29, time: 0.292, data_time: 0.005, memory: 6425, decode.loss_ce: 0.0974, decode.loss_dice: 0.2870, decode.acc_seg: 98.3974, loss: 0.3844
2025-11-17 23:43:07,422 - mmseg - INFO - Exp name: swin.py
2025-11-17 23:43:07,422 - mmseg - INFO - Iter [4000/10000]	lr: 6.352e-04, eta: 0:31:12, time: 0.292, data_time: 0.005, memory: 6425, decode.loss_ce: 0.0892, decode.loss_dice: 0.2881, decode.acc_seg: 98.4785, loss: 0.3773
2025-11-17 23:43:24,789 - mmseg - INFO - per class results:
2025-11-17 23:43:24,790 - mmseg - INFO - 
+------------+-------+-------+-------+--------+-----------+--------+-------+
|   Class    |  IoU  |  HD95 |  Acc  | Fscore | Precision | Recall |  Dice |
+------------+-------+-------+-------+--------+-----------+--------+-------+
| background | 97.47 |  2.15 | 99.93 | 98.72  |   97.54   | 99.93  | 98.72 |
|   Lesion   | 23.81 | 14.36 | 24.33 | 38.46  |   91.76   | 24.33  | 38.46 |
+------------+-------+-------+-------+--------+-----------+--------+-------+
2025-11-17 23:43:24,790 - mmseg - INFO - Summary:
2025-11-17 23:43:24,791 - mmseg - INFO - 
+-------+-------+-------+-------+---------+------------+---------+-------+
|  aAcc |  mIoU | mHD95 |  mAcc | mFscore | mPrecision | mRecall | mDice |
+-------+-------+-------+-------+---------+------------+---------+-------+
| 97.49 | 60.64 |  8.25 | 62.13 |  68.59  |   94.65    |  62.13  | 68.59 |
+-------+-------+-------+-------+---------+------------+---------+-------+
2025-11-17 23:43:24,793 - mmseg - INFO - Exp name: swin.py
2025-11-17 23:43:24,793 - mmseg - INFO - Iter(val) [64]	aAcc: 0.9749, mIoU: 0.6064, mHD95: 0.0825, mAcc: 0.6213, mFscore: 0.6859, mPrecision: 0.9465, mRecall: 0.6213, mDice: 0.6859, IoU.background: 0.9747, IoU.Lesion: 0.2381, HD95.background: 0.0215, HD95.Lesion: 0.1436, Acc.background: 0.9993, Acc.Lesion: 0.2433, Fscore.background: 0.9872, Fscore.Lesion: 0.3846, Precision.background: 0.9754, Precision.Lesion: 0.9176, Recall.background: 0.9993, Recall.Lesion: 0.2433, Dice.background: 0.9872, Dice.Lesion: 0.3846
2025-11-17 23:43:39,396 - mmseg - INFO - Iter [4050/10000]	lr: 6.305e-04, eta: 0:31:21, time: 0.639, data_time: 0.352, memory: 6425, decode.loss_ce: 0.1041, decode.loss_dice: 0.2923, decode.acc_seg: 98.4165, loss: 0.3964
2025-11-17 23:43:53,960 - mmseg - INFO - Iter [4100/10000]	lr: 6.258e-04, eta: 0:31:03, time: 0.291, data_time: 0.005, memory: 6425, decode.loss_ce: 0.1025, decode.loss_dice: 0.2814, decode.acc_seg: 98.4714, loss: 0.3839
2025-11-17 23:44:08,525 - mmseg - INFO - Iter [4150/10000]	lr: 6.211e-04, eta: 0:30:45, time: 0.291, data_time: 0.005, memory: 6425, decode.loss_ce: 0.0798, decode.loss_dice: 0.2889, decode.acc_seg: 98.7771, loss: 0.3687
2025-11-17 23:44:23,077 - mmseg - INFO - Iter [4200/10000]	lr: 6.164e-04, eta: 0:30:28, time: 0.291, data_time: 0.005, memory: 6425, decode.loss_ce: 0.1082, decode.loss_dice: 0.2883, decode.acc_seg: 98.4673, loss: 0.3965
2025-11-17 23:44:37,631 - mmseg - INFO - Iter [4250/10000]	lr: 6.117e-04, eta: 0:30:11, time: 0.291, data_time: 0.005, memory: 6425, decode.loss_ce: 0.0822, decode.loss_dice: 0.2778, decode.acc_seg: 98.6807, loss: 0.3600
2025-11-17 23:44:54,397 - mmseg - INFO - Iter [4300/10000]	lr: 6.070e-04, eta: 0:29:56, time: 0.335, data_time: 0.049, memory: 6425, decode.loss_ce: 0.0723, decode.loss_dice: 0.2367, decode.acc_seg: 98.8548, loss: 0.3090
2025-11-17 23:45:08,954 - mmseg - INFO - Iter [4350/10000]	lr: 6.023e-04, eta: 0:29:39, time: 0.291, data_time: 0.005, memory: 6425, decode.loss_ce: 0.1394, decode.loss_dice: 0.3359, decode.acc_seg: 98.0306, loss: 0.4753
2025-11-17 23:45:23,510 - mmseg - INFO - Iter [4400/10000]	lr: 5.976e-04, eta: 0:29:22, time: 0.291, data_time: 0.005, memory: 6425, decode.loss_ce: 0.0890, decode.loss_dice: 0.2671, decode.acc_seg: 98.6006, loss: 0.3561
2025-11-17 23:45:38,067 - mmseg - INFO - Iter [4450/10000]	lr: 5.929e-04, eta: 0:29:04, time: 0.291, data_time: 0.005, memory: 6425, decode.loss_ce: 0.0840, decode.loss_dice: 0.2459, decode.acc_seg: 98.8200, loss: 0.3299
2025-11-17 23:45:52,625 - mmseg - INFO - Iter [4500/10000]	lr: 5.881e-04, eta: 0:28:47, time: 0.291, data_time: 0.005, memory: 6425, decode.loss_ce: 0.1029, decode.loss_dice: 0.3061, decode.acc_seg: 98.3975, loss: 0.4091
2025-11-17 23:46:07,174 - mmseg - INFO - Iter [4550/10000]	lr: 5.834e-04, eta: 0:28:30, time: 0.291, data_time: 0.005, memory: 6425, decode.loss_ce: 0.0741, decode.loss_dice: 0.2800, decode.acc_seg: 98.8250, loss: 0.3542
2025-11-17 23:46:21,720 - mmseg - INFO - Iter [4600/10000]	lr: 5.787e-04, eta: 0:28:13, time: 0.291, data_time: 0.005, memory: 6425, decode.loss_ce: 0.0687, decode.loss_dice: 0.2321, decode.acc_seg: 98.9156, loss: 0.3009
2025-11-17 23:46:36,259 - mmseg - INFO - Iter [4650/10000]	lr: 5.739e-04, eta: 0:27:56, time: 0.291, data_time: 0.005, memory: 6425, decode.loss_ce: 0.0862, decode.loss_dice: 0.2550, decode.acc_seg: 98.6711, loss: 0.3412
2025-11-17 23:46:50,808 - mmseg - INFO - Iter [4700/10000]	lr: 5.692e-04, eta: 0:27:39, time: 0.291, data_time: 0.005, memory: 6425, decode.loss_ce: 0.1100, decode.loss_dice: 0.2793, decode.acc_seg: 98.3097, loss: 0.3893
2025-11-17 23:47:05,351 - mmseg - INFO - Iter [4750/10000]	lr: 5.644e-04, eta: 0:27:22, time: 0.291, data_time: 0.005, memory: 6425, decode.loss_ce: 0.0871, decode.loss_dice: 0.2767, decode.acc_seg: 98.6327, loss: 0.3638
2025-11-17 23:47:19,892 - mmseg - INFO - Iter [4800/10000]	lr: 5.597e-04, eta: 0:27:05, time: 0.291, data_time: 0.005, memory: 6425, decode.loss_ce: 0.1059, decode.loss_dice: 0.2753, decode.acc_seg: 98.3113, loss: 0.3812
2025-11-17 23:47:34,430 - mmseg - INFO - Iter [4850/10000]	lr: 5.549e-04, eta: 0:26:49, time: 0.291, data_time: 0.005, memory: 6425, decode.loss_ce: 0.0891, decode.loss_dice: 0.2711, decode.acc_seg: 98.6016, loss: 0.3603
2025-11-17 23:47:48,958 - mmseg - INFO - Iter [4900/10000]	lr: 5.502e-04, eta: 0:26:32, time: 0.291, data_time: 0.005, memory: 6425, decode.loss_ce: 0.1043, decode.loss_dice: 0.2616, decode.acc_seg: 98.3835, loss: 0.3659
2025-11-17 23:48:03,480 - mmseg - INFO - Iter [4950/10000]	lr: 5.454e-04, eta: 0:26:15, time: 0.290, data_time: 0.005, memory: 6425, decode.loss_ce: 0.0674, decode.loss_dice: 0.2585, decode.acc_seg: 98.8892, loss: 0.3259
2025-11-17 23:48:18,005 - mmseg - INFO - Exp name: swin.py
2025-11-17 23:48:18,006 - mmseg - INFO - Iter [5000/10000]	lr: 5.406e-04, eta: 0:25:58, time: 0.291, data_time: 0.005, memory: 6425, decode.loss_ce: 0.0898, decode.loss_dice: 0.2644, decode.acc_seg: 98.6011, loss: 0.3541
2025-11-17 23:48:35,475 - mmseg - INFO - per class results:
2025-11-17 23:48:35,476 - mmseg - INFO - 
+------------+-------+-------+-------+--------+-----------+--------+-------+
|   Class    |  IoU  |  HD95 |  Acc  | Fscore | Precision | Recall |  Dice |
+------------+-------+-------+-------+--------+-----------+--------+-------+
| background |  98.0 |  2.04 | 99.79 | 98.99  |   98.19   | 99.79  | 98.99 |
|   Lesion   | 42.34 | 10.92 | 44.95 | 59.49  |   87.92   | 44.95  | 59.49 |
+------------+-------+-------+-------+--------+-----------+--------+-------+
2025-11-17 23:48:35,476 - mmseg - INFO - Summary:
2025-11-17 23:48:35,476 - mmseg - INFO - 
+-------+-------+-------+-------+---------+------------+---------+-------+
|  aAcc |  mIoU | mHD95 |  mAcc | mFscore | mPrecision | mRecall | mDice |
+-------+-------+-------+-------+---------+------------+---------+-------+
| 98.02 | 70.17 |  6.48 | 72.37 |  79.24  |   93.06    |  72.37  | 79.24 |
+-------+-------+-------+-------+---------+------------+---------+-------+
2025-11-17 23:48:35,478 - mmseg - INFO - Exp name: swin.py
2025-11-17 23:48:35,479 - mmseg - INFO - Iter(val) [64]	aAcc: 0.9802, mIoU: 0.7017, mHD95: 0.0648, mAcc: 0.7237, mFscore: 0.7924, mPrecision: 0.9306, mRecall: 0.7237, mDice: 0.7924, IoU.background: 0.9800, IoU.Lesion: 0.4234, HD95.background: 0.0204, HD95.Lesion: 0.1092, Acc.background: 0.9979, Acc.Lesion: 0.4495, Fscore.background: 0.9899, Fscore.Lesion: 0.5949, Precision.background: 0.9819, Precision.Lesion: 0.8792, Recall.background: 0.9979, Recall.Lesion: 0.4495, Dice.background: 0.9899, Dice.Lesion: 0.5949
2025-11-17 23:48:50,031 - mmseg - INFO - Iter [5050/10000]	lr: 5.358e-04, eta: 0:25:59, time: 0.641, data_time: 0.354, memory: 6425, decode.loss_ce: 0.0731, decode.loss_dice: 0.2549, decode.acc_seg: 98.7967, loss: 0.3280
2025-11-17 23:49:04,561 - mmseg - INFO - Iter [5100/10000]	lr: 5.311e-04, eta: 0:25:42, time: 0.291, data_time: 0.005, memory: 6425, decode.loss_ce: 0.0918, decode.loss_dice: 0.2435, decode.acc_seg: 98.5724, loss: 0.3352
2025-11-17 23:49:19,094 - mmseg - INFO - Iter [5150/10000]	lr: 5.263e-04, eta: 0:25:25, time: 0.291, data_time: 0.005, memory: 6425, decode.loss_ce: 0.1167, decode.loss_dice: 0.2733, decode.acc_seg: 98.2317, loss: 0.3900
2025-11-17 23:49:33,623 - mmseg - INFO - Iter [5200/10000]	lr: 5.215e-04, eta: 0:25:08, time: 0.291, data_time: 0.005, memory: 6425, decode.loss_ce: 0.0718, decode.loss_dice: 0.2679, decode.acc_seg: 98.8362, loss: 0.3397
2025-11-17 23:49:48,168 - mmseg - INFO - Iter [5250/10000]	lr: 5.167e-04, eta: 0:24:52, time: 0.291, data_time: 0.005, memory: 6425, decode.loss_ce: 0.0760, decode.loss_dice: 0.2731, decode.acc_seg: 98.9162, loss: 0.3490
2025-11-17 23:50:02,710 - mmseg - INFO - Iter [5300/10000]	lr: 5.119e-04, eta: 0:24:35, time: 0.291, data_time: 0.005, memory: 6425, decode.loss_ce: 0.0853, decode.loss_dice: 0.2597, decode.acc_seg: 98.6871, loss: 0.3451
2025-11-17 23:50:17,245 - mmseg - INFO - Iter [5350/10000]	lr: 5.071e-04, eta: 0:24:18, time: 0.291, data_time: 0.005, memory: 6425, decode.loss_ce: 0.0844, decode.loss_dice: 0.2558, decode.acc_seg: 98.6428, loss: 0.3402
2025-11-17 23:50:31,775 - mmseg - INFO - Iter [5400/10000]	lr: 5.023e-04, eta: 0:24:01, time: 0.291, data_time: 0.005, memory: 6425, decode.loss_ce: 0.0826, decode.loss_dice: 0.2722, decode.acc_seg: 98.6434, loss: 0.3548
2025-11-17 23:50:46,336 - mmseg - INFO - Iter [5450/10000]	lr: 4.975e-04, eta: 0:23:45, time: 0.291, data_time: 0.005, memory: 6425, decode.loss_ce: 0.1215, decode.loss_dice: 0.2680, decode.acc_seg: 98.2844, loss: 0.3895
2025-11-17 23:51:00,872 - mmseg - INFO - Iter [5500/10000]	lr: 4.926e-04, eta: 0:23:28, time: 0.291, data_time: 0.005, memory: 6425, decode.loss_ce: 0.1022, decode.loss_dice: 0.2813, decode.acc_seg: 98.5281, loss: 0.3835
2025-11-17 23:51:15,389 - mmseg - INFO - Iter [5550/10000]	lr: 4.878e-04, eta: 0:23:12, time: 0.290, data_time: 0.005, memory: 6425, decode.loss_ce: 0.0940, decode.loss_dice: 0.2606, decode.acc_seg: 98.5466, loss: 0.3546
2025-11-17 23:51:29,925 - mmseg - INFO - Iter [5600/10000]	lr: 4.830e-04, eta: 0:22:55, time: 0.291, data_time: 0.005, memory: 6425, decode.loss_ce: 0.0905, decode.loss_dice: 0.2642, decode.acc_seg: 98.6573, loss: 0.3547
2025-11-17 23:51:44,462 - mmseg - INFO - Iter [5650/10000]	lr: 4.781e-04, eta: 0:22:39, time: 0.291, data_time: 0.005, memory: 6425, decode.loss_ce: 0.0776, decode.loss_dice: 0.2438, decode.acc_seg: 98.6748, loss: 0.3214
2025-11-17 23:52:01,198 - mmseg - INFO - Iter [5700/10000]	lr: 4.733e-04, eta: 0:22:24, time: 0.335, data_time: 0.049, memory: 6425, decode.loss_ce: 0.0589, decode.loss_dice: 0.2359, decode.acc_seg: 99.0528, loss: 0.2948
2025-11-17 23:52:15,727 - mmseg - INFO - Iter [5750/10000]	lr: 4.684e-04, eta: 0:22:07, time: 0.291, data_time: 0.005, memory: 6425, decode.loss_ce: 0.0981, decode.loss_dice: 0.2598, decode.acc_seg: 98.5583, loss: 0.3579
2025-11-17 23:52:30,239 - mmseg - INFO - Iter [5800/10000]	lr: 4.636e-04, eta: 0:21:51, time: 0.290, data_time: 0.005, memory: 6425, decode.loss_ce: 0.1186, decode.loss_dice: 0.2637, decode.acc_seg: 98.3558, loss: 0.3824
2025-11-17 23:52:44,763 - mmseg - INFO - Iter [5850/10000]	lr: 4.587e-04, eta: 0:21:35, time: 0.290, data_time: 0.005, memory: 6425, decode.loss_ce: 0.0801, decode.loss_dice: 0.2659, decode.acc_seg: 98.7030, loss: 0.3460
2025-11-17 23:52:59,278 - mmseg - INFO - Iter [5900/10000]	lr: 4.538e-04, eta: 0:21:18, time: 0.290, data_time: 0.005, memory: 6425, decode.loss_ce: 0.0830, decode.loss_dice: 0.2752, decode.acc_seg: 98.7560, loss: 0.3581
2025-11-17 23:53:13,808 - mmseg - INFO - Iter [5950/10000]	lr: 4.490e-04, eta: 0:21:02, time: 0.291, data_time: 0.005, memory: 6425, decode.loss_ce: 0.0809, decode.loss_dice: 0.2437, decode.acc_seg: 98.6937, loss: 0.3247
2025-11-17 23:53:28,329 - mmseg - INFO - Exp name: swin.py
2025-11-17 23:53:28,330 - mmseg - INFO - Iter [6000/10000]	lr: 4.441e-04, eta: 0:20:46, time: 0.290, data_time: 0.005, memory: 6425, decode.loss_ce: 0.0705, decode.loss_dice: 0.2404, decode.acc_seg: 98.9320, loss: 0.3109
2025-11-17 23:53:45,651 - mmseg - INFO - per class results:
2025-11-17 23:53:45,652 - mmseg - INFO - 
+------------+-------+------+-------+--------+-----------+--------+-------+
|   Class    |  IoU  | HD95 |  Acc  | Fscore | Precision | Recall |  Dice |
+------------+-------+------+-------+--------+-----------+--------+-------+
| background | 98.47 | 1.92 |  99.5 | 99.23  |   98.96   |  99.5  | 99.23 |
|   Lesion   | 59.64 | 6.96 | 68.67 | 74.72  |   81.94   | 68.67  | 74.72 |
+------------+-------+------+-------+--------+-----------+--------+-------+
2025-11-17 23:53:45,652 - mmseg - INFO - Summary:
2025-11-17 23:53:45,652 - mmseg - INFO - 
+------+-------+-------+-------+---------+------------+---------+-------+
| aAcc |  mIoU | mHD95 |  mAcc | mFscore | mPrecision | mRecall | mDice |
+------+-------+-------+-------+---------+------------+---------+-------+
| 98.5 | 79.05 |  4.44 | 84.08 |  86.97  |   90.45    |  84.08  | 86.97 |
+------+-------+-------+-------+---------+------------+---------+-------+
2025-11-17 23:53:45,655 - mmseg - INFO - Exp name: swin.py
2025-11-17 23:53:45,655 - mmseg - INFO - Iter(val) [64]	aAcc: 0.9850, mIoU: 0.7905, mHD95: 0.0444, mAcc: 0.8408, mFscore: 0.8697, mPrecision: 0.9045, mRecall: 0.8408, mDice: 0.8697, IoU.background: 0.9847, IoU.Lesion: 0.5964, HD95.background: 0.0192, HD95.Lesion: 0.0696, Acc.background: 0.9950, Acc.Lesion: 0.6867, Fscore.background: 0.9923, Fscore.Lesion: 0.7472, Precision.background: 0.9896, Precision.Lesion: 0.8194, Recall.background: 0.9950, Recall.Lesion: 0.6867, Dice.background: 0.9923, Dice.Lesion: 0.7472
2025-11-17 23:54:00,210 - mmseg - INFO - Iter [6050/10000]	lr: 4.392e-04, eta: 0:20:41, time: 0.638, data_time: 0.352, memory: 6425, decode.loss_ce: 0.1073, decode.loss_dice: 0.2781, decode.acc_seg: 98.3081, loss: 0.3854
2025-11-17 23:54:14,705 - mmseg - INFO - Iter [6100/10000]	lr: 4.343e-04, eta: 0:20:24, time: 0.290, data_time: 0.005, memory: 6425, decode.loss_ce: 0.0868, decode.loss_dice: 0.2671, decode.acc_seg: 98.6175, loss: 0.3540
2025-11-17 23:54:29,213 - mmseg - INFO - Iter [6150/10000]	lr: 4.294e-04, eta: 0:20:08, time: 0.290, data_time: 0.005, memory: 6425, decode.loss_ce: 0.0830, decode.loss_dice: 0.2511, decode.acc_seg: 98.7773, loss: 0.3342
2025-11-17 23:54:43,720 - mmseg - INFO - Iter [6200/10000]	lr: 4.245e-04, eta: 0:19:51, time: 0.290, data_time: 0.005, memory: 6425, decode.loss_ce: 0.0723, decode.loss_dice: 0.2310, decode.acc_seg: 98.8714, loss: 0.3033
2025-11-17 23:54:58,224 - mmseg - INFO - Iter [6250/10000]	lr: 4.196e-04, eta: 0:19:35, time: 0.290, data_time: 0.005, memory: 6425, decode.loss_ce: 0.0882, decode.loss_dice: 0.2544, decode.acc_seg: 98.7191, loss: 0.3426
2025-11-17 23:55:12,732 - mmseg - INFO - Iter [6300/10000]	lr: 4.147e-04, eta: 0:19:19, time: 0.290, data_time: 0.005, memory: 6425, decode.loss_ce: 0.0909, decode.loss_dice: 0.2553, decode.acc_seg: 98.6520, loss: 0.3462
2025-11-17 23:55:27,265 - mmseg - INFO - Iter [6350/10000]	lr: 4.098e-04, eta: 0:19:02, time: 0.291, data_time: 0.005, memory: 6425, decode.loss_ce: 0.0816, decode.loss_dice: 0.2431, decode.acc_seg: 98.8504, loss: 0.3247
2025-11-17 23:55:41,778 - mmseg - INFO - Iter [6400/10000]	lr: 4.048e-04, eta: 0:18:46, time: 0.290, data_time: 0.005, memory: 6425, decode.loss_ce: 0.1030, decode.loss_dice: 0.2520, decode.acc_seg: 98.4563, loss: 0.3550
2025-11-17 23:55:56,295 - mmseg - INFO - Iter [6450/10000]	lr: 3.999e-04, eta: 0:18:30, time: 0.290, data_time: 0.005, memory: 6425, decode.loss_ce: 0.0750, decode.loss_dice: 0.2496, decode.acc_seg: 98.7559, loss: 0.3247
2025-11-17 23:56:10,800 - mmseg - INFO - Iter [6500/10000]	lr: 3.950e-04, eta: 0:18:14, time: 0.290, data_time: 0.005, memory: 6425, decode.loss_ce: 0.0704, decode.loss_dice: 0.2150, decode.acc_seg: 98.9519, loss: 0.2855
2025-11-17 23:56:25,317 - mmseg - INFO - Iter [6550/10000]	lr: 3.900e-04, eta: 0:17:57, time: 0.290, data_time: 0.005, memory: 6425, decode.loss_ce: 0.0743, decode.loss_dice: 0.2637, decode.acc_seg: 98.8455, loss: 0.3380
2025-11-17 23:56:39,822 - mmseg - INFO - Iter [6600/10000]	lr: 3.850e-04, eta: 0:17:41, time: 0.290, data_time: 0.005, memory: 6425, decode.loss_ce: 0.0707, decode.loss_dice: 0.2283, decode.acc_seg: 98.8864, loss: 0.2989
2025-11-17 23:56:54,327 - mmseg - INFO - Iter [6650/10000]	lr: 3.801e-04, eta: 0:17:25, time: 0.290, data_time: 0.005, memory: 6425, decode.loss_ce: 0.0810, decode.loss_dice: 0.2385, decode.acc_seg: 98.6539, loss: 0.3194
2025-11-17 23:57:08,863 - mmseg - INFO - Iter [6700/10000]	lr: 3.751e-04, eta: 0:17:09, time: 0.291, data_time: 0.005, memory: 6425, decode.loss_ce: 0.0579, decode.loss_dice: 0.2368, decode.acc_seg: 99.0740, loss: 0.2946
2025-11-17 23:57:23,367 - mmseg - INFO - Iter [6750/10000]	lr: 3.701e-04, eta: 0:16:53, time: 0.290, data_time: 0.005, memory: 6425, decode.loss_ce: 0.0716, decode.loss_dice: 0.2335, decode.acc_seg: 98.9655, loss: 0.3051
2025-11-17 23:57:37,872 - mmseg - INFO - Iter [6800/10000]	lr: 3.651e-04, eta: 0:16:37, time: 0.290, data_time: 0.005, memory: 6425, decode.loss_ce: 0.0845, decode.loss_dice: 0.2484, decode.acc_seg: 98.7712, loss: 0.3329
2025-11-17 23:57:52,370 - mmseg - INFO - Iter [6850/10000]	lr: 3.601e-04, eta: 0:16:21, time: 0.290, data_time: 0.005, memory: 6425, decode.loss_ce: 0.0992, decode.loss_dice: 0.2563, decode.acc_seg: 98.6063, loss: 0.3555
2025-11-17 23:58:06,885 - mmseg - INFO - Iter [6900/10000]	lr: 3.551e-04, eta: 0:16:04, time: 0.290, data_time: 0.005, memory: 6425, decode.loss_ce: 0.0782, decode.loss_dice: 0.2043, decode.acc_seg: 98.8414, loss: 0.2825
2025-11-17 23:58:21,393 - mmseg - INFO - Iter [6950/10000]	lr: 3.501e-04, eta: 0:15:48, time: 0.290, data_time: 0.005, memory: 6425, decode.loss_ce: 0.0982, decode.loss_dice: 0.2732, decode.acc_seg: 98.4883, loss: 0.3714
2025-11-17 23:58:35,908 - mmseg - INFO - Exp name: swin.py
2025-11-17 23:58:35,908 - mmseg - INFO - Iter [7000/10000]	lr: 3.451e-04, eta: 0:15:32, time: 0.290, data_time: 0.005, memory: 6425, decode.loss_ce: 0.1208, decode.loss_dice: 0.2610, decode.acc_seg: 98.2549, loss: 0.3818
2025-11-17 23:58:53,212 - mmseg - INFO - per class results:
2025-11-17 23:58:53,213 - mmseg - INFO - 
+------------+-------+-------+-------+--------+-----------+--------+-------+
|   Class    |  IoU  |  HD95 |  Acc  | Fscore | Precision | Recall |  Dice |
+------------+-------+-------+-------+--------+-----------+--------+-------+
| background | 98.06 |  2.04 | 99.82 | 99.02  |   98.23   | 99.82  | 99.02 |
|   Lesion   | 43.66 | 10.74 | 46.02 | 60.79  |   89.51   | 46.02  | 60.79 |
+------------+-------+-------+-------+--------+-----------+--------+-------+
2025-11-17 23:58:53,213 - mmseg - INFO - Summary:
2025-11-17 23:58:53,213 - mmseg - INFO - 
+-------+-------+-------+-------+---------+------------+---------+-------+
|  aAcc |  mIoU | mHD95 |  mAcc | mFscore | mPrecision | mRecall | mDice |
+-------+-------+-------+-------+---------+------------+---------+-------+
| 98.08 | 70.86 |  6.39 | 72.92 |   79.9  |   93.87    |  72.92  |  79.9 |
+-------+-------+-------+-------+---------+------------+---------+-------+
2025-11-17 23:58:53,215 - mmseg - INFO - Exp name: swin.py
2025-11-17 23:58:53,215 - mmseg - INFO - Iter(val) [64]	aAcc: 0.9808, mIoU: 0.7086, mHD95: 0.0639, mAcc: 0.7292, mFscore: 0.7990, mPrecision: 0.9387, mRecall: 0.7292, mDice: 0.7990, IoU.background: 0.9806, IoU.Lesion: 0.4366, HD95.background: 0.0204, HD95.Lesion: 0.1074, Acc.background: 0.9982, Acc.Lesion: 0.4602, Fscore.background: 0.9902, Fscore.Lesion: 0.6079, Precision.background: 0.9823, Precision.Lesion: 0.8951, Recall.background: 0.9982, Recall.Lesion: 0.4602, Dice.background: 0.9902, Dice.Lesion: 0.6079
2025-11-17 23:59:07,727 - mmseg - INFO - Iter [7050/10000]	lr: 3.401e-04, eta: 0:15:24, time: 0.636, data_time: 0.351, memory: 6425, decode.loss_ce: 0.0736, decode.loss_dice: 0.2311, decode.acc_seg: 98.8231, loss: 0.3047
2025-11-17 23:59:22,243 - mmseg - INFO - Iter [7100/10000]	lr: 3.350e-04, eta: 0:15:08, time: 0.290, data_time: 0.005, memory: 6425, decode.loss_ce: 0.0857, decode.loss_dice: 0.2478, decode.acc_seg: 98.6623, loss: 0.3334
2025-11-17 23:59:38,948 - mmseg - INFO - Iter [7150/10000]	lr: 3.300e-04, eta: 0:14:52, time: 0.334, data_time: 0.049, memory: 6425, decode.loss_ce: 0.0750, decode.loss_dice: 0.2319, decode.acc_seg: 98.8238, loss: 0.3069
2025-11-17 23:59:53,452 - mmseg - INFO - Iter [7200/10000]	lr: 3.249e-04, eta: 0:14:36, time: 0.290, data_time: 0.005, memory: 6425, decode.loss_ce: 0.0911, decode.loss_dice: 0.2491, decode.acc_seg: 98.6572, loss: 0.3402
2025-11-18 00:00:07,951 - mmseg - INFO - Iter [7250/10000]	lr: 3.199e-04, eta: 0:14:20, time: 0.290, data_time: 0.005, memory: 6425, decode.loss_ce: 0.1111, decode.loss_dice: 0.2387, decode.acc_seg: 98.4074, loss: 0.3497
2025-11-18 00:00:22,481 - mmseg - INFO - Iter [7300/10000]	lr: 3.148e-04, eta: 0:14:04, time: 0.291, data_time: 0.005, memory: 6425, decode.loss_ce: 0.0816, decode.loss_dice: 0.2506, decode.acc_seg: 98.7282, loss: 0.3322
2025-11-18 00:00:36,985 - mmseg - INFO - Iter [7350/10000]	lr: 3.097e-04, eta: 0:13:48, time: 0.290, data_time: 0.005, memory: 6425, decode.loss_ce: 0.0613, decode.loss_dice: 0.2137, decode.acc_seg: 99.0482, loss: 0.2749
2025-11-18 00:00:51,491 - mmseg - INFO - Iter [7400/10000]	lr: 3.046e-04, eta: 0:13:32, time: 0.290, data_time: 0.005, memory: 6425, decode.loss_ce: 0.0784, decode.loss_dice: 0.2419, decode.acc_seg: 98.8471, loss: 0.3203
2025-11-18 00:01:05,998 - mmseg - INFO - Iter [7450/10000]	lr: 2.995e-04, eta: 0:13:16, time: 0.290, data_time: 0.005, memory: 6425, decode.loss_ce: 0.0744, decode.loss_dice: 0.2230, decode.acc_seg: 98.8457, loss: 0.2974
2025-11-18 00:01:20,522 - mmseg - INFO - Iter [7500/10000]	lr: 2.944e-04, eta: 0:13:00, time: 0.290, data_time: 0.005, memory: 6425, decode.loss_ce: 0.0605, decode.loss_dice: 0.2105, decode.acc_seg: 99.0411, loss: 0.2710
2025-11-18 00:01:35,040 - mmseg - INFO - Iter [7550/10000]	lr: 2.893e-04, eta: 0:12:44, time: 0.290, data_time: 0.005, memory: 6425, decode.loss_ce: 0.0837, decode.loss_dice: 0.2539, decode.acc_seg: 98.6846, loss: 0.3376
2025-11-18 00:01:49,555 - mmseg - INFO - Iter [7600/10000]	lr: 2.841e-04, eta: 0:12:28, time: 0.290, data_time: 0.005, memory: 6425, decode.loss_ce: 0.0996, decode.loss_dice: 0.2272, decode.acc_seg: 98.4931, loss: 0.3268
2025-11-18 00:02:04,061 - mmseg - INFO - Iter [7650/10000]	lr: 2.790e-04, eta: 0:12:12, time: 0.290, data_time: 0.005, memory: 6425, decode.loss_ce: 0.0773, decode.loss_dice: 0.2350, decode.acc_seg: 98.7993, loss: 0.3123
2025-11-18 00:02:18,583 - mmseg - INFO - Iter [7700/10000]	lr: 2.739e-04, eta: 0:11:56, time: 0.290, data_time: 0.005, memory: 6425, decode.loss_ce: 0.0924, decode.loss_dice: 0.2248, decode.acc_seg: 98.5786, loss: 0.3172
2025-11-18 00:02:33,098 - mmseg - INFO - Iter [7750/10000]	lr: 2.687e-04, eta: 0:11:40, time: 0.290, data_time: 0.005, memory: 6425, decode.loss_ce: 0.0852, decode.loss_dice: 0.2320, decode.acc_seg: 98.6136, loss: 0.3172
2025-11-18 00:02:47,632 - mmseg - INFO - Iter [7800/10000]	lr: 2.635e-04, eta: 0:11:24, time: 0.291, data_time: 0.005, memory: 6425, decode.loss_ce: 0.0625, decode.loss_dice: 0.2282, decode.acc_seg: 98.9995, loss: 0.2908
2025-11-18 00:03:02,161 - mmseg - INFO - Iter [7850/10000]	lr: 2.583e-04, eta: 0:11:09, time: 0.291, data_time: 0.005, memory: 6425, decode.loss_ce: 0.0539, decode.loss_dice: 0.2278, decode.acc_seg: 99.1661, loss: 0.2817
2025-11-18 00:03:16,729 - mmseg - INFO - Iter [7900/10000]	lr: 2.531e-04, eta: 0:10:53, time: 0.291, data_time: 0.005, memory: 6425, decode.loss_ce: 0.1023, decode.loss_dice: 0.2566, decode.acc_seg: 98.3746, loss: 0.3590
2025-11-18 00:03:31,248 - mmseg - INFO - Iter [7950/10000]	lr: 2.479e-04, eta: 0:10:37, time: 0.290, data_time: 0.005, memory: 6425, decode.loss_ce: 0.0657, decode.loss_dice: 0.2166, decode.acc_seg: 98.9302, loss: 0.2823
2025-11-18 00:03:45,766 - mmseg - INFO - Exp name: swin.py
2025-11-18 00:03:45,766 - mmseg - INFO - Iter [8000/10000]	lr: 2.427e-04, eta: 0:10:21, time: 0.290, data_time: 0.005, memory: 6425, decode.loss_ce: 0.0744, decode.loss_dice: 0.2324, decode.acc_seg: 98.7742, loss: 0.3068
2025-11-18 00:04:03,280 - mmseg - INFO - per class results:
2025-11-18 00:04:03,281 - mmseg - INFO - 
+------------+-------+------+-------+--------+-----------+--------+-------+
|   Class    |  IoU  | HD95 |  Acc  | Fscore | Precision | Recall |  Dice |
+------------+-------+------+-------+--------+-----------+--------+-------+
| background | 98.21 | 2.0  | 99.76 |  99.1  |   98.45   | 99.76  |  99.1 |
|   Lesion   | 49.21 | 9.62 | 52.75 | 65.96  |   87.99   | 52.75  | 65.96 |
+------------+-------+------+-------+--------+-----------+--------+-------+
2025-11-18 00:04:03,281 - mmseg - INFO - Summary:
2025-11-18 00:04:03,282 - mmseg - INFO - 
+-------+-------+-------+-------+---------+------------+---------+-------+
|  aAcc |  mIoU | mHD95 |  mAcc | mFscore | mPrecision | mRecall | mDice |
+-------+-------+-------+-------+---------+------------+---------+-------+
| 98.24 | 73.71 |  5.81 | 76.25 |  82.53  |   93.22    |  76.25  | 82.53 |
+-------+-------+-------+-------+---------+------------+---------+-------+
2025-11-18 00:04:03,286 - mmseg - INFO - Exp name: swin.py
2025-11-18 00:04:03,287 - mmseg - INFO - Iter(val) [64]	aAcc: 0.9824, mIoU: 0.7371, mHD95: 0.0581, mAcc: 0.7625, mFscore: 0.8253, mPrecision: 0.9322, mRecall: 0.7625, mDice: 0.8253, IoU.background: 0.9821, IoU.Lesion: 0.4921, HD95.background: 0.0200, HD95.Lesion: 0.0962, Acc.background: 0.9976, Acc.Lesion: 0.5275, Fscore.background: 0.9910, Fscore.Lesion: 0.6596, Precision.background: 0.9845, Precision.Lesion: 0.8799, Recall.background: 0.9976, Recall.Lesion: 0.5275, Dice.background: 0.9910, Dice.Lesion: 0.6596
2025-11-18 00:04:17,936 - mmseg - INFO - Iter [8050/10000]	lr: 2.374e-04, eta: 0:10:10, time: 0.643, data_time: 0.356, memory: 6425, decode.loss_ce: 0.0944, decode.loss_dice: 0.2365, decode.acc_seg: 98.6570, loss: 0.3309
2025-11-18 00:04:32,497 - mmseg - INFO - Iter [8100/10000]	lr: 2.322e-04, eta: 0:09:54, time: 0.291, data_time: 0.005, memory: 6425, decode.loss_ce: 0.0684, decode.loss_dice: 0.2320, decode.acc_seg: 98.8902, loss: 0.3004
2025-11-18 00:04:47,057 - mmseg - INFO - Iter [8150/10000]	lr: 2.269e-04, eta: 0:09:38, time: 0.291, data_time: 0.005, memory: 6425, decode.loss_ce: 0.0814, decode.loss_dice: 0.2331, decode.acc_seg: 98.6928, loss: 0.3144
2025-11-18 00:05:01,724 - mmseg - INFO - Iter [8200/10000]	lr: 2.216e-04, eta: 0:09:22, time: 0.293, data_time: 0.006, memory: 6425, decode.loss_ce: 0.0662, decode.loss_dice: 0.2212, decode.acc_seg: 98.9027, loss: 0.2874
2025-11-18 00:05:16,401 - mmseg - INFO - Iter [8250/10000]	lr: 2.163e-04, eta: 0:09:06, time: 0.294, data_time: 0.006, memory: 6425, decode.loss_ce: 0.1037, decode.loss_dice: 0.2445, decode.acc_seg: 98.4237, loss: 0.3482
2025-11-18 00:05:31,097 - mmseg - INFO - Iter [8300/10000]	lr: 2.110e-04, eta: 0:08:50, time: 0.294, data_time: 0.006, memory: 6425, decode.loss_ce: 0.0726, decode.loss_dice: 0.2382, decode.acc_seg: 98.8867, loss: 0.3108
2025-11-18 00:05:45,742 - mmseg - INFO - Iter [8350/10000]	lr: 2.057e-04, eta: 0:08:35, time: 0.293, data_time: 0.006, memory: 6425, decode.loss_ce: 0.0835, decode.loss_dice: 0.2196, decode.acc_seg: 98.6109, loss: 0.3032
2025-11-18 00:06:00,347 - mmseg - INFO - Iter [8400/10000]	lr: 2.004e-04, eta: 0:08:19, time: 0.292, data_time: 0.006, memory: 6425, decode.loss_ce: 0.0889, decode.loss_dice: 0.2402, decode.acc_seg: 98.5317, loss: 0.3290
2025-11-18 00:06:14,968 - mmseg - INFO - Iter [8450/10000]	lr: 1.950e-04, eta: 0:08:03, time: 0.292, data_time: 0.006, memory: 6425, decode.loss_ce: 0.0694, decode.loss_dice: 0.2384, decode.acc_seg: 98.9150, loss: 0.3078
2025-11-18 00:06:29,562 - mmseg - INFO - Iter [8500/10000]	lr: 1.896e-04, eta: 0:07:47, time: 0.292, data_time: 0.005, memory: 6425, decode.loss_ce: 0.0788, decode.loss_dice: 0.2392, decode.acc_seg: 98.8023, loss: 0.3180
2025-11-18 00:06:46,454 - mmseg - INFO - Iter [8550/10000]	lr: 1.842e-04, eta: 0:07:32, time: 0.338, data_time: 0.049, memory: 6425, decode.loss_ce: 0.0672, decode.loss_dice: 0.2213, decode.acc_seg: 98.9592, loss: 0.2885
2025-11-18 00:07:01,087 - mmseg - INFO - Iter [8600/10000]	lr: 1.788e-04, eta: 0:07:16, time: 0.293, data_time: 0.005, memory: 6425, decode.loss_ce: 0.1151, decode.loss_dice: 0.2428, decode.acc_seg: 98.2710, loss: 0.3579
2025-11-18 00:07:15,698 - mmseg - INFO - Iter [8650/10000]	lr: 1.734e-04, eta: 0:07:00, time: 0.292, data_time: 0.005, memory: 6425, decode.loss_ce: 0.0783, decode.loss_dice: 0.2146, decode.acc_seg: 98.8428, loss: 0.2929
2025-11-18 00:07:30,227 - mmseg - INFO - Iter [8700/10000]	lr: 1.679e-04, eta: 0:06:45, time: 0.291, data_time: 0.005, memory: 6425, decode.loss_ce: 0.0818, decode.loss_dice: 0.2364, decode.acc_seg: 98.5733, loss: 0.3182
2025-11-18 00:07:44,746 - mmseg - INFO - Iter [8750/10000]	lr: 1.625e-04, eta: 0:06:29, time: 0.290, data_time: 0.005, memory: 6425, decode.loss_ce: 0.0887, decode.loss_dice: 0.2257, decode.acc_seg: 98.6664, loss: 0.3144
2025-11-18 00:07:59,233 - mmseg - INFO - Iter [8800/10000]	lr: 1.570e-04, eta: 0:06:13, time: 0.290, data_time: 0.005, memory: 6425, decode.loss_ce: 0.0762, decode.loss_dice: 0.2276, decode.acc_seg: 98.7729, loss: 0.3038
2025-11-18 00:08:13,742 - mmseg - INFO - Iter [8850/10000]	lr: 1.515e-04, eta: 0:05:57, time: 0.290, data_time: 0.005, memory: 6425, decode.loss_ce: 0.0697, decode.loss_dice: 0.2208, decode.acc_seg: 98.8900, loss: 0.2905
2025-11-18 00:08:28,266 - mmseg - INFO - Iter [8900/10000]	lr: 1.459e-04, eta: 0:05:42, time: 0.290, data_time: 0.005, memory: 6425, decode.loss_ce: 0.0874, decode.loss_dice: 0.2223, decode.acc_seg: 98.6903, loss: 0.3097
2025-11-18 00:08:42,803 - mmseg - INFO - Iter [8950/10000]	lr: 1.403e-04, eta: 0:05:26, time: 0.291, data_time: 0.005, memory: 6425, decode.loss_ce: 0.0607, decode.loss_dice: 0.2180, decode.acc_seg: 99.0153, loss: 0.2787
2025-11-18 00:08:57,419 - mmseg - INFO - Exp name: swin.py
2025-11-18 00:08:57,420 - mmseg - INFO - Iter [9000/10000]	lr: 1.347e-04, eta: 0:05:10, time: 0.292, data_time: 0.005, memory: 6425, decode.loss_ce: 0.0531, decode.loss_dice: 0.2013, decode.acc_seg: 99.1334, loss: 0.2545
2025-11-18 00:09:16,607 - mmseg - INFO - per class results:
2025-11-18 00:09:16,608 - mmseg - INFO - 
+------------+-------+------+-------+--------+-----------+--------+-------+
|   Class    |  IoU  | HD95 |  Acc  | Fscore | Precision | Recall |  Dice |
+------------+-------+------+-------+--------+-----------+--------+-------+
| background | 98.54 | 1.89 |  99.4 | 99.27  |   99.13   |  99.4  | 99.27 |
|   Lesion   | 62.64 | 6.09 | 73.93 | 77.03  |   80.41   | 73.93  | 77.03 |
+------------+-------+------+-------+--------+-----------+--------+-------+
2025-11-18 00:09:16,608 - mmseg - INFO - Summary:
2025-11-18 00:09:16,609 - mmseg - INFO - 
+-------+-------+-------+-------+---------+------------+---------+-------+
|  aAcc |  mIoU | mHD95 |  mAcc | mFscore | mPrecision | mRecall | mDice |
+-------+-------+-------+-------+---------+------------+---------+-------+
| 98.58 | 80.59 |  3.99 | 86.66 |  88.15  |   89.77    |  86.66  | 88.15 |
+-------+-------+-------+-------+---------+------------+---------+-------+
2025-11-18 00:09:16,613 - mmseg - INFO - Exp name: swin.py
2025-11-18 00:09:16,614 - mmseg - INFO - Iter(val) [64]	aAcc: 0.9858, mIoU: 0.8059, mHD95: 0.0399, mAcc: 0.8666, mFscore: 0.8815, mPrecision: 0.8977, mRecall: 0.8666, mDice: 0.8815, IoU.background: 0.9854, IoU.Lesion: 0.6264, HD95.background: 0.0189, HD95.Lesion: 0.0609, Acc.background: 0.9940, Acc.Lesion: 0.7393, Fscore.background: 0.9927, Fscore.Lesion: 0.7703, Precision.background: 0.9913, Precision.Lesion: 0.8041, Recall.background: 0.9940, Recall.Lesion: 0.7393, Dice.background: 0.9927, Dice.Lesion: 0.7703
2025-11-18 00:09:31,140 - mmseg - INFO - Iter [9050/10000]	lr: 1.291e-04, eta: 0:04:57, time: 0.674, data_time: 0.389, memory: 6425, decode.loss_ce: 0.1046, decode.loss_dice: 0.2552, decode.acc_seg: 98.5077, loss: 0.3598
2025-11-18 00:09:45,661 - mmseg - INFO - Iter [9100/10000]	lr: 1.235e-04, eta: 0:04:41, time: 0.290, data_time: 0.005, memory: 6425, decode.loss_ce: 0.0699, decode.loss_dice: 0.2278, decode.acc_seg: 98.9303, loss: 0.2976
2025-11-18 00:10:00,183 - mmseg - INFO - Iter [9150/10000]	lr: 1.178e-04, eta: 0:04:25, time: 0.290, data_time: 0.005, memory: 6425, decode.loss_ce: 0.0824, decode.loss_dice: 0.2430, decode.acc_seg: 98.7852, loss: 0.3254
2025-11-18 00:10:14,705 - mmseg - INFO - Iter [9200/10000]	lr: 1.121e-04, eta: 0:04:10, time: 0.290, data_time: 0.005, memory: 6425, decode.loss_ce: 0.0633, decode.loss_dice: 0.2142, decode.acc_seg: 99.0329, loss: 0.2775
2025-11-18 00:10:29,218 - mmseg - INFO - Iter [9250/10000]	lr: 1.063e-04, eta: 0:03:54, time: 0.290, data_time: 0.005, memory: 6425, decode.loss_ce: 0.0840, decode.loss_dice: 0.2259, decode.acc_seg: 98.7121, loss: 0.3099
2025-11-18 00:10:43,729 - mmseg - INFO - Iter [9300/10000]	lr: 1.005e-04, eta: 0:03:38, time: 0.290, data_time: 0.005, memory: 6425, decode.loss_ce: 0.0569, decode.loss_dice: 0.2042, decode.acc_seg: 99.0711, loss: 0.2611
2025-11-18 00:10:58,236 - mmseg - INFO - Iter [9350/10000]	lr: 9.470e-05, eta: 0:03:22, time: 0.290, data_time: 0.005, memory: 6425, decode.loss_ce: 0.0721, decode.loss_dice: 0.2300, decode.acc_seg: 98.8447, loss: 0.3021
2025-11-18 00:11:12,761 - mmseg - INFO - Iter [9400/10000]	lr: 8.882e-05, eta: 0:03:07, time: 0.290, data_time: 0.005, memory: 6425, decode.loss_ce: 0.0684, decode.loss_dice: 0.2115, decode.acc_seg: 98.8925, loss: 0.2800
2025-11-18 00:11:27,305 - mmseg - INFO - Iter [9450/10000]	lr: 8.289e-05, eta: 0:02:51, time: 0.291, data_time: 0.005, memory: 6425, decode.loss_ce: 0.0797, decode.loss_dice: 0.2269, decode.acc_seg: 98.7972, loss: 0.3067
2025-11-18 00:11:41,835 - mmseg - INFO - Iter [9500/10000]	lr: 7.691e-05, eta: 0:02:35, time: 0.291, data_time: 0.005, memory: 6425, decode.loss_ce: 0.0751, decode.loss_dice: 0.2279, decode.acc_seg: 98.7971, loss: 0.3030
2025-11-18 00:11:56,377 - mmseg - INFO - Iter [9550/10000]	lr: 7.087e-05, eta: 0:02:20, time: 0.291, data_time: 0.005, memory: 6425, decode.loss_ce: 0.0791, decode.loss_dice: 0.2312, decode.acc_seg: 98.6986, loss: 0.3104
2025-11-18 00:12:10,962 - mmseg - INFO - Iter [9600/10000]	lr: 6.476e-05, eta: 0:02:04, time: 0.292, data_time: 0.005, memory: 6425, decode.loss_ce: 0.0741, decode.loss_dice: 0.2189, decode.acc_seg: 98.8436, loss: 0.2930
2025-11-18 00:12:25,466 - mmseg - INFO - Iter [9650/10000]	lr: 5.857e-05, eta: 0:01:49, time: 0.290, data_time: 0.005, memory: 6425, decode.loss_ce: 0.0755, decode.loss_dice: 0.2129, decode.acc_seg: 98.7966, loss: 0.2884
2025-11-18 00:12:40,002 - mmseg - INFO - Iter [9700/10000]	lr: 5.230e-05, eta: 0:01:33, time: 0.291, data_time: 0.005, memory: 6425, decode.loss_ce: 0.0695, decode.loss_dice: 0.2177, decode.acc_seg: 98.8307, loss: 0.2872
2025-11-18 00:12:54,528 - mmseg - INFO - Iter [9750/10000]	lr: 4.592e-05, eta: 0:01:17, time: 0.291, data_time: 0.005, memory: 6425, decode.loss_ce: 0.0663, decode.loss_dice: 0.2177, decode.acc_seg: 98.9358, loss: 0.2840
2025-11-18 00:13:09,043 - mmseg - INFO - Iter [9800/10000]	lr: 3.941e-05, eta: 0:01:02, time: 0.290, data_time: 0.005, memory: 6425, decode.loss_ce: 0.0662, decode.loss_dice: 0.2187, decode.acc_seg: 98.9867, loss: 0.2849
2025-11-18 00:13:23,650 - mmseg - INFO - Iter [9850/10000]	lr: 3.274e-05, eta: 0:00:46, time: 0.292, data_time: 0.005, memory: 6425, decode.loss_ce: 0.0842, decode.loss_dice: 0.2028, decode.acc_seg: 98.6823, loss: 0.2870
2025-11-18 00:13:38,176 - mmseg - INFO - Iter [9900/10000]	lr: 2.583e-05, eta: 0:00:31, time: 0.291, data_time: 0.005, memory: 6425, decode.loss_ce: 0.0817, decode.loss_dice: 0.2349, decode.acc_seg: 98.7113, loss: 0.3167
2025-11-18 00:13:55,081 - mmseg - INFO - Iter [9950/10000]	lr: 1.856e-05, eta: 0:00:15, time: 0.338, data_time: 0.050, memory: 6425, decode.loss_ce: 0.0717, decode.loss_dice: 0.2198, decode.acc_seg: 98.8864, loss: 0.2915
2025-11-18 00:14:09,956 - mmseg - INFO - Saving checkpoint at 10000 iterations
2025-11-18 00:14:10,628 - mmseg - INFO - Exp name: swin.py
2025-11-18 00:14:10,628 - mmseg - INFO - Iter [10000/10000]	lr: 1.025e-05, eta: 0:00:00, time: 0.311, data_time: 0.005, memory: 6425, decode.loss_ce: 0.0761, decode.loss_dice: 0.2110, decode.acc_seg: 98.7506, loss: 0.2871
2025-11-18 00:14:28,728 - mmseg - INFO - per class results:
2025-11-18 00:14:28,730 - mmseg - INFO - 
+------------+-------+------+-------+--------+-----------+--------+-------+
|   Class    |  IoU  | HD95 |  Acc  | Fscore | Precision | Recall |  Dice |
+------------+-------+------+-------+--------+-----------+--------+-------+
| background | 98.28 | 1.99 | 99.75 | 99.14  |   98.53   | 99.75  | 99.14 |
|   Lesion   | 51.48 | 9.18 | 55.37 | 67.97  |   87.98   | 55.37  | 67.97 |
+------------+-------+------+-------+--------+-----------+--------+-------+
2025-11-18 00:14:28,730 - mmseg - INFO - Summary:
2025-11-18 00:14:28,730 - mmseg - INFO - 
+-------+-------+-------+-------+---------+------------+---------+-------+
|  aAcc |  mIoU | mHD95 |  mAcc | mFscore | mPrecision | mRecall | mDice |
+-------+-------+-------+-------+---------+------------+---------+-------+
| 98.32 | 74.88 |  5.58 | 77.56 |  83.55  |   93.25    |  77.56  | 83.55 |
+-------+-------+-------+-------+---------+------------+---------+-------+
2025-11-18 00:14:28,733 - mmseg - INFO - Exp name: swin.py
2025-11-18 00:14:28,733 - mmseg - INFO - Iter(val) [64]	aAcc: 0.9832, mIoU: 0.7488, mHD95: 0.0558, mAcc: 0.7756, mFscore: 0.8355, mPrecision: 0.9325, mRecall: 0.7756, mDice: 0.8355, IoU.background: 0.9828, IoU.Lesion: 0.5148, HD95.background: 0.0199, HD95.Lesion: 0.0918, Acc.background: 0.9975, Acc.Lesion: 0.5537, Fscore.background: 0.9914, Fscore.Lesion: 0.6797, Precision.background: 0.9853, Precision.Lesion: 0.8798, Recall.background: 0.9975, Recall.Lesion: 0.5537, Dice.background: 0.9914, Dice.Lesion: 0.6797
