2025-11-17 22:49:01,026 - mmseg - INFO - Multi-processing start method is `None`
2025-11-17 22:49:01,026 - mmseg - INFO - OpenCV num_threads is `112
2025-11-17 22:49:01,027 - mmseg - INFO - OMP num threads is 1
2025-11-17 22:49:01,154 - mmseg - INFO - Environment info:
------------------------------------------------------------
sys.platform: linux
Python: 3.8.20 (default, Oct  3 2024, 15:24:27) [GCC 11.2.0]
CUDA available: True
GPU 0,1: NVIDIA GeForce RTX 3090
CUDA_HOME: /usr/local/cuda
NVCC: Cuda compilation tools, release 11.7, V11.7.64
GCC: gcc (Ubuntu 9.4.0-1ubuntu1~20.04.2) 9.4.0
PyTorch: 1.10.0+cu113
PyTorch compiling details: PyTorch built with:
  - GCC 7.3
  - C++ Version: 201402
  - Intel(R) Math Kernel Library Version 2020.0.0 Product Build 20191122 for Intel(R) 64 architecture applications
  - Intel(R) MKL-DNN v2.2.3 (Git Hash 7336ca9f055cf1bfa13efb658fe15dc9b41f0740)
  - OpenMP 201511 (a.k.a. OpenMP 4.5)
  - LAPACK is enabled (usually provided by MKL)
  - NNPACK is enabled
  - CPU capability usage: AVX512
  - CUDA Runtime 11.3
  - NVCC architecture flags: -gencode;arch=compute_37,code=sm_37;-gencode;arch=compute_50,code=sm_50;-gencode;arch=compute_60,code=sm_60;-gencode;arch=compute_70,code=sm_70;-gencode;arch=compute_75,code=sm_75;-gencode;arch=compute_80,code=sm_80;-gencode;arch=compute_86,code=sm_86
  - CuDNN 8.2
  - Magma 2.5.2
  - Build settings: BLAS_INFO=mkl, BUILD_TYPE=Release, CUDA_VERSION=11.3, CUDNN_VERSION=8.2.0, CXX_COMPILER=/opt/rh/devtoolset-7/root/usr/bin/c++, CXX_FLAGS= -Wno-deprecated -fvisibility-inlines-hidden -DUSE_PTHREADPOOL -fopenmp -DNDEBUG -DUSE_KINETO -DUSE_FBGEMM -DUSE_QNNPACK -DUSE_PYTORCH_QNNPACK -DUSE_XNNPACK -DSYMBOLICATE_MOBILE_DEBUG_HANDLE -DEDGE_PROFILER_USE_KINETO -O2 -fPIC -Wno-narrowing -Wall -Wextra -Werror=return-type -Wno-missing-field-initializers -Wno-type-limits -Wno-array-bounds -Wno-unknown-pragmas -Wno-sign-compare -Wno-unused-parameter -Wno-unused-variable -Wno-unused-function -Wno-unused-result -Wno-unused-local-typedefs -Wno-strict-overflow -Wno-strict-aliasing -Wno-error=deprecated-declarations -Wno-stringop-overflow -Wno-psabi -Wno-error=pedantic -Wno-error=redundant-decls -Wno-error=old-style-cast -fdiagnostics-color=always -faligned-new -Wno-unused-but-set-variable -Wno-maybe-uninitialized -fno-math-errno -fno-trapping-math -Werror=format -Wno-stringop-overflow, LAPACK_INFO=mkl, PERF_WITH_AVX=1, PERF_WITH_AVX2=1, PERF_WITH_AVX512=1, TORCH_VERSION=1.10.0, USE_CUDA=ON, USE_CUDNN=ON, USE_EXCEPTION_PTR=1, USE_GFLAGS=OFF, USE_GLOG=OFF, USE_MKL=ON, USE_MKLDNN=ON, USE_MPI=OFF, USE_NCCL=ON, USE_NNPACK=ON, USE_OPENMP=ON, 

TorchVision: 0.11.1+cu113
OpenCV: 4.10.0
MMCV: 1.7.0
MMCV Compiler: GCC 9.3
MMCV CUDA Compiler: 11.3
MMSegmentation: 0.29.1+
------------------------------------------------------------

2025-11-17 22:49:01,155 - mmseg - INFO - Distributed training: True
2025-11-17 22:49:01,469 - mmseg - INFO - Config:
norm_cfg = dict(type='SyncBN', requires_grad=True)
model = dict(
    type='EncoderDecoder',
    pretrained='open-mmlab://resnet18_v1c',
    backbone=dict(
        type='ResNetV1c',
        depth=18,
        num_stages=4,
        out_indices=(0, 1, 2, 3),
        dilations=(1, 1, 1, 1),
        strides=(1, 2, 2, 2),
        norm_cfg=dict(type='SyncBN', requires_grad=True),
        norm_eval=False,
        style='pytorch',
        contract_dilation=True),
    decode_head=dict(
        type='DepthwiseSeparableASPPHead',
        sae=True,
        in_channels=512,
        in_index=3,
        channels=512,
        dilations=(1, 12, 24, 36),
        c1_in_channels=64,
        c1_channels=48,
        dropout_ratio=0.1,
        num_classes=2,
        norm_cfg=dict(type='SyncBN', requires_grad=True),
        align_corners=False,
        loss_decode=[
            dict(
                type='CrossEntropyLoss',
                loss_name='loss_ce',
                use_sigmoid=False,
                loss_weight=2.0),
            dict(type='DiceLoss', loss_name='loss_dice', loss_weight=2.0)
        ]),
    train_cfg=dict(),
    test_cfg=dict(mode='slide', crop_size=(512, 512), stride=(256, 256)))
dataset_type = 'MyDataset'
img_size = (1024, 1024)
crop_size = (512, 512)
train_pipeline = [
    dict(type='LoadImageFromFile'),
    dict(type='LoadAnnotations'),
    dict(type='Resize', img_scale=(512, 512), keep_ratio=False),
    dict(type='RandomFlip', flip_ratio=0),
    dict(type='PhotoMetricDistortion'),
    dict(type='Normalize', mean=[0, 0, 0], std=[1, 1, 1], to_rgb=True),
    dict(type='Pad', size=(512, 512), pad_val=0, seg_pad_val=255),
    dict(type='DefaultFormatBundle'),
    dict(type='Collect', keys=['img', 'gt_semantic_seg'])
]
test_pipeline = [
    dict(type='LoadImageFromFile'),
    dict(
        type='MultiScaleFlipAug',
        img_scale=(1024, 1024),
        flip=False,
        transforms=[
            dict(type='Resize', keep_ratio=False),
            dict(type='Normalize', mean=[0, 0, 0], std=[1, 1, 1], to_rgb=True),
            dict(type='ImageToTensor', keys=['img']),
            dict(type='Collect', keys=['img'])
        ])
]
data_root = './datasets/'
data = dict(
    samples_per_gpu=4,
    workers_per_gpu=2,
    train=dict(
        type='RepeatDataset',
        times=10,
        dataset=dict(
            type='MyDataset',
            data_root='./datasets/',
            img_dir='train/images1024',
            ann_dir='train/labels1024',
            pipeline=[
                dict(type='LoadImageFromFile'),
                dict(type='LoadAnnotations'),
                dict(type='Resize', img_scale=(512, 512), keep_ratio=False),
                dict(type='RandomFlip', flip_ratio=0),
                dict(type='PhotoMetricDistortion'),
                dict(
                    type='Normalize',
                    mean=[0, 0, 0],
                    std=[1, 1, 1],
                    to_rgb=True),
                dict(type='Pad', size=(512, 512), pad_val=0, seg_pad_val=255),
                dict(type='DefaultFormatBundle'),
                dict(type='Collect', keys=['img', 'gt_semantic_seg'])
            ])),
    val=dict(
        type='MyDataset',
        data_root='./datasets/',
        img_dir='test/images1024',
        ann_dir='test/labels1024',
        pipeline=[
            dict(type='LoadImageFromFile'),
            dict(
                type='MultiScaleFlipAug',
                img_scale=(1024, 1024),
                flip=False,
                transforms=[
                    dict(type='Resize', keep_ratio=False),
                    dict(
                        type='Normalize',
                        mean=[0, 0, 0],
                        std=[1, 1, 1],
                        to_rgb=True),
                    dict(type='ImageToTensor', keys=['img']),
                    dict(type='Collect', keys=['img'])
                ])
        ]),
    test=dict(
        type='MyDataset',
        data_root='./datasets/',
        img_dir='test/images1024',
        ann_dir='test/labels1024',
        pipeline=[
            dict(type='LoadImageFromFile'),
            dict(
                type='MultiScaleFlipAug',
                img_scale=(1024, 1024),
                flip=False,
                transforms=[
                    dict(type='Resize', keep_ratio=False),
                    dict(
                        type='Normalize',
                        mean=[0, 0, 0],
                        std=[1, 1, 1],
                        to_rgb=True),
                    dict(type='ImageToTensor', keys=['img']),
                    dict(type='Collect', keys=['img'])
                ])
        ]))
log_config = dict(
    interval=50,
    hooks=[
        dict(type='TensorboardLoggerHook'),
        dict(type='TextLoggerHook', by_epoch=False)
    ])
dist_params = dict(backend='nccl')
log_level = 'INFO'
load_from = None
resume_from = None
workflow = [('train', 1)]
cudnn_benchmark = False
find_unused_parameters = True
optimizer = dict(type='Adam', lr=0.001, betas=(0.9, 0.999), weight_decay=0.005)
optimizer_config = dict()
lr_config = dict(policy='poly', power=0.9, min_lr=1e-05, by_epoch=False)
runner = dict(type='IterBasedRunner', max_iters=10000)
checkpoint_config = dict(by_epoch=False, save_optimizer=False, interval=10000)
evaluation = dict(interval=1000, metric=['mIoU', 'mFscore', 'mDice'])
work_dir = './work_dirs/deeplabv3plus_sae'
gpu_ids = range(0, 2)
auto_resume = False

2025-11-17 22:49:01,469 - mmseg - INFO - Set random seed to 0, deterministic: False
2025-11-17 22:49:01,980 - mmseg - INFO - initialize ResNetV1c with init_cfg {'type': 'Pretrained', 'checkpoint': 'open-mmlab://resnet18_v1c'}
2025-11-17 22:49:09,190 - mmseg - INFO - initialize DepthwiseSeparableASPPHead with init_cfg {'type': 'Normal', 'std': 0.01, 'override': {'name': 'conv_seg'}}
Name of parameter - Initialization information

backbone.stem.0.weight - torch.Size([32, 3, 3, 3]): 
PretrainedInit: load from open-mmlab://resnet18_v1c 

backbone.stem.1.weight - torch.Size([32]): 
PretrainedInit: load from open-mmlab://resnet18_v1c 

backbone.stem.1.bias - torch.Size([32]): 
PretrainedInit: load from open-mmlab://resnet18_v1c 

backbone.stem.3.weight - torch.Size([32, 32, 3, 3]): 
PretrainedInit: load from open-mmlab://resnet18_v1c 

backbone.stem.4.weight - torch.Size([32]): 
PretrainedInit: load from open-mmlab://resnet18_v1c 

backbone.stem.4.bias - torch.Size([32]): 
PretrainedInit: load from open-mmlab://resnet18_v1c 

backbone.stem.6.weight - torch.Size([64, 32, 3, 3]): 
PretrainedInit: load from open-mmlab://resnet18_v1c 

backbone.stem.7.weight - torch.Size([64]): 
PretrainedInit: load from open-mmlab://resnet18_v1c 

backbone.stem.7.bias - torch.Size([64]): 
PretrainedInit: load from open-mmlab://resnet18_v1c 

backbone.layer1.0.conv1.weight - torch.Size([64, 64, 3, 3]): 
PretrainedInit: load from open-mmlab://resnet18_v1c 

backbone.layer1.0.bn1.weight - torch.Size([64]): 
PretrainedInit: load from open-mmlab://resnet18_v1c 

backbone.layer1.0.bn1.bias - torch.Size([64]): 
PretrainedInit: load from open-mmlab://resnet18_v1c 

backbone.layer1.0.conv2.weight - torch.Size([64, 64, 3, 3]): 
PretrainedInit: load from open-mmlab://resnet18_v1c 

backbone.layer1.0.bn2.weight - torch.Size([64]): 
PretrainedInit: load from open-mmlab://resnet18_v1c 

backbone.layer1.0.bn2.bias - torch.Size([64]): 
PretrainedInit: load from open-mmlab://resnet18_v1c 

backbone.layer1.1.conv1.weight - torch.Size([64, 64, 3, 3]): 
PretrainedInit: load from open-mmlab://resnet18_v1c 

backbone.layer1.1.bn1.weight - torch.Size([64]): 
PretrainedInit: load from open-mmlab://resnet18_v1c 

backbone.layer1.1.bn1.bias - torch.Size([64]): 
PretrainedInit: load from open-mmlab://resnet18_v1c 

backbone.layer1.1.conv2.weight - torch.Size([64, 64, 3, 3]): 
PretrainedInit: load from open-mmlab://resnet18_v1c 

backbone.layer1.1.bn2.weight - torch.Size([64]): 
PretrainedInit: load from open-mmlab://resnet18_v1c 

backbone.layer1.1.bn2.bias - torch.Size([64]): 
PretrainedInit: load from open-mmlab://resnet18_v1c 

backbone.layer2.0.conv1.weight - torch.Size([128, 64, 3, 3]): 
PretrainedInit: load from open-mmlab://resnet18_v1c 

backbone.layer2.0.bn1.weight - torch.Size([128]): 
PretrainedInit: load from open-mmlab://resnet18_v1c 

backbone.layer2.0.bn1.bias - torch.Size([128]): 
PretrainedInit: load from open-mmlab://resnet18_v1c 

backbone.layer2.0.conv2.weight - torch.Size([128, 128, 3, 3]): 
PretrainedInit: load from open-mmlab://resnet18_v1c 

backbone.layer2.0.bn2.weight - torch.Size([128]): 
PretrainedInit: load from open-mmlab://resnet18_v1c 

backbone.layer2.0.bn2.bias - torch.Size([128]): 
PretrainedInit: load from open-mmlab://resnet18_v1c 

backbone.layer2.0.downsample.0.weight - torch.Size([128, 64, 1, 1]): 
PretrainedInit: load from open-mmlab://resnet18_v1c 

backbone.layer2.0.downsample.1.weight - torch.Size([128]): 
PretrainedInit: load from open-mmlab://resnet18_v1c 

backbone.layer2.0.downsample.1.bias - torch.Size([128]): 
PretrainedInit: load from open-mmlab://resnet18_v1c 

backbone.layer2.1.conv1.weight - torch.Size([128, 128, 3, 3]): 
PretrainedInit: load from open-mmlab://resnet18_v1c 

backbone.layer2.1.bn1.weight - torch.Size([128]): 
PretrainedInit: load from open-mmlab://resnet18_v1c 

backbone.layer2.1.bn1.bias - torch.Size([128]): 
PretrainedInit: load from open-mmlab://resnet18_v1c 

backbone.layer2.1.conv2.weight - torch.Size([128, 128, 3, 3]): 
PretrainedInit: load from open-mmlab://resnet18_v1c 

backbone.layer2.1.bn2.weight - torch.Size([128]): 
PretrainedInit: load from open-mmlab://resnet18_v1c 

backbone.layer2.1.bn2.bias - torch.Size([128]): 
PretrainedInit: load from open-mmlab://resnet18_v1c 

backbone.layer3.0.conv1.weight - torch.Size([256, 128, 3, 3]): 
PretrainedInit: load from open-mmlab://resnet18_v1c 

backbone.layer3.0.bn1.weight - torch.Size([256]): 
PretrainedInit: load from open-mmlab://resnet18_v1c 

backbone.layer3.0.bn1.bias - torch.Size([256]): 
PretrainedInit: load from open-mmlab://resnet18_v1c 

backbone.layer3.0.conv2.weight - torch.Size([256, 256, 3, 3]): 
PretrainedInit: load from open-mmlab://resnet18_v1c 

backbone.layer3.0.bn2.weight - torch.Size([256]): 
PretrainedInit: load from open-mmlab://resnet18_v1c 

backbone.layer3.0.bn2.bias - torch.Size([256]): 
PretrainedInit: load from open-mmlab://resnet18_v1c 

backbone.layer3.0.downsample.0.weight - torch.Size([256, 128, 1, 1]): 
PretrainedInit: load from open-mmlab://resnet18_v1c 

backbone.layer3.0.downsample.1.weight - torch.Size([256]): 
PretrainedInit: load from open-mmlab://resnet18_v1c 

backbone.layer3.0.downsample.1.bias - torch.Size([256]): 
PretrainedInit: load from open-mmlab://resnet18_v1c 

backbone.layer3.1.conv1.weight - torch.Size([256, 256, 3, 3]): 
PretrainedInit: load from open-mmlab://resnet18_v1c 

backbone.layer3.1.bn1.weight - torch.Size([256]): 
PretrainedInit: load from open-mmlab://resnet18_v1c 

backbone.layer3.1.bn1.bias - torch.Size([256]): 
PretrainedInit: load from open-mmlab://resnet18_v1c 

backbone.layer3.1.conv2.weight - torch.Size([256, 256, 3, 3]): 
PretrainedInit: load from open-mmlab://resnet18_v1c 

backbone.layer3.1.bn2.weight - torch.Size([256]): 
PretrainedInit: load from open-mmlab://resnet18_v1c 

backbone.layer3.1.bn2.bias - torch.Size([256]): 
PretrainedInit: load from open-mmlab://resnet18_v1c 

backbone.layer4.0.conv1.weight - torch.Size([512, 256, 3, 3]): 
PretrainedInit: load from open-mmlab://resnet18_v1c 

backbone.layer4.0.bn1.weight - torch.Size([512]): 
PretrainedInit: load from open-mmlab://resnet18_v1c 

backbone.layer4.0.bn1.bias - torch.Size([512]): 
PretrainedInit: load from open-mmlab://resnet18_v1c 

backbone.layer4.0.conv2.weight - torch.Size([512, 512, 3, 3]): 
PretrainedInit: load from open-mmlab://resnet18_v1c 

backbone.layer4.0.bn2.weight - torch.Size([512]): 
PretrainedInit: load from open-mmlab://resnet18_v1c 

backbone.layer4.0.bn2.bias - torch.Size([512]): 
PretrainedInit: load from open-mmlab://resnet18_v1c 

backbone.layer4.0.downsample.0.weight - torch.Size([512, 256, 1, 1]): 
PretrainedInit: load from open-mmlab://resnet18_v1c 

backbone.layer4.0.downsample.1.weight - torch.Size([512]): 
PretrainedInit: load from open-mmlab://resnet18_v1c 

backbone.layer4.0.downsample.1.bias - torch.Size([512]): 
PretrainedInit: load from open-mmlab://resnet18_v1c 

backbone.layer4.1.conv1.weight - torch.Size([512, 512, 3, 3]): 
PretrainedInit: load from open-mmlab://resnet18_v1c 

backbone.layer4.1.bn1.weight - torch.Size([512]): 
PretrainedInit: load from open-mmlab://resnet18_v1c 

backbone.layer4.1.bn1.bias - torch.Size([512]): 
PretrainedInit: load from open-mmlab://resnet18_v1c 

backbone.layer4.1.conv2.weight - torch.Size([512, 512, 3, 3]): 
PretrainedInit: load from open-mmlab://resnet18_v1c 

backbone.layer4.1.bn2.weight - torch.Size([512]): 
PretrainedInit: load from open-mmlab://resnet18_v1c 

backbone.layer4.1.bn2.bias - torch.Size([512]): 
PretrainedInit: load from open-mmlab://resnet18_v1c 

decode_head.conv_seg.weight - torch.Size([2, 512, 1, 1]): 
NormalInit: mean=0, std=0.01, bias=0 

decode_head.conv_seg.bias - torch.Size([2]): 
NormalInit: mean=0, std=0.01, bias=0 

decode_head.image_pool.1.conv.weight - torch.Size([512, 512, 1, 1]): 
The value is the same before and after calling `init_weights` of EncoderDecoder  

decode_head.image_pool.1.bn.weight - torch.Size([512]): 
The value is the same before and after calling `init_weights` of EncoderDecoder  

decode_head.image_pool.1.bn.bias - torch.Size([512]): 
The value is the same before and after calling `init_weights` of EncoderDecoder  

decode_head.aspp_modules.0.conv.weight - torch.Size([512, 512, 1, 1]): 
The value is the same before and after calling `init_weights` of EncoderDecoder  

decode_head.aspp_modules.0.bn.weight - torch.Size([512]): 
The value is the same before and after calling `init_weights` of EncoderDecoder  

decode_head.aspp_modules.0.bn.bias - torch.Size([512]): 
The value is the same before and after calling `init_weights` of EncoderDecoder  

decode_head.aspp_modules.1.depthwise_conv.conv.weight - torch.Size([512, 1, 3, 3]): 
The value is the same before and after calling `init_weights` of EncoderDecoder  

decode_head.aspp_modules.1.depthwise_conv.bn.weight - torch.Size([512]): 
The value is the same before and after calling `init_weights` of EncoderDecoder  

decode_head.aspp_modules.1.depthwise_conv.bn.bias - torch.Size([512]): 
The value is the same before and after calling `init_weights` of EncoderDecoder  

decode_head.aspp_modules.1.pointwise_conv.conv.weight - torch.Size([512, 512, 1, 1]): 
The value is the same before and after calling `init_weights` of EncoderDecoder  

decode_head.aspp_modules.1.pointwise_conv.bn.weight - torch.Size([512]): 
The value is the same before and after calling `init_weights` of EncoderDecoder  

decode_head.aspp_modules.1.pointwise_conv.bn.bias - torch.Size([512]): 
The value is the same before and after calling `init_weights` of EncoderDecoder  

decode_head.aspp_modules.2.depthwise_conv.conv.weight - torch.Size([512, 1, 3, 3]): 
The value is the same before and after calling `init_weights` of EncoderDecoder  

decode_head.aspp_modules.2.depthwise_conv.bn.weight - torch.Size([512]): 
The value is the same before and after calling `init_weights` of EncoderDecoder  

decode_head.aspp_modules.2.depthwise_conv.bn.bias - torch.Size([512]): 
The value is the same before and after calling `init_weights` of EncoderDecoder  

decode_head.aspp_modules.2.pointwise_conv.conv.weight - torch.Size([512, 512, 1, 1]): 
The value is the same before and after calling `init_weights` of EncoderDecoder  

decode_head.aspp_modules.2.pointwise_conv.bn.weight - torch.Size([512]): 
The value is the same before and after calling `init_weights` of EncoderDecoder  

decode_head.aspp_modules.2.pointwise_conv.bn.bias - torch.Size([512]): 
The value is the same before and after calling `init_weights` of EncoderDecoder  

decode_head.aspp_modules.3.depthwise_conv.conv.weight - torch.Size([512, 1, 3, 3]): 
The value is the same before and after calling `init_weights` of EncoderDecoder  

decode_head.aspp_modules.3.depthwise_conv.bn.weight - torch.Size([512]): 
The value is the same before and after calling `init_weights` of EncoderDecoder  

decode_head.aspp_modules.3.depthwise_conv.bn.bias - torch.Size([512]): 
The value is the same before and after calling `init_weights` of EncoderDecoder  

decode_head.aspp_modules.3.pointwise_conv.conv.weight - torch.Size([512, 512, 1, 1]): 
The value is the same before and after calling `init_weights` of EncoderDecoder  

decode_head.aspp_modules.3.pointwise_conv.bn.weight - torch.Size([512]): 
The value is the same before and after calling `init_weights` of EncoderDecoder  

decode_head.aspp_modules.3.pointwise_conv.bn.bias - torch.Size([512]): 
The value is the same before and after calling `init_weights` of EncoderDecoder  

decode_head.bottleneck.conv.weight - torch.Size([512, 2560, 3, 3]): 
Initialized by user-defined `init_weights` in ConvModule  

decode_head.bottleneck.bn.weight - torch.Size([512]): 
The value is the same before and after calling `init_weights` of EncoderDecoder  

decode_head.bottleneck.bn.bias - torch.Size([512]): 
The value is the same before and after calling `init_weights` of EncoderDecoder  

decode_head.sae_model.coord_att.conv1.weight - torch.Size([140, 560, 1, 1]): 
The value is the same before and after calling `init_weights` of EncoderDecoder  

decode_head.sae_model.coord_att.conv1.bias - torch.Size([140]): 
The value is the same before and after calling `init_weights` of EncoderDecoder  

decode_head.sae_model.coord_att.bn1.weight - torch.Size([140]): 
The value is the same before and after calling `init_weights` of EncoderDecoder  

decode_head.sae_model.coord_att.bn1.bias - torch.Size([140]): 
The value is the same before and after calling `init_weights` of EncoderDecoder  

decode_head.sae_model.coord_att.conv_h.weight - torch.Size([560, 140, 1, 1]): 
The value is the same before and after calling `init_weights` of EncoderDecoder  

decode_head.sae_model.coord_att.conv_h.bias - torch.Size([560]): 
The value is the same before and after calling `init_weights` of EncoderDecoder  

decode_head.sae_model.coord_att.conv_w.weight - torch.Size([560, 140, 1, 1]): 
The value is the same before and after calling `init_weights` of EncoderDecoder  

decode_head.sae_model.coord_att.conv_w.bias - torch.Size([560]): 
The value is the same before and after calling `init_weights` of EncoderDecoder  

decode_head.sae_model.conv.0.weight - torch.Size([560, 560, 3, 3]): 
The value is the same before and after calling `init_weights` of EncoderDecoder  

decode_head.sae_model.conv.0.bias - torch.Size([560]): 
The value is the same before and after calling `init_weights` of EncoderDecoder  

decode_head.sae_model.conv.1.weight - torch.Size([560]): 
The value is the same before and after calling `init_weights` of EncoderDecoder  

decode_head.sae_model.conv.1.bias - torch.Size([560]): 
The value is the same before and after calling `init_weights` of EncoderDecoder  

decode_head.sae_model.conv.3.weight - torch.Size([560, 560, 3, 3]): 
The value is the same before and after calling `init_weights` of EncoderDecoder  

decode_head.sae_model.conv.3.bias - torch.Size([560]): 
The value is the same before and after calling `init_weights` of EncoderDecoder  

decode_head.sae_model.conv.4.weight - torch.Size([560]): 
The value is the same before and after calling `init_weights` of EncoderDecoder  

decode_head.sae_model.conv.4.bias - torch.Size([560]): 
The value is the same before and after calling `init_weights` of EncoderDecoder  

decode_head.sae_model.sae.fc1.0.weight - torch.Size([140, 560]): 
The value is the same before and after calling `init_weights` of EncoderDecoder  

decode_head.sae_model.sae.fc2.0.weight - torch.Size([140, 560]): 
The value is the same before and after calling `init_weights` of EncoderDecoder  

decode_head.sae_model.sae.fc3.0.weight - torch.Size([140, 560]): 
The value is the same before and after calling `init_weights` of EncoderDecoder  

decode_head.sae_model.sae.fc4.0.weight - torch.Size([140, 560]): 
The value is the same before and after calling `init_weights` of EncoderDecoder  

decode_head.sae_model.sae.fc.0.weight - torch.Size([560, 560]): 
The value is the same before and after calling `init_weights` of EncoderDecoder  

decode_head.c1_bottleneck.conv.weight - torch.Size([48, 64, 1, 1]): 
Initialized by user-defined `init_weights` in ConvModule  

decode_head.c1_bottleneck.bn.weight - torch.Size([48]): 
The value is the same before and after calling `init_weights` of EncoderDecoder  

decode_head.c1_bottleneck.bn.bias - torch.Size([48]): 
The value is the same before and after calling `init_weights` of EncoderDecoder  

decode_head.sep_bottleneck.0.depthwise_conv.conv.weight - torch.Size([560, 1, 3, 3]): 
The value is the same before and after calling `init_weights` of EncoderDecoder  

decode_head.sep_bottleneck.0.depthwise_conv.bn.weight - torch.Size([560]): 
The value is the same before and after calling `init_weights` of EncoderDecoder  

decode_head.sep_bottleneck.0.depthwise_conv.bn.bias - torch.Size([560]): 
The value is the same before and after calling `init_weights` of EncoderDecoder  

decode_head.sep_bottleneck.0.pointwise_conv.conv.weight - torch.Size([512, 560, 1, 1]): 
The value is the same before and after calling `init_weights` of EncoderDecoder  

decode_head.sep_bottleneck.0.pointwise_conv.bn.weight - torch.Size([512]): 
The value is the same before and after calling `init_weights` of EncoderDecoder  

decode_head.sep_bottleneck.0.pointwise_conv.bn.bias - torch.Size([512]): 
The value is the same before and after calling `init_weights` of EncoderDecoder  

decode_head.sep_bottleneck.1.depthwise_conv.conv.weight - torch.Size([512, 1, 3, 3]): 
The value is the same before and after calling `init_weights` of EncoderDecoder  

decode_head.sep_bottleneck.1.depthwise_conv.bn.weight - torch.Size([512]): 
The value is the same before and after calling `init_weights` of EncoderDecoder  

decode_head.sep_bottleneck.1.depthwise_conv.bn.bias - torch.Size([512]): 
The value is the same before and after calling `init_weights` of EncoderDecoder  

decode_head.sep_bottleneck.1.pointwise_conv.conv.weight - torch.Size([512, 512, 1, 1]): 
The value is the same before and after calling `init_weights` of EncoderDecoder  

decode_head.sep_bottleneck.1.pointwise_conv.bn.weight - torch.Size([512]): 
The value is the same before and after calling `init_weights` of EncoderDecoder  

decode_head.sep_bottleneck.1.pointwise_conv.bn.bias - torch.Size([512]): 
The value is the same before and after calling `init_weights` of EncoderDecoder  
2025-11-17 22:49:09,280 - mmseg - INFO - EncoderDecoder(
  (backbone): ResNetV1c(
    (stem): Sequential(
      (0): Conv2d(3, 32, kernel_size=(3, 3), stride=(2, 2), padding=(1, 1), bias=False)
      (1): SyncBatchNorm(32, eps=1e-05, momentum=0.1, affine=True, track_running_stats=True)
      (2): ReLU(inplace=True)
      (3): Conv2d(32, 32, kernel_size=(3, 3), stride=(1, 1), padding=(1, 1), bias=False)
      (4): SyncBatchNorm(32, eps=1e-05, momentum=0.1, affine=True, track_running_stats=True)
      (5): ReLU(inplace=True)
      (6): Conv2d(32, 64, kernel_size=(3, 3), stride=(1, 1), padding=(1, 1), bias=False)
      (7): SyncBatchNorm(64, eps=1e-05, momentum=0.1, affine=True, track_running_stats=True)
      (8): ReLU(inplace=True)
    )
    (maxpool): MaxPool2d(kernel_size=3, stride=2, padding=1, dilation=1, ceil_mode=False)
    (layer1): ResLayer(
      (0): BasicBlock(
        (conv1): Conv2d(64, 64, kernel_size=(3, 3), stride=(1, 1), padding=(1, 1), bias=False)
        (bn1): SyncBatchNorm(64, eps=1e-05, momentum=0.1, affine=True, track_running_stats=True)
        (conv2): Conv2d(64, 64, kernel_size=(3, 3), stride=(1, 1), padding=(1, 1), bias=False)
        (bn2): SyncBatchNorm(64, eps=1e-05, momentum=0.1, affine=True, track_running_stats=True)
        (relu): ReLU(inplace=True)
      )
      (1): BasicBlock(
        (conv1): Conv2d(64, 64, kernel_size=(3, 3), stride=(1, 1), padding=(1, 1), bias=False)
        (bn1): SyncBatchNorm(64, eps=1e-05, momentum=0.1, affine=True, track_running_stats=True)
        (conv2): Conv2d(64, 64, kernel_size=(3, 3), stride=(1, 1), padding=(1, 1), bias=False)
        (bn2): SyncBatchNorm(64, eps=1e-05, momentum=0.1, affine=True, track_running_stats=True)
        (relu): ReLU(inplace=True)
      )
    )
    (layer2): ResLayer(
      (0): BasicBlock(
        (conv1): Conv2d(64, 128, kernel_size=(3, 3), stride=(2, 2), padding=(1, 1), bias=False)
        (bn1): SyncBatchNorm(128, eps=1e-05, momentum=0.1, affine=True, track_running_stats=True)
        (conv2): Conv2d(128, 128, kernel_size=(3, 3), stride=(1, 1), padding=(1, 1), bias=False)
        (bn2): SyncBatchNorm(128, eps=1e-05, momentum=0.1, affine=True, track_running_stats=True)
        (relu): ReLU(inplace=True)
        (downsample): Sequential(
          (0): Conv2d(64, 128, kernel_size=(1, 1), stride=(2, 2), bias=False)
          (1): SyncBatchNorm(128, eps=1e-05, momentum=0.1, affine=True, track_running_stats=True)
        )
      )
      (1): BasicBlock(
        (conv1): Conv2d(128, 128, kernel_size=(3, 3), stride=(1, 1), padding=(1, 1), bias=False)
        (bn1): SyncBatchNorm(128, eps=1e-05, momentum=0.1, affine=True, track_running_stats=True)
        (conv2): Conv2d(128, 128, kernel_size=(3, 3), stride=(1, 1), padding=(1, 1), bias=False)
        (bn2): SyncBatchNorm(128, eps=1e-05, momentum=0.1, affine=True, track_running_stats=True)
        (relu): ReLU(inplace=True)
      )
    )
    (layer3): ResLayer(
      (0): BasicBlock(
        (conv1): Conv2d(128, 256, kernel_size=(3, 3), stride=(2, 2), padding=(1, 1), bias=False)
        (bn1): SyncBatchNorm(256, eps=1e-05, momentum=0.1, affine=True, track_running_stats=True)
        (conv2): Conv2d(256, 256, kernel_size=(3, 3), stride=(1, 1), padding=(1, 1), bias=False)
        (bn2): SyncBatchNorm(256, eps=1e-05, momentum=0.1, affine=True, track_running_stats=True)
        (relu): ReLU(inplace=True)
        (downsample): Sequential(
          (0): Conv2d(128, 256, kernel_size=(1, 1), stride=(2, 2), bias=False)
          (1): SyncBatchNorm(256, eps=1e-05, momentum=0.1, affine=True, track_running_stats=True)
        )
      )
      (1): BasicBlock(
        (conv1): Conv2d(256, 256, kernel_size=(3, 3), stride=(1, 1), padding=(1, 1), bias=False)
        (bn1): SyncBatchNorm(256, eps=1e-05, momentum=0.1, affine=True, track_running_stats=True)
        (conv2): Conv2d(256, 256, kernel_size=(3, 3), stride=(1, 1), padding=(1, 1), bias=False)
        (bn2): SyncBatchNorm(256, eps=1e-05, momentum=0.1, affine=True, track_running_stats=True)
        (relu): ReLU(inplace=True)
      )
    )
    (layer4): ResLayer(
      (0): BasicBlock(
        (conv1): Conv2d(256, 512, kernel_size=(3, 3), stride=(2, 2), padding=(1, 1), bias=False)
        (bn1): SyncBatchNorm(512, eps=1e-05, momentum=0.1, affine=True, track_running_stats=True)
        (conv2): Conv2d(512, 512, kernel_size=(3, 3), stride=(1, 1), padding=(1, 1), bias=False)
        (bn2): SyncBatchNorm(512, eps=1e-05, momentum=0.1, affine=True, track_running_stats=True)
        (relu): ReLU(inplace=True)
        (downsample): Sequential(
          (0): Conv2d(256, 512, kernel_size=(1, 1), stride=(2, 2), bias=False)
          (1): SyncBatchNorm(512, eps=1e-05, momentum=0.1, affine=True, track_running_stats=True)
        )
      )
      (1): BasicBlock(
        (conv1): Conv2d(512, 512, kernel_size=(3, 3), stride=(1, 1), padding=(1, 1), bias=False)
        (bn1): SyncBatchNorm(512, eps=1e-05, momentum=0.1, affine=True, track_running_stats=True)
        (conv2): Conv2d(512, 512, kernel_size=(3, 3), stride=(1, 1), padding=(1, 1), bias=False)
        (bn2): SyncBatchNorm(512, eps=1e-05, momentum=0.1, affine=True, track_running_stats=True)
        (relu): ReLU(inplace=True)
      )
    )
  )
  init_cfg={'type': 'Pretrained', 'checkpoint': 'open-mmlab://resnet18_v1c'}
  (decode_head): DepthwiseSeparableASPPHead(
    input_transform=None, ignore_index=255, align_corners=False
    (loss_decode): ModuleList(
      (0): CrossEntropyLoss(avg_non_ignore=False)
      (1): DiceLoss()
    )
    (conv_seg): Conv2d(512, 2, kernel_size=(1, 1), stride=(1, 1))
    (dropout): Dropout2d(p=0.1, inplace=False)
    (image_pool): Sequential(
      (0): AdaptiveAvgPool2d(output_size=1)
      (1): ConvModule(
        (conv): Conv2d(512, 512, kernel_size=(1, 1), stride=(1, 1), bias=False)
        (bn): SyncBatchNorm(512, eps=1e-05, momentum=0.1, affine=True, track_running_stats=True)
        (activate): ReLU(inplace=True)
      )
    )
    (aspp_modules): DepthwiseSeparableASPPModule(
      (0): ConvModule(
        (conv): Conv2d(512, 512, kernel_size=(1, 1), stride=(1, 1), bias=False)
        (bn): SyncBatchNorm(512, eps=1e-05, momentum=0.1, affine=True, track_running_stats=True)
        (activate): ReLU(inplace=True)
      )
      (1): DepthwiseSeparableConvModule(
        (depthwise_conv): ConvModule(
          (conv): Conv2d(512, 512, kernel_size=(3, 3), stride=(1, 1), padding=(12, 12), dilation=(12, 12), groups=512, bias=False)
          (bn): SyncBatchNorm(512, eps=1e-05, momentum=0.1, affine=True, track_running_stats=True)
          (activate): ReLU(inplace=True)
        )
        (pointwise_conv): ConvModule(
          (conv): Conv2d(512, 512, kernel_size=(1, 1), stride=(1, 1), bias=False)
          (bn): SyncBatchNorm(512, eps=1e-05, momentum=0.1, affine=True, track_running_stats=True)
          (activate): ReLU(inplace=True)
        )
      )
      (2): DepthwiseSeparableConvModule(
        (depthwise_conv): ConvModule(
          (conv): Conv2d(512, 512, kernel_size=(3, 3), stride=(1, 1), padding=(24, 24), dilation=(24, 24), groups=512, bias=False)
          (bn): SyncBatchNorm(512, eps=1e-05, momentum=0.1, affine=True, track_running_stats=True)
          (activate): ReLU(inplace=True)
        )
        (pointwise_conv): ConvModule(
          (conv): Conv2d(512, 512, kernel_size=(1, 1), stride=(1, 1), bias=False)
          (bn): SyncBatchNorm(512, eps=1e-05, momentum=0.1, affine=True, track_running_stats=True)
          (activate): ReLU(inplace=True)
        )
      )
      (3): DepthwiseSeparableConvModule(
        (depthwise_conv): ConvModule(
          (conv): Conv2d(512, 512, kernel_size=(3, 3), stride=(1, 1), padding=(36, 36), dilation=(36, 36), groups=512, bias=False)
          (bn): SyncBatchNorm(512, eps=1e-05, momentum=0.1, affine=True, track_running_stats=True)
          (activate): ReLU(inplace=True)
        )
        (pointwise_conv): ConvModule(
          (conv): Conv2d(512, 512, kernel_size=(1, 1), stride=(1, 1), bias=False)
          (bn): SyncBatchNorm(512, eps=1e-05, momentum=0.1, affine=True, track_running_stats=True)
          (activate): ReLU(inplace=True)
        )
      )
    )
    (bottleneck): ConvModule(
      (conv): Conv2d(2560, 512, kernel_size=(3, 3), stride=(1, 1), padding=(1, 1), bias=False)
      (bn): SyncBatchNorm(512, eps=1e-05, momentum=0.1, affine=True, track_running_stats=True)
      (activate): ReLU(inplace=True)
    )
    (sae_model): CoordSaeLayer(
      (coord_att): CoordAtt(
        (pool_h): AdaptiveAvgPool2d(output_size=(None, 1))
        (pool_w): AdaptiveAvgPool2d(output_size=(1, None))
        (conv1): Conv2d(560, 140, kernel_size=(1, 1), stride=(1, 1))
        (bn1): BatchNorm2d(140, eps=1e-05, momentum=0.1, affine=True, track_running_stats=True)
        (act): h_swish(
          (sigmoid): h_sigmoid(
            (relu): ReLU6(inplace=True)
          )
        )
        (conv_h): Conv2d(140, 560, kernel_size=(1, 1), stride=(1, 1))
        (conv_w): Conv2d(140, 560, kernel_size=(1, 1), stride=(1, 1))
      )
      (conv): Sequential(
        (0): Conv2d(560, 560, kernel_size=(3, 3), stride=(1, 1), padding=(1, 1))
        (1): BatchNorm2d(560, eps=1e-05, momentum=0.1, affine=True, track_running_stats=True)
        (2): ReLU(inplace=True)
        (3): Conv2d(560, 560, kernel_size=(3, 3), stride=(1, 1), padding=(1, 1))
        (4): BatchNorm2d(560, eps=1e-05, momentum=0.1, affine=True, track_running_stats=True)
        (5): ReLU(inplace=True)
      )
      (sae): SaELayer(
        (avg_pool): AdaptiveAvgPool2d(output_size=1)
        (fc1): Sequential(
          (0): Linear(in_features=560, out_features=140, bias=False)
          (1): ReLU(inplace=True)
        )
        (fc2): Sequential(
          (0): Linear(in_features=560, out_features=140, bias=False)
          (1): ReLU(inplace=True)
        )
        (fc3): Sequential(
          (0): Linear(in_features=560, out_features=140, bias=False)
          (1): ReLU(inplace=True)
        )
        (fc4): Sequential(
          (0): Linear(in_features=560, out_features=140, bias=False)
          (1): ReLU(inplace=True)
        )
        (fc): Sequential(
          (0): Linear(in_features=560, out_features=560, bias=False)
          (1): Sigmoid()
        )
      )
    )
    (c1_bottleneck): ConvModule(
      (conv): Conv2d(64, 48, kernel_size=(1, 1), stride=(1, 1), bias=False)
      (bn): SyncBatchNorm(48, eps=1e-05, momentum=0.1, affine=True, track_running_stats=True)
      (activate): ReLU(inplace=True)
    )
    (sep_bottleneck): Sequential(
      (0): DepthwiseSeparableConvModule(
        (depthwise_conv): ConvModule(
          (conv): Conv2d(560, 560, kernel_size=(3, 3), stride=(1, 1), padding=(1, 1), groups=560, bias=False)
          (bn): SyncBatchNorm(560, eps=1e-05, momentum=0.1, affine=True, track_running_stats=True)
          (activate): ReLU(inplace=True)
        )
        (pointwise_conv): ConvModule(
          (conv): Conv2d(560, 512, kernel_size=(1, 1), stride=(1, 1), bias=False)
          (bn): SyncBatchNorm(512, eps=1e-05, momentum=0.1, affine=True, track_running_stats=True)
          (activate): ReLU(inplace=True)
        )
      )
      (1): DepthwiseSeparableConvModule(
        (depthwise_conv): ConvModule(
          (conv): Conv2d(512, 512, kernel_size=(3, 3), stride=(1, 1), padding=(1, 1), groups=512, bias=False)
          (bn): SyncBatchNorm(512, eps=1e-05, momentum=0.1, affine=True, track_running_stats=True)
          (activate): ReLU(inplace=True)
        )
        (pointwise_conv): ConvModule(
          (conv): Conv2d(512, 512, kernel_size=(1, 1), stride=(1, 1), bias=False)
          (bn): SyncBatchNorm(512, eps=1e-05, momentum=0.1, affine=True, track_running_stats=True)
          (activate): ReLU(inplace=True)
        )
      )
    )
  )
  init_cfg={'type': 'Normal', 'std': 0.01, 'override': {'name': 'conv_seg'}}
)
2025-11-17 22:49:09,291 - mmseg - INFO - Loaded 568 images
2025-11-17 22:49:09,704 - mmseg - INFO - Loaded 64 images
2025-11-17 22:49:09,762 - mmseg - INFO - Start running, host: wuyou@wuyou-desktop, work_dir: /data/code2025/Q2/2025-11-17-02/work_dirs/deeplabv3plus_sae
2025-11-17 22:49:09,762 - mmseg - INFO - Hooks will be executed in the following order:
before_run:
(VERY_HIGH   ) PolyLrUpdaterHook                  
(NORMAL      ) CheckpointHook                     
(LOW         ) DistEvalHook                       
(VERY_LOW    ) TensorboardLoggerHook              
(VERY_LOW    ) TextLoggerHook                     
 -------------------- 
before_train_epoch:
(VERY_HIGH   ) PolyLrUpdaterHook                  
(LOW         ) IterTimerHook                      
(LOW         ) DistEvalHook                       
(VERY_LOW    ) TensorboardLoggerHook              
(VERY_LOW    ) TextLoggerHook                     
 -------------------- 
before_train_iter:
(VERY_HIGH   ) PolyLrUpdaterHook                  
(LOW         ) IterTimerHook                      
(LOW         ) DistEvalHook                       
 -------------------- 
after_train_iter:
(ABOVE_NORMAL) OptimizerHook                      
(NORMAL      ) CheckpointHook                     
(LOW         ) IterTimerHook                      
(LOW         ) DistEvalHook                       
(VERY_LOW    ) TensorboardLoggerHook              
(VERY_LOW    ) TextLoggerHook                     
 -------------------- 
after_train_epoch:
(NORMAL      ) CheckpointHook                     
(LOW         ) DistEvalHook                       
(VERY_LOW    ) TensorboardLoggerHook              
(VERY_LOW    ) TextLoggerHook                     
 -------------------- 
before_val_epoch:
(LOW         ) IterTimerHook                      
(VERY_LOW    ) TensorboardLoggerHook              
(VERY_LOW    ) TextLoggerHook                     
 -------------------- 
before_val_iter:
(LOW         ) IterTimerHook                      
 -------------------- 
after_val_iter:
(LOW         ) IterTimerHook                      
 -------------------- 
after_val_epoch:
(VERY_LOW    ) TensorboardLoggerHook              
(VERY_LOW    ) TextLoggerHook                     
 -------------------- 
after_run:
(VERY_LOW    ) TensorboardLoggerHook              
(VERY_LOW    ) TextLoggerHook                     
 -------------------- 
2025-11-17 22:49:09,763 - mmseg - INFO - workflow: [('train', 1)], max: 10000 iters
2025-11-17 22:49:09,763 - mmseg - INFO - Checkpoints will be saved to /data/code2025/Q2/2025-11-17-02/work_dirs/deeplabv3plus_sae by HardDiskBackend.
2025-11-17 22:49:27,950 - mmseg - INFO - Iter [50/10000]	lr: 9.956e-04, eta: 0:54:04, time: 0.326, data_time: 0.105, memory: 3815, decode.loss_ce: 0.1953, decode.loss_dice: 0.3888, decode.acc_seg: 96.6964, loss: 0.5841
2025-11-17 22:49:38,348 - mmseg - INFO - Iter [100/10000]	lr: 9.912e-04, eta: 0:44:03, time: 0.208, data_time: 0.006, memory: 3815, decode.loss_ce: 0.0847, decode.loss_dice: 0.2696, decode.acc_seg: 98.6604, loss: 0.3543
2025-11-17 22:49:48,785 - mmseg - INFO - Iter [150/10000]	lr: 9.867e-04, eta: 0:40:38, time: 0.209, data_time: 0.006, memory: 3815, decode.loss_ce: 0.1019, decode.loss_dice: 0.2609, decode.acc_seg: 98.5194, loss: 0.3628
2025-11-17 22:49:59,204 - mmseg - INFO - Iter [200/10000]	lr: 9.823e-04, eta: 0:38:50, time: 0.208, data_time: 0.005, memory: 3815, decode.loss_ce: 0.0904, decode.loss_dice: 0.2724, decode.acc_seg: 98.5825, loss: 0.3629
2025-11-17 22:50:09,675 - mmseg - INFO - Iter [250/10000]	lr: 9.778e-04, eta: 0:37:43, time: 0.209, data_time: 0.005, memory: 3815, decode.loss_ce: 0.1031, decode.loss_dice: 0.2676, decode.acc_seg: 98.3234, loss: 0.3707
2025-11-17 22:50:20,200 - mmseg - INFO - Iter [300/10000]	lr: 9.733e-04, eta: 0:36:56, time: 0.210, data_time: 0.006, memory: 3815, decode.loss_ce: 0.0757, decode.loss_dice: 0.2539, decode.acc_seg: 98.7643, loss: 0.3296
2025-11-17 22:50:30,710 - mmseg - INFO - Iter [350/10000]	lr: 9.688e-04, eta: 0:36:19, time: 0.210, data_time: 0.006, memory: 3815, decode.loss_ce: 0.0833, decode.loss_dice: 0.2429, decode.acc_seg: 98.7246, loss: 0.3263
2025-11-17 22:50:41,287 - mmseg - INFO - Iter [400/10000]	lr: 9.644e-04, eta: 0:35:51, time: 0.212, data_time: 0.005, memory: 3815, decode.loss_ce: 0.0877, decode.loss_dice: 0.2483, decode.acc_seg: 98.7118, loss: 0.3360
2025-11-17 22:50:51,804 - mmseg - INFO - Iter [450/10000]	lr: 9.599e-04, eta: 0:35:25, time: 0.210, data_time: 0.005, memory: 3815, decode.loss_ce: 0.0998, decode.loss_dice: 0.2683, decode.acc_seg: 98.6337, loss: 0.3682
2025-11-17 22:51:02,373 - mmseg - INFO - Iter [500/10000]	lr: 9.554e-04, eta: 0:35:03, time: 0.211, data_time: 0.005, memory: 3815, decode.loss_ce: 0.0829, decode.loss_dice: 0.2380, decode.acc_seg: 98.6398, loss: 0.3209
2025-11-17 22:51:12,927 - mmseg - INFO - Iter [550/10000]	lr: 9.509e-04, eta: 0:34:43, time: 0.211, data_time: 0.006, memory: 3815, decode.loss_ce: 0.0737, decode.loss_dice: 0.2455, decode.acc_seg: 98.8167, loss: 0.3192
2025-11-17 22:51:23,498 - mmseg - INFO - Iter [600/10000]	lr: 9.465e-04, eta: 0:34:25, time: 0.211, data_time: 0.005, memory: 3815, decode.loss_ce: 0.0898, decode.loss_dice: 0.2424, decode.acc_seg: 98.6452, loss: 0.3322
2025-11-17 22:51:34,141 - mmseg - INFO - Iter [650/10000]	lr: 9.420e-04, eta: 0:34:09, time: 0.213, data_time: 0.006, memory: 3815, decode.loss_ce: 0.0807, decode.loss_dice: 0.2444, decode.acc_seg: 98.6706, loss: 0.3251
2025-11-17 22:51:44,752 - mmseg - INFO - Iter [700/10000]	lr: 9.375e-04, eta: 0:33:54, time: 0.212, data_time: 0.006, memory: 3815, decode.loss_ce: 0.0867, decode.loss_dice: 0.2319, decode.acc_seg: 98.6238, loss: 0.3186
2025-11-17 22:51:57,526 - mmseg - INFO - Iter [750/10000]	lr: 9.330e-04, eta: 0:34:05, time: 0.255, data_time: 0.050, memory: 3815, decode.loss_ce: 0.1086, decode.loss_dice: 0.2492, decode.acc_seg: 98.4772, loss: 0.3578
2025-11-17 22:52:08,139 - mmseg - INFO - Iter [800/10000]	lr: 9.285e-04, eta: 0:33:49, time: 0.212, data_time: 0.005, memory: 3815, decode.loss_ce: 0.0915, decode.loss_dice: 0.2591, decode.acc_seg: 98.5886, loss: 0.3505
2025-11-17 22:52:18,795 - mmseg - INFO - Iter [850/10000]	lr: 9.240e-04, eta: 0:33:34, time: 0.213, data_time: 0.005, memory: 3815, decode.loss_ce: 0.0813, decode.loss_dice: 0.2229, decode.acc_seg: 98.7645, loss: 0.3042
2025-11-17 22:52:29,434 - mmseg - INFO - Iter [900/10000]	lr: 9.195e-04, eta: 0:33:19, time: 0.213, data_time: 0.005, memory: 3815, decode.loss_ce: 0.0820, decode.loss_dice: 0.2419, decode.acc_seg: 98.7185, loss: 0.3239
2025-11-17 22:52:40,081 - mmseg - INFO - Iter [950/10000]	lr: 9.150e-04, eta: 0:33:05, time: 0.213, data_time: 0.005, memory: 3815, decode.loss_ce: 0.0930, decode.loss_dice: 0.2454, decode.acc_seg: 98.5305, loss: 0.3384
2025-11-17 22:52:50,771 - mmseg - INFO - Exp name: deeplabv3plus_sae.py
2025-11-17 22:52:50,771 - mmseg - INFO - Iter [1000/10000]	lr: 9.105e-04, eta: 0:32:52, time: 0.214, data_time: 0.005, memory: 3815, decode.loss_ce: 0.0841, decode.loss_dice: 0.2370, decode.acc_seg: 98.7683, loss: 0.3212
2025-11-17 22:53:05,006 - mmseg - INFO - per class results:
2025-11-17 22:53:05,007 - mmseg - INFO - 
+------------+-------+------+-------+--------+-----------+--------+-------+
|   Class    |  IoU  | HD95 |  Acc  | Fscore | Precision | Recall |  Dice |
+------------+-------+------+-------+--------+-----------+--------+-------+
| background | 98.36 | 1.02 | 99.25 | 99.18  |    99.1   | 99.25  | 99.18 |
|   Lesion   |  59.6 | 5.37 |  73.0 | 74.68  |   76.45   |  73.0  | 74.68 |
+------------+-------+------+-------+--------+-----------+--------+-------+
2025-11-17 22:53:05,007 - mmseg - INFO - Summary:
2025-11-17 22:53:05,007 - mmseg - INFO - 
+------+-------+-------+-------+---------+------------+---------+-------+
| aAcc |  mIoU | mHD95 |  mAcc | mFscore | mPrecision | mRecall | mDice |
+------+-------+-------+-------+---------+------------+---------+-------+
| 98.4 | 78.98 |  3.2  | 86.12 |  86.93  |   87.77    |  86.12  | 86.93 |
+------+-------+-------+-------+---------+------------+---------+-------+
2025-11-17 22:53:05,010 - mmseg - INFO - Exp name: deeplabv3plus_sae.py
2025-11-17 22:53:05,010 - mmseg - INFO - Iter(val) [32]	aAcc: 0.9840, mIoU: 0.7898, mHD95: 0.0320, mAcc: 0.8612, mFscore: 0.8693, mPrecision: 0.8777, mRecall: 0.8612, mDice: 0.8693, IoU.background: 0.9836, IoU.Lesion: 0.5960, HD95.background: 0.0102, HD95.Lesion: 0.0537, Acc.background: 0.9925, Acc.Lesion: 0.7300, Fscore.background: 0.9918, Fscore.Lesion: 0.7468, Precision.background: 0.9910, Precision.Lesion: 0.7645, Recall.background: 0.9925, Recall.Lesion: 0.7300, Dice.background: 0.9918, Dice.Lesion: 0.7468
2025-11-17 22:53:15,533 - mmseg - INFO - Iter [1050/10000]	lr: 9.060e-04, eta: 0:34:38, time: 0.495, data_time: 0.290, memory: 3815, decode.loss_ce: 0.0732, decode.loss_dice: 0.2162, decode.acc_seg: 98.8063, loss: 0.2893
2025-11-17 22:53:26,125 - mmseg - INFO - Iter [1100/10000]	lr: 9.015e-04, eta: 0:34:18, time: 0.212, data_time: 0.005, memory: 3815, decode.loss_ce: 0.0840, decode.loss_dice: 0.2391, decode.acc_seg: 98.6561, loss: 0.3231
2025-11-17 22:53:36,724 - mmseg - INFO - Iter [1150/10000]	lr: 8.970e-04, eta: 0:33:59, time: 0.212, data_time: 0.005, memory: 3815, decode.loss_ce: 0.0803, decode.loss_dice: 0.2327, decode.acc_seg: 98.7269, loss: 0.3131
2025-11-17 22:53:47,405 - mmseg - INFO - Iter [1200/10000]	lr: 8.925e-04, eta: 0:33:42, time: 0.214, data_time: 0.005, memory: 3815, decode.loss_ce: 0.0752, decode.loss_dice: 0.2438, decode.acc_seg: 98.7921, loss: 0.3190
2025-11-17 22:53:58,105 - mmseg - INFO - Iter [1250/10000]	lr: 8.880e-04, eta: 0:33:25, time: 0.214, data_time: 0.005, memory: 3815, decode.loss_ce: 0.0749, decode.loss_dice: 0.2236, decode.acc_seg: 98.8509, loss: 0.2984
2025-11-17 22:54:08,735 - mmseg - INFO - Iter [1300/10000]	lr: 8.835e-04, eta: 0:33:08, time: 0.213, data_time: 0.005, memory: 3815, decode.loss_ce: 0.0731, decode.loss_dice: 0.2252, decode.acc_seg: 98.8637, loss: 0.2983
2025-11-17 22:54:19,405 - mmseg - INFO - Iter [1350/10000]	lr: 8.790e-04, eta: 0:32:51, time: 0.213, data_time: 0.005, memory: 3815, decode.loss_ce: 0.0692, decode.loss_dice: 0.2172, decode.acc_seg: 98.9499, loss: 0.2864
2025-11-17 22:54:30,029 - mmseg - INFO - Iter [1400/10000]	lr: 8.744e-04, eta: 0:32:35, time: 0.212, data_time: 0.005, memory: 3815, decode.loss_ce: 0.0749, decode.loss_dice: 0.2263, decode.acc_seg: 98.8211, loss: 0.3012
2025-11-17 22:54:42,894 - mmseg - INFO - Iter [1450/10000]	lr: 8.699e-04, eta: 0:32:33, time: 0.257, data_time: 0.050, memory: 3815, decode.loss_ce: 0.0691, decode.loss_dice: 0.2141, decode.acc_seg: 98.8152, loss: 0.2832
2025-11-17 22:54:53,583 - mmseg - INFO - Iter [1500/10000]	lr: 8.654e-04, eta: 0:32:17, time: 0.214, data_time: 0.005, memory: 3815, decode.loss_ce: 0.0815, decode.loss_dice: 0.2281, decode.acc_seg: 98.6547, loss: 0.3096
2025-11-17 22:55:04,236 - mmseg - INFO - Iter [1550/10000]	lr: 8.608e-04, eta: 0:32:02, time: 0.213, data_time: 0.005, memory: 3815, decode.loss_ce: 0.0820, decode.loss_dice: 0.2336, decode.acc_seg: 98.7399, loss: 0.3156
2025-11-17 22:55:14,893 - mmseg - INFO - Iter [1600/10000]	lr: 8.563e-04, eta: 0:31:46, time: 0.213, data_time: 0.005, memory: 3815, decode.loss_ce: 0.0666, decode.loss_dice: 0.2049, decode.acc_seg: 98.9240, loss: 0.2714
2025-11-17 22:55:25,504 - mmseg - INFO - Iter [1650/10000]	lr: 8.518e-04, eta: 0:31:31, time: 0.212, data_time: 0.005, memory: 3815, decode.loss_ce: 0.0749, decode.loss_dice: 0.2380, decode.acc_seg: 98.8057, loss: 0.3130
2025-11-17 22:55:36,130 - mmseg - INFO - Iter [1700/10000]	lr: 8.472e-04, eta: 0:31:17, time: 0.213, data_time: 0.005, memory: 3815, decode.loss_ce: 0.0737, decode.loss_dice: 0.2082, decode.acc_seg: 98.8838, loss: 0.2819
2025-11-17 22:55:46,758 - mmseg - INFO - Iter [1750/10000]	lr: 8.427e-04, eta: 0:31:02, time: 0.213, data_time: 0.005, memory: 3815, decode.loss_ce: 0.0604, decode.loss_dice: 0.2168, decode.acc_seg: 99.0430, loss: 0.2772
2025-11-17 22:55:57,401 - mmseg - INFO - Iter [1800/10000]	lr: 8.382e-04, eta: 0:30:48, time: 0.213, data_time: 0.005, memory: 3815, decode.loss_ce: 0.0907, decode.loss_dice: 0.2515, decode.acc_seg: 98.4842, loss: 0.3423
2025-11-17 22:56:08,054 - mmseg - INFO - Iter [1850/10000]	lr: 8.336e-04, eta: 0:30:34, time: 0.213, data_time: 0.005, memory: 3815, decode.loss_ce: 0.0701, decode.loss_dice: 0.2314, decode.acc_seg: 98.8874, loss: 0.3015
2025-11-17 22:56:18,820 - mmseg - INFO - Iter [1900/10000]	lr: 8.291e-04, eta: 0:30:21, time: 0.215, data_time: 0.005, memory: 3815, decode.loss_ce: 0.0726, decode.loss_dice: 0.2082, decode.acc_seg: 98.7182, loss: 0.2808
2025-11-17 22:56:29,521 - mmseg - INFO - Iter [1950/10000]	lr: 8.245e-04, eta: 0:30:07, time: 0.214, data_time: 0.005, memory: 3815, decode.loss_ce: 0.0790, decode.loss_dice: 0.2328, decode.acc_seg: 98.7515, loss: 0.3118
2025-11-17 22:56:40,112 - mmseg - INFO - Exp name: deeplabv3plus_sae.py
2025-11-17 22:56:40,113 - mmseg - INFO - Iter [2000/10000]	lr: 8.200e-04, eta: 0:29:53, time: 0.212, data_time: 0.005, memory: 3815, decode.loss_ce: 0.0741, decode.loss_dice: 0.2263, decode.acc_seg: 98.6929, loss: 0.3004
2025-11-17 22:56:49,379 - mmseg - INFO - per class results:
2025-11-17 22:56:49,379 - mmseg - INFO - 
+------------+-------+------+-------+--------+-----------+--------+-------+
|   Class    |  IoU  | HD95 |  Acc  | Fscore | Precision | Recall |  Dice |
+------------+-------+------+-------+--------+-----------+--------+-------+
| background | 98.14 | 1.14 | 99.76 | 99.06  |   98.38   | 99.76  | 99.06 |
|   Lesion   | 47.22 | 9.11 | 50.59 | 64.15  |   87.61   | 50.59  | 64.15 |
+------------+-------+------+-------+--------+-----------+--------+-------+
2025-11-17 22:56:49,379 - mmseg - INFO - Summary:
2025-11-17 22:56:49,380 - mmseg - INFO - 
+-------+-------+-------+-------+---------+------------+---------+-------+
|  aAcc |  mIoU | mHD95 |  mAcc | mFscore | mPrecision | mRecall | mDice |
+-------+-------+-------+-------+---------+------------+---------+-------+
| 98.17 | 72.68 |  5.13 | 75.18 |   81.6  |   92.99    |  75.18  |  81.6 |
+-------+-------+-------+-------+---------+------------+---------+-------+
2025-11-17 22:56:49,382 - mmseg - INFO - Exp name: deeplabv3plus_sae.py
2025-11-17 22:56:49,382 - mmseg - INFO - Iter(val) [32]	aAcc: 0.9817, mIoU: 0.7268, mHD95: 0.0513, mAcc: 0.7518, mFscore: 0.8160, mPrecision: 0.9299, mRecall: 0.7518, mDice: 0.8160, IoU.background: 0.9814, IoU.Lesion: 0.4722, HD95.background: 0.0114, HD95.Lesion: 0.0911, Acc.background: 0.9976, Acc.Lesion: 0.5059, Fscore.background: 0.9906, Fscore.Lesion: 0.6415, Precision.background: 0.9838, Precision.Lesion: 0.8761, Recall.background: 0.9976, Recall.Lesion: 0.5059, Dice.background: 0.9906, Dice.Lesion: 0.6415
2025-11-17 22:56:59,968 - mmseg - INFO - Iter [2050/10000]	lr: 8.154e-04, eta: 0:30:16, time: 0.397, data_time: 0.191, memory: 3815, decode.loss_ce: 0.0853, decode.loss_dice: 0.2259, decode.acc_seg: 98.6995, loss: 0.3112
2025-11-17 22:57:10,573 - mmseg - INFO - Iter [2100/10000]	lr: 8.108e-04, eta: 0:30:01, time: 0.212, data_time: 0.005, memory: 3815, decode.loss_ce: 0.0786, decode.loss_dice: 0.2279, decode.acc_seg: 98.7761, loss: 0.3065
2025-11-17 22:57:23,340 - mmseg - INFO - Iter [2150/10000]	lr: 8.063e-04, eta: 0:29:55, time: 0.255, data_time: 0.050, memory: 3815, decode.loss_ce: 0.0658, decode.loss_dice: 0.2198, decode.acc_seg: 98.9178, loss: 0.2857
2025-11-17 22:57:33,937 - mmseg - INFO - Iter [2200/10000]	lr: 8.017e-04, eta: 0:29:40, time: 0.212, data_time: 0.005, memory: 3815, decode.loss_ce: 0.0809, decode.loss_dice: 0.2299, decode.acc_seg: 98.5822, loss: 0.3108
2025-11-17 22:57:44,581 - mmseg - INFO - Iter [2250/10000]	lr: 7.971e-04, eta: 0:29:26, time: 0.213, data_time: 0.005, memory: 3815, decode.loss_ce: 0.0794, decode.loss_dice: 0.2236, decode.acc_seg: 98.7650, loss: 0.3030
2025-11-17 22:57:55,232 - mmseg - INFO - Iter [2300/10000]	lr: 7.926e-04, eta: 0:29:12, time: 0.213, data_time: 0.005, memory: 3815, decode.loss_ce: 0.0582, decode.loss_dice: 0.2092, decode.acc_seg: 99.0440, loss: 0.2674
2025-11-17 22:58:05,899 - mmseg - INFO - Iter [2350/10000]	lr: 7.880e-04, eta: 0:28:59, time: 0.213, data_time: 0.005, memory: 3815, decode.loss_ce: 0.0778, decode.loss_dice: 0.2046, decode.acc_seg: 98.6966, loss: 0.2824
2025-11-17 22:58:16,546 - mmseg - INFO - Iter [2400/10000]	lr: 7.834e-04, eta: 0:28:45, time: 0.213, data_time: 0.005, memory: 3815, decode.loss_ce: 0.0735, decode.loss_dice: 0.2153, decode.acc_seg: 98.8078, loss: 0.2887
2025-11-17 22:58:27,082 - mmseg - INFO - Iter [2450/10000]	lr: 7.788e-04, eta: 0:28:31, time: 0.211, data_time: 0.005, memory: 3815, decode.loss_ce: 0.0716, decode.loss_dice: 0.2112, decode.acc_seg: 98.7851, loss: 0.2828
2025-11-17 22:58:37,715 - mmseg - INFO - Iter [2500/10000]	lr: 7.743e-04, eta: 0:28:18, time: 0.213, data_time: 0.005, memory: 3815, decode.loss_ce: 0.0666, decode.loss_dice: 0.2147, decode.acc_seg: 98.9267, loss: 0.2813
2025-11-17 22:58:48,321 - mmseg - INFO - Iter [2550/10000]	lr: 7.697e-04, eta: 0:28:04, time: 0.212, data_time: 0.005, memory: 3815, decode.loss_ce: 0.0666, decode.loss_dice: 0.1995, decode.acc_seg: 98.8949, loss: 0.2661
2025-11-17 22:58:58,968 - mmseg - INFO - Iter [2600/10000]	lr: 7.651e-04, eta: 0:27:51, time: 0.213, data_time: 0.005, memory: 3815, decode.loss_ce: 0.0753, decode.loss_dice: 0.2093, decode.acc_seg: 98.7798, loss: 0.2846
2025-11-17 22:59:09,573 - mmseg - INFO - Iter [2650/10000]	lr: 7.605e-04, eta: 0:27:38, time: 0.212, data_time: 0.005, memory: 3815, decode.loss_ce: 0.0657, decode.loss_dice: 0.2158, decode.acc_seg: 98.9983, loss: 0.2815
2025-11-17 22:59:20,236 - mmseg - INFO - Iter [2700/10000]	lr: 7.559e-04, eta: 0:27:25, time: 0.213, data_time: 0.005, memory: 3815, decode.loss_ce: 0.0701, decode.loss_dice: 0.2262, decode.acc_seg: 98.8165, loss: 0.2963
2025-11-17 22:59:30,888 - mmseg - INFO - Iter [2750/10000]	lr: 7.513e-04, eta: 0:27:12, time: 0.213, data_time: 0.005, memory: 3815, decode.loss_ce: 0.0903, decode.loss_dice: 0.2301, decode.acc_seg: 98.5733, loss: 0.3204
2025-11-17 22:59:41,489 - mmseg - INFO - Iter [2800/10000]	lr: 7.467e-04, eta: 0:26:59, time: 0.212, data_time: 0.005, memory: 3815, decode.loss_ce: 0.0758, decode.loss_dice: 0.2196, decode.acc_seg: 98.7181, loss: 0.2954
2025-11-17 22:59:54,283 - mmseg - INFO - Iter [2850/10000]	lr: 7.421e-04, eta: 0:26:52, time: 0.256, data_time: 0.050, memory: 3815, decode.loss_ce: 0.0574, decode.loss_dice: 0.1997, decode.acc_seg: 99.0387, loss: 0.2571
2025-11-17 23:00:04,857 - mmseg - INFO - Iter [2900/10000]	lr: 7.375e-04, eta: 0:26:39, time: 0.211, data_time: 0.005, memory: 3815, decode.loss_ce: 0.0796, decode.loss_dice: 0.2225, decode.acc_seg: 98.7153, loss: 0.3021
2025-11-17 23:00:15,432 - mmseg - INFO - Iter [2950/10000]	lr: 7.329e-04, eta: 0:26:26, time: 0.212, data_time: 0.005, memory: 3815, decode.loss_ce: 0.0645, decode.loss_dice: 0.2188, decode.acc_seg: 98.9244, loss: 0.2834
2025-11-17 23:00:25,934 - mmseg - INFO - Exp name: deeplabv3plus_sae.py
2025-11-17 23:00:25,934 - mmseg - INFO - Iter [3000/10000]	lr: 7.283e-04, eta: 0:26:13, time: 0.210, data_time: 0.005, memory: 3815, decode.loss_ce: 0.0642, decode.loss_dice: 0.2004, decode.acc_seg: 99.0077, loss: 0.2645
2025-11-17 23:00:35,158 - mmseg - INFO - per class results:
2025-11-17 23:00:35,159 - mmseg - INFO - 
+------------+-------+------+-------+--------+-----------+--------+-------+
|   Class    |  IoU  | HD95 |  Acc  | Fscore | Precision | Recall |  Dice |
+------------+-------+------+-------+--------+-----------+--------+-------+
| background | 98.05 | 1.17 |  99.8 | 99.01  |   98.24   |  99.8  | 99.01 |
|   Lesion   | 43.76 | 9.81 | 46.35 | 60.88  |   88.69   | 46.35  | 60.88 |
+------------+-------+------+-------+--------+-----------+--------+-------+
2025-11-17 23:00:35,159 - mmseg - INFO - Summary:
2025-11-17 23:00:35,159 - mmseg - INFO - 
+-------+-------+-------+-------+---------+------------+---------+-------+
|  aAcc |  mIoU | mHD95 |  mAcc | mFscore | mPrecision | mRecall | mDice |
+-------+-------+-------+-------+---------+------------+---------+-------+
| 98.08 | 70.91 |  5.49 | 73.08 |  79.95  |   93.46    |  73.08  | 79.95 |
+-------+-------+-------+-------+---------+------------+---------+-------+
2025-11-17 23:00:35,162 - mmseg - INFO - Exp name: deeplabv3plus_sae.py
2025-11-17 23:00:35,162 - mmseg - INFO - Iter(val) [32]	aAcc: 0.9808, mIoU: 0.7091, mHD95: 0.0549, mAcc: 0.7308, mFscore: 0.7995, mPrecision: 0.9346, mRecall: 0.7308, mDice: 0.7995, IoU.background: 0.9805, IoU.Lesion: 0.4376, HD95.background: 0.0117, HD95.Lesion: 0.0981, Acc.background: 0.9980, Acc.Lesion: 0.4635, Fscore.background: 0.9901, Fscore.Lesion: 0.6088, Precision.background: 0.9824, Precision.Lesion: 0.8869, Recall.background: 0.9980, Recall.Lesion: 0.4635, Dice.background: 0.9901, Dice.Lesion: 0.6088
2025-11-17 23:00:45,655 - mmseg - INFO - Iter [3050/10000]	lr: 7.236e-04, eta: 0:26:21, time: 0.394, data_time: 0.190, memory: 3815, decode.loss_ce: 0.0847, decode.loss_dice: 0.2270, decode.acc_seg: 98.5978, loss: 0.3117
2025-11-17 23:00:56,146 - mmseg - INFO - Iter [3100/10000]	lr: 7.190e-04, eta: 0:26:08, time: 0.210, data_time: 0.005, memory: 3815, decode.loss_ce: 0.0648, decode.loss_dice: 0.2040, decode.acc_seg: 98.9542, loss: 0.2688
2025-11-17 23:01:06,711 - mmseg - INFO - Iter [3150/10000]	lr: 7.144e-04, eta: 0:25:54, time: 0.211, data_time: 0.005, memory: 3815, decode.loss_ce: 0.0737, decode.loss_dice: 0.2248, decode.acc_seg: 98.8602, loss: 0.2985
2025-11-17 23:01:17,283 - mmseg - INFO - Iter [3200/10000]	lr: 7.098e-04, eta: 0:25:41, time: 0.211, data_time: 0.005, memory: 3815, decode.loss_ce: 0.0795, decode.loss_dice: 0.2178, decode.acc_seg: 98.7971, loss: 0.2973
2025-11-17 23:01:27,854 - mmseg - INFO - Iter [3250/10000]	lr: 7.051e-04, eta: 0:25:28, time: 0.211, data_time: 0.005, memory: 3815, decode.loss_ce: 0.0655, decode.loss_dice: 0.2143, decode.acc_seg: 98.9352, loss: 0.2797
2025-11-17 23:01:38,361 - mmseg - INFO - Iter [3300/10000]	lr: 7.005e-04, eta: 0:25:16, time: 0.210, data_time: 0.005, memory: 3815, decode.loss_ce: 0.0609, decode.loss_dice: 0.2075, decode.acc_seg: 98.9426, loss: 0.2684
2025-11-17 23:01:48,963 - mmseg - INFO - Iter [3350/10000]	lr: 6.959e-04, eta: 0:25:03, time: 0.212, data_time: 0.005, memory: 3815, decode.loss_ce: 0.0649, decode.loss_dice: 0.2038, decode.acc_seg: 98.9005, loss: 0.2687
2025-11-17 23:01:59,750 - mmseg - INFO - Iter [3400/10000]	lr: 6.912e-04, eta: 0:24:50, time: 0.216, data_time: 0.005, memory: 3815, decode.loss_ce: 0.0624, decode.loss_dice: 0.1905, decode.acc_seg: 99.0623, loss: 0.2529
2025-11-17 23:02:10,387 - mmseg - INFO - Iter [3450/10000]	lr: 6.866e-04, eta: 0:24:38, time: 0.213, data_time: 0.005, memory: 3815, decode.loss_ce: 0.0728, decode.loss_dice: 0.2108, decode.acc_seg: 98.8755, loss: 0.2837
2025-11-17 23:02:20,910 - mmseg - INFO - Iter [3500/10000]	lr: 6.819e-04, eta: 0:24:25, time: 0.210, data_time: 0.005, memory: 3815, decode.loss_ce: 0.0814, decode.loss_dice: 0.2165, decode.acc_seg: 98.5529, loss: 0.2980
2025-11-17 23:02:31,516 - mmseg - INFO - Iter [3550/10000]	lr: 6.773e-04, eta: 0:24:13, time: 0.212, data_time: 0.005, memory: 3815, decode.loss_ce: 0.0738, decode.loss_dice: 0.2160, decode.acc_seg: 98.7927, loss: 0.2899
2025-11-17 23:02:44,264 - mmseg - INFO - Iter [3600/10000]	lr: 6.726e-04, eta: 0:24:04, time: 0.255, data_time: 0.049, memory: 3815, decode.loss_ce: 0.0734, decode.loss_dice: 0.2097, decode.acc_seg: 98.8572, loss: 0.2831
2025-11-17 23:02:54,831 - mmseg - INFO - Iter [3650/10000]	lr: 6.680e-04, eta: 0:23:52, time: 0.211, data_time: 0.005, memory: 3815, decode.loss_ce: 0.0760, decode.loss_dice: 0.2161, decode.acc_seg: 98.7510, loss: 0.2921
2025-11-17 23:03:05,341 - mmseg - INFO - Iter [3700/10000]	lr: 6.633e-04, eta: 0:23:39, time: 0.210, data_time: 0.005, memory: 3815, decode.loss_ce: 0.0628, decode.loss_dice: 0.1990, decode.acc_seg: 99.0137, loss: 0.2617
2025-11-17 23:03:15,883 - mmseg - INFO - Iter [3750/10000]	lr: 6.586e-04, eta: 0:23:27, time: 0.211, data_time: 0.005, memory: 3815, decode.loss_ce: 0.0558, decode.loss_dice: 0.1921, decode.acc_seg: 99.0779, loss: 0.2479
2025-11-17 23:03:26,460 - mmseg - INFO - Iter [3800/10000]	lr: 6.539e-04, eta: 0:23:14, time: 0.212, data_time: 0.005, memory: 3815, decode.loss_ce: 0.0776, decode.loss_dice: 0.2047, decode.acc_seg: 98.7597, loss: 0.2823
2025-11-17 23:03:37,029 - mmseg - INFO - Iter [3850/10000]	lr: 6.493e-04, eta: 0:23:02, time: 0.211, data_time: 0.005, memory: 3815, decode.loss_ce: 0.0729, decode.loss_dice: 0.2000, decode.acc_seg: 98.8498, loss: 0.2728
2025-11-17 23:03:47,631 - mmseg - INFO - Iter [3900/10000]	lr: 6.446e-04, eta: 0:22:50, time: 0.212, data_time: 0.006, memory: 3815, decode.loss_ce: 0.0638, decode.loss_dice: 0.1979, decode.acc_seg: 98.9822, loss: 0.2617
2025-11-17 23:03:58,175 - mmseg - INFO - Iter [3950/10000]	lr: 6.399e-04, eta: 0:22:37, time: 0.211, data_time: 0.005, memory: 3815, decode.loss_ce: 0.0612, decode.loss_dice: 0.2025, decode.acc_seg: 98.9527, loss: 0.2637
2025-11-17 23:04:08,671 - mmseg - INFO - Exp name: deeplabv3plus_sae.py
2025-11-17 23:04:08,671 - mmseg - INFO - Iter [4000/10000]	lr: 6.352e-04, eta: 0:22:25, time: 0.210, data_time: 0.005, memory: 3815, decode.loss_ce: 0.0608, decode.loss_dice: 0.1954, decode.acc_seg: 98.9450, loss: 0.2563
2025-11-17 23:04:17,832 - mmseg - INFO - per class results:
2025-11-17 23:04:17,833 - mmseg - INFO - 
+------------+-------+------+-------+--------+-----------+--------+-------+
|   Class    |  IoU  | HD95 |  Acc  | Fscore | Precision | Recall |  Dice |
+------------+-------+------+-------+--------+-----------+--------+-------+
| background | 98.36 | 1.08 | 99.58 | 99.17  |   98.76   | 99.58  | 99.17 |
|   Lesion   | 55.65 | 7.1  | 62.61 | 71.51  |   83.35   | 62.61  | 71.51 |
+------------+-------+------+-------+--------+-----------+--------+-------+
2025-11-17 23:04:17,833 - mmseg - INFO - Summary:
2025-11-17 23:04:17,833 - mmseg - INFO - 
+-------+------+-------+------+---------+------------+---------+-------+
|  aAcc | mIoU | mHD95 | mAcc | mFscore | mPrecision | mRecall | mDice |
+-------+------+-------+------+---------+------------+---------+-------+
| 98.39 | 77.0 |  4.09 | 81.1 |  85.34  |   91.06    |   81.1  | 85.34 |
+-------+------+-------+------+---------+------------+---------+-------+
2025-11-17 23:04:17,836 - mmseg - INFO - Exp name: deeplabv3plus_sae.py
2025-11-17 23:04:17,836 - mmseg - INFO - Iter(val) [32]	aAcc: 0.9839, mIoU: 0.7700, mHD95: 0.0409, mAcc: 0.8110, mFscore: 0.8534, mPrecision: 0.9106, mRecall: 0.8110, mDice: 0.8534, IoU.background: 0.9836, IoU.Lesion: 0.5565, HD95.background: 0.0108, HD95.Lesion: 0.0710, Acc.background: 0.9958, Acc.Lesion: 0.6261, Fscore.background: 0.9917, Fscore.Lesion: 0.7151, Precision.background: 0.9876, Precision.Lesion: 0.8335, Recall.background: 0.9958, Recall.Lesion: 0.6261, Dice.background: 0.9917, Dice.Lesion: 0.7151
2025-11-17 23:04:28,313 - mmseg - INFO - Iter [4050/10000]	lr: 6.305e-04, eta: 0:22:26, time: 0.393, data_time: 0.189, memory: 3815, decode.loss_ce: 0.0709, decode.loss_dice: 0.2076, decode.acc_seg: 98.8632, loss: 0.2785
2025-11-17 23:04:38,849 - mmseg - INFO - Iter [4100/10000]	lr: 6.258e-04, eta: 0:22:14, time: 0.211, data_time: 0.006, memory: 3815, decode.loss_ce: 0.0686, decode.loss_dice: 0.2149, decode.acc_seg: 98.8036, loss: 0.2835
2025-11-17 23:04:49,340 - mmseg - INFO - Iter [4150/10000]	lr: 6.211e-04, eta: 0:22:01, time: 0.210, data_time: 0.005, memory: 3815, decode.loss_ce: 0.0712, decode.loss_dice: 0.2101, decode.acc_seg: 98.8525, loss: 0.2814
2025-11-17 23:04:59,832 - mmseg - INFO - Iter [4200/10000]	lr: 6.164e-04, eta: 0:21:49, time: 0.210, data_time: 0.005, memory: 3815, decode.loss_ce: 0.0756, decode.loss_dice: 0.2126, decode.acc_seg: 98.6791, loss: 0.2882
2025-11-17 23:05:10,375 - mmseg - INFO - Iter [4250/10000]	lr: 6.117e-04, eta: 0:21:37, time: 0.211, data_time: 0.005, memory: 3815, decode.loss_ce: 0.0673, decode.loss_dice: 0.2235, decode.acc_seg: 98.9286, loss: 0.2908
2025-11-17 23:05:23,080 - mmseg - INFO - Iter [4300/10000]	lr: 6.070e-04, eta: 0:21:27, time: 0.254, data_time: 0.050, memory: 3815, decode.loss_ce: 0.0760, decode.loss_dice: 0.2070, decode.acc_seg: 98.7820, loss: 0.2830
2025-11-17 23:05:33,575 - mmseg - INFO - Iter [4350/10000]	lr: 6.023e-04, eta: 0:21:15, time: 0.210, data_time: 0.005, memory: 3815, decode.loss_ce: 0.0695, decode.loss_dice: 0.1975, decode.acc_seg: 98.8882, loss: 0.2670
2025-11-17 23:05:44,045 - mmseg - INFO - Iter [4400/10000]	lr: 5.976e-04, eta: 0:21:03, time: 0.209, data_time: 0.005, memory: 3815, decode.loss_ce: 0.0732, decode.loss_dice: 0.2090, decode.acc_seg: 98.8280, loss: 0.2822
2025-11-17 23:05:54,489 - mmseg - INFO - Iter [4450/10000]	lr: 5.929e-04, eta: 0:20:50, time: 0.209, data_time: 0.005, memory: 3815, decode.loss_ce: 0.0679, decode.loss_dice: 0.2005, decode.acc_seg: 98.8853, loss: 0.2684
2025-11-17 23:06:04,973 - mmseg - INFO - Iter [4500/10000]	lr: 5.881e-04, eta: 0:20:38, time: 0.210, data_time: 0.005, memory: 3815, decode.loss_ce: 0.0526, decode.loss_dice: 0.1871, decode.acc_seg: 99.0994, loss: 0.2397
2025-11-17 23:06:15,439 - mmseg - INFO - Iter [4550/10000]	lr: 5.834e-04, eta: 0:20:26, time: 0.209, data_time: 0.005, memory: 3815, decode.loss_ce: 0.0772, decode.loss_dice: 0.2253, decode.acc_seg: 98.7742, loss: 0.3026
2025-11-17 23:06:25,955 - mmseg - INFO - Iter [4600/10000]	lr: 5.787e-04, eta: 0:20:14, time: 0.210, data_time: 0.005, memory: 3815, decode.loss_ce: 0.0622, decode.loss_dice: 0.2041, decode.acc_seg: 99.0197, loss: 0.2663
2025-11-17 23:06:36,419 - mmseg - INFO - Iter [4650/10000]	lr: 5.739e-04, eta: 0:20:02, time: 0.209, data_time: 0.005, memory: 3815, decode.loss_ce: 0.0613, decode.loss_dice: 0.1907, decode.acc_seg: 98.9646, loss: 0.2520
2025-11-17 23:06:46,901 - mmseg - INFO - Iter [4700/10000]	lr: 5.692e-04, eta: 0:19:49, time: 0.210, data_time: 0.005, memory: 3815, decode.loss_ce: 0.0568, decode.loss_dice: 0.1900, decode.acc_seg: 99.0443, loss: 0.2469
2025-11-17 23:06:57,415 - mmseg - INFO - Iter [4750/10000]	lr: 5.644e-04, eta: 0:19:37, time: 0.210, data_time: 0.005, memory: 3815, decode.loss_ce: 0.0670, decode.loss_dice: 0.1952, decode.acc_seg: 98.9579, loss: 0.2622
2025-11-17 23:07:07,863 - mmseg - INFO - Iter [4800/10000]	lr: 5.597e-04, eta: 0:19:25, time: 0.209, data_time: 0.005, memory: 3815, decode.loss_ce: 0.0654, decode.loss_dice: 0.1946, decode.acc_seg: 98.8988, loss: 0.2599
2025-11-17 23:07:18,352 - mmseg - INFO - Iter [4850/10000]	lr: 5.549e-04, eta: 0:19:13, time: 0.210, data_time: 0.005, memory: 3815, decode.loss_ce: 0.0645, decode.loss_dice: 0.1903, decode.acc_seg: 98.9014, loss: 0.2548
2025-11-17 23:07:28,834 - mmseg - INFO - Iter [4900/10000]	lr: 5.502e-04, eta: 0:19:01, time: 0.210, data_time: 0.005, memory: 3815, decode.loss_ce: 0.0551, decode.loss_dice: 0.1962, decode.acc_seg: 99.0443, loss: 0.2513
2025-11-17 23:07:39,210 - mmseg - INFO - Iter [4950/10000]	lr: 5.454e-04, eta: 0:18:49, time: 0.208, data_time: 0.005, memory: 3815, decode.loss_ce: 0.0763, decode.loss_dice: 0.2165, decode.acc_seg: 98.6466, loss: 0.2927
2025-11-17 23:07:51,837 - mmseg - INFO - Exp name: deeplabv3plus_sae.py
2025-11-17 23:07:51,837 - mmseg - INFO - Iter [5000/10000]	lr: 5.406e-04, eta: 0:18:40, time: 0.253, data_time: 0.049, memory: 3815, decode.loss_ce: 0.0677, decode.loss_dice: 0.1898, decode.acc_seg: 98.9172, loss: 0.2575
2025-11-17 23:08:00,695 - mmseg - INFO - per class results:
2025-11-17 23:08:00,696 - mmseg - INFO - 
+------------+-------+------+-------+--------+-----------+--------+-------+
|   Class    |  IoU  | HD95 |  Acc  | Fscore | Precision | Recall |  Dice |
+------------+-------+------+-------+--------+-----------+--------+-------+
| background | 98.41 | 1.09 | 99.71 |  99.2  |    98.7   | 99.71  |  99.2 |
|   Lesion   | 55.68 | 7.45 | 60.52 | 71.53  |   87.43   | 60.52  | 71.53 |
+------------+-------+------+-------+--------+-----------+--------+-------+
2025-11-17 23:08:00,696 - mmseg - INFO - Summary:
2025-11-17 23:08:00,697 - mmseg - INFO - 
+-------+-------+-------+-------+---------+------------+---------+-------+
|  aAcc |  mIoU | mHD95 |  mAcc | mFscore | mPrecision | mRecall | mDice |
+-------+-------+-------+-------+---------+------------+---------+-------+
| 98.45 | 77.04 |  4.27 | 80.11 |  85.36  |   93.07    |  80.11  | 85.36 |
+-------+-------+-------+-------+---------+------------+---------+-------+
2025-11-17 23:08:00,700 - mmseg - INFO - Exp name: deeplabv3plus_sae.py
2025-11-17 23:08:00,700 - mmseg - INFO - Iter(val) [32]	aAcc: 0.9845, mIoU: 0.7704, mHD95: 0.0427, mAcc: 0.8011, mFscore: 0.8536, mPrecision: 0.9307, mRecall: 0.8011, mDice: 0.8536, IoU.background: 0.9841, IoU.Lesion: 0.5568, HD95.background: 0.0109, HD95.Lesion: 0.0745, Acc.background: 0.9971, Acc.Lesion: 0.6052, Fscore.background: 0.9920, Fscore.Lesion: 0.7153, Precision.background: 0.9870, Precision.Lesion: 0.8743, Recall.background: 0.9971, Recall.Lesion: 0.6052, Dice.background: 0.9920, Dice.Lesion: 0.7153
2025-11-17 23:08:11,048 - mmseg - INFO - Iter [5050/10000]	lr: 5.358e-04, eta: 0:18:36, time: 0.384, data_time: 0.182, memory: 3815, decode.loss_ce: 0.0570, decode.loss_dice: 0.2071, decode.acc_seg: 99.1110, loss: 0.2641
2025-11-17 23:08:21,387 - mmseg - INFO - Iter [5100/10000]	lr: 5.311e-04, eta: 0:18:24, time: 0.207, data_time: 0.005, memory: 3815, decode.loss_ce: 0.0559, decode.loss_dice: 0.1860, decode.acc_seg: 99.1103, loss: 0.2418
2025-11-17 23:08:31,785 - mmseg - INFO - Iter [5150/10000]	lr: 5.263e-04, eta: 0:18:12, time: 0.208, data_time: 0.005, memory: 3815, decode.loss_ce: 0.0663, decode.loss_dice: 0.1953, decode.acc_seg: 98.9172, loss: 0.2617
2025-11-17 23:08:42,173 - mmseg - INFO - Iter [5200/10000]	lr: 5.215e-04, eta: 0:18:00, time: 0.208, data_time: 0.005, memory: 3815, decode.loss_ce: 0.0622, decode.loss_dice: 0.2042, decode.acc_seg: 98.9789, loss: 0.2664
2025-11-17 23:08:52,586 - mmseg - INFO - Iter [5250/10000]	lr: 5.167e-04, eta: 0:17:48, time: 0.208, data_time: 0.005, memory: 3815, decode.loss_ce: 0.0704, decode.loss_dice: 0.2000, decode.acc_seg: 98.8599, loss: 0.2703
2025-11-17 23:09:02,955 - mmseg - INFO - Iter [5300/10000]	lr: 5.119e-04, eta: 0:17:36, time: 0.207, data_time: 0.005, memory: 3815, decode.loss_ce: 0.0682, decode.loss_dice: 0.1995, decode.acc_seg: 98.8040, loss: 0.2676
2025-11-17 23:09:13,375 - mmseg - INFO - Iter [5350/10000]	lr: 5.071e-04, eta: 0:17:24, time: 0.208, data_time: 0.005, memory: 3815, decode.loss_ce: 0.0670, decode.loss_dice: 0.2002, decode.acc_seg: 98.9040, loss: 0.2672
2025-11-17 23:09:23,802 - mmseg - INFO - Iter [5400/10000]	lr: 5.023e-04, eta: 0:17:12, time: 0.209, data_time: 0.005, memory: 3815, decode.loss_ce: 0.0633, decode.loss_dice: 0.1921, decode.acc_seg: 98.9678, loss: 0.2554
2025-11-17 23:09:34,178 - mmseg - INFO - Iter [5450/10000]	lr: 4.975e-04, eta: 0:17:00, time: 0.208, data_time: 0.005, memory: 3815, decode.loss_ce: 0.0749, decode.loss_dice: 0.2087, decode.acc_seg: 98.7090, loss: 0.2836
2025-11-17 23:09:44,562 - mmseg - INFO - Iter [5500/10000]	lr: 4.926e-04, eta: 0:16:48, time: 0.208, data_time: 0.005, memory: 3815, decode.loss_ce: 0.0643, decode.loss_dice: 0.1982, decode.acc_seg: 98.9237, loss: 0.2625
2025-11-17 23:09:54,972 - mmseg - INFO - Iter [5550/10000]	lr: 4.878e-04, eta: 0:16:36, time: 0.208, data_time: 0.005, memory: 3815, decode.loss_ce: 0.0798, decode.loss_dice: 0.2122, decode.acc_seg: 98.6785, loss: 0.2921
2025-11-17 23:10:05,428 - mmseg - INFO - Iter [5600/10000]	lr: 4.830e-04, eta: 0:16:25, time: 0.209, data_time: 0.005, memory: 3815, decode.loss_ce: 0.0716, decode.loss_dice: 0.1986, decode.acc_seg: 98.8217, loss: 0.2702
2025-11-17 23:10:15,827 - mmseg - INFO - Iter [5650/10000]	lr: 4.781e-04, eta: 0:16:13, time: 0.208, data_time: 0.005, memory: 3815, decode.loss_ce: 0.0590, decode.loss_dice: 0.1989, decode.acc_seg: 99.0426, loss: 0.2579
2025-11-17 23:10:28,476 - mmseg - INFO - Iter [5700/10000]	lr: 4.733e-04, eta: 0:16:03, time: 0.253, data_time: 0.049, memory: 3815, decode.loss_ce: 0.0545, decode.loss_dice: 0.1946, decode.acc_seg: 99.1554, loss: 0.2491
2025-11-17 23:10:38,868 - mmseg - INFO - Iter [5750/10000]	lr: 4.684e-04, eta: 0:15:51, time: 0.208, data_time: 0.005, memory: 3815, decode.loss_ce: 0.0658, decode.loss_dice: 0.1970, decode.acc_seg: 98.9614, loss: 0.2629
2025-11-17 23:10:49,262 - mmseg - INFO - Iter [5800/10000]	lr: 4.636e-04, eta: 0:15:39, time: 0.208, data_time: 0.005, memory: 3815, decode.loss_ce: 0.0505, decode.loss_dice: 0.1803, decode.acc_seg: 99.1683, loss: 0.2309
2025-11-17 23:10:59,674 - mmseg - INFO - Iter [5850/10000]	lr: 4.587e-04, eta: 0:15:27, time: 0.208, data_time: 0.005, memory: 3815, decode.loss_ce: 0.0687, decode.loss_dice: 0.1914, decode.acc_seg: 98.8118, loss: 0.2601
2025-11-17 23:11:10,068 - mmseg - INFO - Iter [5900/10000]	lr: 4.538e-04, eta: 0:15:16, time: 0.208, data_time: 0.005, memory: 3815, decode.loss_ce: 0.0671, decode.loss_dice: 0.2091, decode.acc_seg: 98.9458, loss: 0.2762
2025-11-17 23:11:20,453 - mmseg - INFO - Iter [5950/10000]	lr: 4.490e-04, eta: 0:15:04, time: 0.208, data_time: 0.005, memory: 3815, decode.loss_ce: 0.0664, decode.loss_dice: 0.2054, decode.acc_seg: 98.8958, loss: 0.2718
2025-11-17 23:11:30,809 - mmseg - INFO - Exp name: deeplabv3plus_sae.py
2025-11-17 23:11:30,809 - mmseg - INFO - Iter [6000/10000]	lr: 4.441e-04, eta: 0:14:52, time: 0.207, data_time: 0.005, memory: 3815, decode.loss_ce: 0.0586, decode.loss_dice: 0.1868, decode.acc_seg: 99.0894, loss: 0.2454
2025-11-17 23:11:39,701 - mmseg - INFO - per class results:
2025-11-17 23:11:39,702 - mmseg - INFO - 
+------------+-------+------+------+--------+-----------+--------+-------+
|   Class    |  IoU  | HD95 | Acc  | Fscore | Precision | Recall |  Dice |
+------------+-------+------+------+--------+-----------+--------+-------+
| background | 98.54 | 1.07 | 99.7 | 99.27  |   98.84   |  99.7  | 99.27 |
|   Lesion   | 59.46 | 6.72 | 64.9 | 74.58  |   87.65   |  64.9  | 74.58 |
+------------+-------+------+------+--------+-----------+--------+-------+
2025-11-17 23:11:39,702 - mmseg - INFO - Summary:
2025-11-17 23:11:39,703 - mmseg - INFO - 
+-------+------+-------+------+---------+------------+---------+-------+
|  aAcc | mIoU | mHD95 | mAcc | mFscore | mPrecision | mRecall | mDice |
+-------+------+-------+------+---------+------------+---------+-------+
| 98.57 | 79.0 |  3.9  | 82.3 |  86.92  |   93.25    |   82.3  | 86.92 |
+-------+------+-------+------+---------+------------+---------+-------+
2025-11-17 23:11:39,705 - mmseg - INFO - Exp name: deeplabv3plus_sae.py
2025-11-17 23:11:39,705 - mmseg - INFO - Iter(val) [32]	aAcc: 0.9857, mIoU: 0.7900, mHD95: 0.0390, mAcc: 0.8230, mFscore: 0.8692, mPrecision: 0.9325, mRecall: 0.8230, mDice: 0.8692, IoU.background: 0.9854, IoU.Lesion: 0.5946, HD95.background: 0.0107, HD95.Lesion: 0.0672, Acc.background: 0.9970, Acc.Lesion: 0.6490, Fscore.background: 0.9927, Fscore.Lesion: 0.7458, Precision.background: 0.9884, Precision.Lesion: 0.8765, Recall.background: 0.9970, Recall.Lesion: 0.6490, Dice.background: 0.9927, Dice.Lesion: 0.7458
2025-11-17 23:11:50,046 - mmseg - INFO - Iter [6050/10000]	lr: 4.392e-04, eta: 0:14:46, time: 0.385, data_time: 0.183, memory: 3815, decode.loss_ce: 0.0815, decode.loss_dice: 0.2146, decode.acc_seg: 98.6346, loss: 0.2960
2025-11-17 23:12:00,397 - mmseg - INFO - Iter [6100/10000]	lr: 4.343e-04, eta: 0:14:35, time: 0.207, data_time: 0.005, memory: 3815, decode.loss_ce: 0.0685, decode.loss_dice: 0.1943, decode.acc_seg: 98.8523, loss: 0.2628
2025-11-17 23:12:10,757 - mmseg - INFO - Iter [6150/10000]	lr: 4.294e-04, eta: 0:14:23, time: 0.207, data_time: 0.005, memory: 3815, decode.loss_ce: 0.0600, decode.loss_dice: 0.1903, decode.acc_seg: 98.9632, loss: 0.2503
2025-11-17 23:12:21,134 - mmseg - INFO - Iter [6200/10000]	lr: 4.245e-04, eta: 0:14:11, time: 0.208, data_time: 0.005, memory: 3815, decode.loss_ce: 0.0666, decode.loss_dice: 0.1992, decode.acc_seg: 98.9023, loss: 0.2658
2025-11-17 23:12:31,472 - mmseg - INFO - Iter [6250/10000]	lr: 4.196e-04, eta: 0:13:59, time: 0.207, data_time: 0.005, memory: 3815, decode.loss_ce: 0.0571, decode.loss_dice: 0.1906, decode.acc_seg: 99.1097, loss: 0.2477
2025-11-17 23:12:41,917 - mmseg - INFO - Iter [6300/10000]	lr: 4.147e-04, eta: 0:13:48, time: 0.209, data_time: 0.005, memory: 3815, decode.loss_ce: 0.0711, decode.loss_dice: 0.2139, decode.acc_seg: 98.8549, loss: 0.2850
2025-11-17 23:12:52,272 - mmseg - INFO - Iter [6350/10000]	lr: 4.098e-04, eta: 0:13:36, time: 0.207, data_time: 0.005, memory: 3815, decode.loss_ce: 0.0613, decode.loss_dice: 0.1872, decode.acc_seg: 98.9455, loss: 0.2485
2025-11-17 23:13:04,877 - mmseg - INFO - Iter [6400/10000]	lr: 4.048e-04, eta: 0:13:26, time: 0.252, data_time: 0.049, memory: 3815, decode.loss_ce: 0.0626, decode.loss_dice: 0.1897, decode.acc_seg: 98.9087, loss: 0.2524
2025-11-17 23:13:15,223 - mmseg - INFO - Iter [6450/10000]	lr: 3.999e-04, eta: 0:13:14, time: 0.207, data_time: 0.005, memory: 3815, decode.loss_ce: 0.0624, decode.loss_dice: 0.2002, decode.acc_seg: 98.9257, loss: 0.2626
2025-11-17 23:13:25,541 - mmseg - INFO - Iter [6500/10000]	lr: 3.950e-04, eta: 0:13:02, time: 0.206, data_time: 0.005, memory: 3815, decode.loss_ce: 0.0703, decode.loss_dice: 0.2098, decode.acc_seg: 98.8898, loss: 0.2801
2025-11-17 23:13:35,908 - mmseg - INFO - Iter [6550/10000]	lr: 3.900e-04, eta: 0:12:51, time: 0.207, data_time: 0.005, memory: 3815, decode.loss_ce: 0.0687, decode.loss_dice: 0.1896, decode.acc_seg: 98.8836, loss: 0.2583
2025-11-17 23:13:46,275 - mmseg - INFO - Iter [6600/10000]	lr: 3.850e-04, eta: 0:12:39, time: 0.207, data_time: 0.005, memory: 3815, decode.loss_ce: 0.0673, decode.loss_dice: 0.2049, decode.acc_seg: 98.9738, loss: 0.2722
2025-11-17 23:13:56,610 - mmseg - INFO - Iter [6650/10000]	lr: 3.801e-04, eta: 0:12:28, time: 0.207, data_time: 0.005, memory: 3815, decode.loss_ce: 0.0541, decode.loss_dice: 0.1782, decode.acc_seg: 99.0636, loss: 0.2323
2025-11-17 23:14:06,964 - mmseg - INFO - Iter [6700/10000]	lr: 3.751e-04, eta: 0:12:16, time: 0.207, data_time: 0.005, memory: 3815, decode.loss_ce: 0.0621, decode.loss_dice: 0.1816, decode.acc_seg: 98.9679, loss: 0.2437
2025-11-17 23:14:17,304 - mmseg - INFO - Iter [6750/10000]	lr: 3.701e-04, eta: 0:12:04, time: 0.207, data_time: 0.005, memory: 3815, decode.loss_ce: 0.0587, decode.loss_dice: 0.1820, decode.acc_seg: 98.9583, loss: 0.2407
2025-11-17 23:14:27,687 - mmseg - INFO - Iter [6800/10000]	lr: 3.651e-04, eta: 0:11:53, time: 0.208, data_time: 0.005, memory: 3815, decode.loss_ce: 0.0618, decode.loss_dice: 0.1775, decode.acc_seg: 98.9779, loss: 0.2393
2025-11-17 23:14:38,073 - mmseg - INFO - Iter [6850/10000]	lr: 3.601e-04, eta: 0:11:41, time: 0.208, data_time: 0.005, memory: 3815, decode.loss_ce: 0.0671, decode.loss_dice: 0.1860, decode.acc_seg: 98.9066, loss: 0.2530
2025-11-17 23:14:48,417 - mmseg - INFO - Iter [6900/10000]	lr: 3.551e-04, eta: 0:11:30, time: 0.207, data_time: 0.005, memory: 3815, decode.loss_ce: 0.0696, decode.loss_dice: 0.2083, decode.acc_seg: 98.8797, loss: 0.2780
2025-11-17 23:14:58,813 - mmseg - INFO - Iter [6950/10000]	lr: 3.501e-04, eta: 0:11:18, time: 0.208, data_time: 0.005, memory: 3815, decode.loss_ce: 0.0542, decode.loss_dice: 0.1832, decode.acc_seg: 99.0947, loss: 0.2374
2025-11-17 23:15:09,166 - mmseg - INFO - Exp name: deeplabv3plus_sae.py
2025-11-17 23:15:09,166 - mmseg - INFO - Iter [7000/10000]	lr: 3.451e-04, eta: 0:11:07, time: 0.207, data_time: 0.005, memory: 3815, decode.loss_ce: 0.0633, decode.loss_dice: 0.2024, decode.acc_seg: 98.9785, loss: 0.2657
2025-11-17 23:15:18,036 - mmseg - INFO - per class results:
2025-11-17 23:15:18,037 - mmseg - INFO - 
+------------+-------+------+-------+--------+-----------+--------+-------+
|   Class    |  IoU  | HD95 |  Acc  | Fscore | Precision | Recall |  Dice |
+------------+-------+------+-------+--------+-----------+--------+-------+
| background | 98.52 | 1.06 | 99.62 | 99.26  |    98.9   | 99.62  | 99.26 |
|   Lesion   | 59.86 | 6.41 | 66.78 | 74.89  |   85.26   | 66.78  | 74.89 |
+------------+-------+------+-------+--------+-----------+--------+-------+
2025-11-17 23:15:18,037 - mmseg - INFO - Summary:
2025-11-17 23:15:18,037 - mmseg - INFO - 
+-------+-------+-------+------+---------+------------+---------+-------+
|  aAcc |  mIoU | mHD95 | mAcc | mFscore | mPrecision | mRecall | mDice |
+-------+-------+-------+------+---------+------------+---------+-------+
| 98.56 | 79.19 |  3.73 | 83.2 |  87.08  |   92.08    |   83.2  | 87.08 |
+-------+-------+-------+------+---------+------------+---------+-------+
2025-11-17 23:15:18,040 - mmseg - INFO - Exp name: deeplabv3plus_sae.py
2025-11-17 23:15:18,040 - mmseg - INFO - Iter(val) [32]	aAcc: 0.9856, mIoU: 0.7919, mHD95: 0.0373, mAcc: 0.8320, mFscore: 0.8708, mPrecision: 0.9208, mRecall: 0.8320, mDice: 0.8708, IoU.background: 0.9852, IoU.Lesion: 0.5986, HD95.background: 0.0106, HD95.Lesion: 0.0641, Acc.background: 0.9962, Acc.Lesion: 0.6678, Fscore.background: 0.9926, Fscore.Lesion: 0.7489, Precision.background: 0.9890, Precision.Lesion: 0.8526, Recall.background: 0.9962, Recall.Lesion: 0.6678, Dice.background: 0.9926, Dice.Lesion: 0.7489
2025-11-17 23:15:28,350 - mmseg - INFO - Iter [7050/10000]	lr: 3.401e-04, eta: 0:10:59, time: 0.384, data_time: 0.183, memory: 3815, decode.loss_ce: 0.0566, decode.loss_dice: 0.1772, decode.acc_seg: 99.0531, loss: 0.2337
2025-11-17 23:15:38,704 - mmseg - INFO - Iter [7100/10000]	lr: 3.350e-04, eta: 0:10:48, time: 0.207, data_time: 0.005, memory: 3815, decode.loss_ce: 0.0705, decode.loss_dice: 0.1991, decode.acc_seg: 98.8613, loss: 0.2696
2025-11-17 23:15:51,268 - mmseg - INFO - Iter [7150/10000]	lr: 3.300e-04, eta: 0:10:37, time: 0.251, data_time: 0.049, memory: 3815, decode.loss_ce: 0.0609, decode.loss_dice: 0.1846, decode.acc_seg: 98.9917, loss: 0.2455
2025-11-17 23:16:01,652 - mmseg - INFO - Iter [7200/10000]	lr: 3.249e-04, eta: 0:10:26, time: 0.208, data_time: 0.005, memory: 3815, decode.loss_ce: 0.0657, decode.loss_dice: 0.1919, decode.acc_seg: 98.9137, loss: 0.2576
2025-11-17 23:16:12,024 - mmseg - INFO - Iter [7250/10000]	lr: 3.199e-04, eta: 0:10:14, time: 0.207, data_time: 0.005, memory: 3815, decode.loss_ce: 0.0598, decode.loss_dice: 0.1862, decode.acc_seg: 99.0549, loss: 0.2461
2025-11-17 23:16:22,418 - mmseg - INFO - Iter [7300/10000]	lr: 3.148e-04, eta: 0:10:03, time: 0.208, data_time: 0.005, memory: 3815, decode.loss_ce: 0.0658, decode.loss_dice: 0.1988, decode.acc_seg: 98.8855, loss: 0.2646
2025-11-17 23:16:32,832 - mmseg - INFO - Iter [7350/10000]	lr: 3.097e-04, eta: 0:09:51, time: 0.208, data_time: 0.005, memory: 3815, decode.loss_ce: 0.0585, decode.loss_dice: 0.1891, decode.acc_seg: 99.0611, loss: 0.2477
2025-11-17 23:16:43,255 - mmseg - INFO - Iter [7400/10000]	lr: 3.046e-04, eta: 0:09:40, time: 0.208, data_time: 0.005, memory: 3815, decode.loss_ce: 0.0633, decode.loss_dice: 0.1951, decode.acc_seg: 98.9934, loss: 0.2584
2025-11-17 23:16:53,644 - mmseg - INFO - Iter [7450/10000]	lr: 2.995e-04, eta: 0:09:28, time: 0.208, data_time: 0.005, memory: 3815, decode.loss_ce: 0.0619, decode.loss_dice: 0.1844, decode.acc_seg: 98.9015, loss: 0.2464
2025-11-17 23:17:04,056 - mmseg - INFO - Iter [7500/10000]	lr: 2.944e-04, eta: 0:09:17, time: 0.208, data_time: 0.005, memory: 3815, decode.loss_ce: 0.0541, decode.loss_dice: 0.1781, decode.acc_seg: 99.1184, loss: 0.2322
2025-11-17 23:17:14,458 - mmseg - INFO - Iter [7550/10000]	lr: 2.893e-04, eta: 0:09:06, time: 0.208, data_time: 0.005, memory: 3815, decode.loss_ce: 0.0583, decode.loss_dice: 0.1790, decode.acc_seg: 99.0389, loss: 0.2373
2025-11-17 23:17:24,865 - mmseg - INFO - Iter [7600/10000]	lr: 2.841e-04, eta: 0:08:54, time: 0.208, data_time: 0.005, memory: 3815, decode.loss_ce: 0.0510, decode.loss_dice: 0.1899, decode.acc_seg: 99.1412, loss: 0.2409
2025-11-17 23:17:35,184 - mmseg - INFO - Iter [7650/10000]	lr: 2.790e-04, eta: 0:08:43, time: 0.206, data_time: 0.005, memory: 3815, decode.loss_ce: 0.0601, decode.loss_dice: 0.1704, decode.acc_seg: 99.1103, loss: 0.2305
2025-11-17 23:17:45,570 - mmseg - INFO - Iter [7700/10000]	lr: 2.739e-04, eta: 0:08:31, time: 0.208, data_time: 0.005, memory: 3815, decode.loss_ce: 0.0636, decode.loss_dice: 0.1775, decode.acc_seg: 98.9273, loss: 0.2411
2025-11-17 23:17:55,987 - mmseg - INFO - Iter [7750/10000]	lr: 2.687e-04, eta: 0:08:20, time: 0.208, data_time: 0.005, memory: 3815, decode.loss_ce: 0.0600, decode.loss_dice: 0.1818, decode.acc_seg: 98.9784, loss: 0.2418
2025-11-17 23:18:06,388 - mmseg - INFO - Iter [7800/10000]	lr: 2.635e-04, eta: 0:08:09, time: 0.208, data_time: 0.005, memory: 3815, decode.loss_ce: 0.0573, decode.loss_dice: 0.1766, decode.acc_seg: 99.0779, loss: 0.2339
2025-11-17 23:18:18,985 - mmseg - INFO - Iter [7850/10000]	lr: 2.583e-04, eta: 0:07:58, time: 0.252, data_time: 0.049, memory: 3815, decode.loss_ce: 0.0658, decode.loss_dice: 0.1813, decode.acc_seg: 98.9080, loss: 0.2471
2025-11-17 23:18:29,263 - mmseg - INFO - Iter [7900/10000]	lr: 2.531e-04, eta: 0:07:47, time: 0.206, data_time: 0.005, memory: 3815, decode.loss_ce: 0.0599, decode.loss_dice: 0.1684, decode.acc_seg: 99.0496, loss: 0.2283
2025-11-17 23:18:39,624 - mmseg - INFO - Iter [7950/10000]	lr: 2.479e-04, eta: 0:07:35, time: 0.207, data_time: 0.005, memory: 3815, decode.loss_ce: 0.0658, decode.loss_dice: 0.1874, decode.acc_seg: 98.8407, loss: 0.2532
2025-11-17 23:18:49,983 - mmseg - INFO - Exp name: deeplabv3plus_sae.py
2025-11-17 23:18:49,983 - mmseg - INFO - Iter [8000/10000]	lr: 2.427e-04, eta: 0:07:24, time: 0.207, data_time: 0.005, memory: 3815, decode.loss_ce: 0.0618, decode.loss_dice: 0.1866, decode.acc_seg: 99.0562, loss: 0.2484
2025-11-17 23:18:58,821 - mmseg - INFO - per class results:
2025-11-17 23:18:58,822 - mmseg - INFO - 
+------------+-------+------+-------+--------+-----------+--------+-------+
|   Class    |  IoU  | HD95 |  Acc  | Fscore | Precision | Recall |  Dice |
+------------+-------+------+-------+--------+-----------+--------+-------+
| background | 98.51 | 1.01 | 99.32 | 99.25  |   99.17   | 99.32  | 99.25 |
|   Lesion   | 62.52 | 5.0  | 75.21 | 76.94  |   78.74   | 75.21  | 76.94 |
+------------+-------+------+-------+--------+-----------+--------+-------+
2025-11-17 23:18:58,822 - mmseg - INFO - Summary:
2025-11-17 23:18:58,822 - mmseg - INFO - 
+-------+-------+-------+-------+---------+------------+---------+-------+
|  aAcc |  mIoU | mHD95 |  mAcc | mFscore | mPrecision | mRecall | mDice |
+-------+-------+-------+-------+---------+------------+---------+-------+
| 98.54 | 80.51 |  3.01 | 87.27 |  88.09  |   88.96    |  87.27  | 88.09 |
+-------+-------+-------+-------+---------+------------+---------+-------+
2025-11-17 23:18:58,825 - mmseg - INFO - Exp name: deeplabv3plus_sae.py
2025-11-17 23:18:58,825 - mmseg - INFO - Iter(val) [32]	aAcc: 0.9854, mIoU: 0.8051, mHD95: 0.0301, mAcc: 0.8727, mFscore: 0.8809, mPrecision: 0.8896, mRecall: 0.8727, mDice: 0.8809, IoU.background: 0.9851, IoU.Lesion: 0.6252, HD95.background: 0.0101, HD95.Lesion: 0.0500, Acc.background: 0.9932, Acc.Lesion: 0.7521, Fscore.background: 0.9925, Fscore.Lesion: 0.7694, Precision.background: 0.9917, Precision.Lesion: 0.7874, Recall.background: 0.9932, Recall.Lesion: 0.7521, Dice.background: 0.9925, Dice.Lesion: 0.7694
2025-11-17 23:19:09,157 - mmseg - INFO - Iter [8050/10000]	lr: 2.374e-04, eta: 0:07:15, time: 0.383, data_time: 0.182, memory: 3815, decode.loss_ce: 0.0472, decode.loss_dice: 0.1822, decode.acc_seg: 99.1968, loss: 0.2294
2025-11-17 23:19:19,491 - mmseg - INFO - Iter [8100/10000]	lr: 2.322e-04, eta: 0:07:04, time: 0.207, data_time: 0.005, memory: 3815, decode.loss_ce: 0.0617, decode.loss_dice: 0.1877, decode.acc_seg: 98.9978, loss: 0.2494
2025-11-17 23:19:29,811 - mmseg - INFO - Iter [8150/10000]	lr: 2.269e-04, eta: 0:06:52, time: 0.206, data_time: 0.005, memory: 3815, decode.loss_ce: 0.0576, decode.loss_dice: 0.1909, decode.acc_seg: 99.0373, loss: 0.2485
2025-11-17 23:19:40,200 - mmseg - INFO - Iter [8200/10000]	lr: 2.216e-04, eta: 0:06:41, time: 0.208, data_time: 0.005, memory: 3815, decode.loss_ce: 0.0593, decode.loss_dice: 0.1877, decode.acc_seg: 99.0578, loss: 0.2471
2025-11-17 23:19:50,558 - mmseg - INFO - Iter [8250/10000]	lr: 2.163e-04, eta: 0:06:30, time: 0.207, data_time: 0.005, memory: 3815, decode.loss_ce: 0.0574, decode.loss_dice: 0.1820, decode.acc_seg: 99.0473, loss: 0.2393
2025-11-17 23:20:00,902 - mmseg - INFO - Iter [8300/10000]	lr: 2.110e-04, eta: 0:06:18, time: 0.207, data_time: 0.005, memory: 3815, decode.loss_ce: 0.0608, decode.loss_dice: 0.1836, decode.acc_seg: 99.0185, loss: 0.2444
2025-11-17 23:20:11,308 - mmseg - INFO - Iter [8350/10000]	lr: 2.057e-04, eta: 0:06:07, time: 0.208, data_time: 0.005, memory: 3815, decode.loss_ce: 0.0654, decode.loss_dice: 0.1770, decode.acc_seg: 98.8712, loss: 0.2424
2025-11-17 23:20:21,666 - mmseg - INFO - Iter [8400/10000]	lr: 2.004e-04, eta: 0:05:56, time: 0.207, data_time: 0.005, memory: 3815, decode.loss_ce: 0.0509, decode.loss_dice: 0.1663, decode.acc_seg: 99.1237, loss: 0.2172
2025-11-17 23:20:32,054 - mmseg - INFO - Iter [8450/10000]	lr: 1.950e-04, eta: 0:05:44, time: 0.208, data_time: 0.005, memory: 3815, decode.loss_ce: 0.0570, decode.loss_dice: 0.1795, decode.acc_seg: 99.1042, loss: 0.2365
2025-11-17 23:20:42,376 - mmseg - INFO - Iter [8500/10000]	lr: 1.896e-04, eta: 0:05:33, time: 0.206, data_time: 0.005, memory: 3815, decode.loss_ce: 0.0527, decode.loss_dice: 0.1834, decode.acc_seg: 99.0947, loss: 0.2361
2025-11-17 23:20:54,981 - mmseg - INFO - Iter [8550/10000]	lr: 1.842e-04, eta: 0:05:22, time: 0.252, data_time: 0.049, memory: 3815, decode.loss_ce: 0.0537, decode.loss_dice: 0.1644, decode.acc_seg: 99.1301, loss: 0.2181
2025-11-17 23:21:05,320 - mmseg - INFO - Iter [8600/10000]	lr: 1.788e-04, eta: 0:05:11, time: 0.207, data_time: 0.005, memory: 3815, decode.loss_ce: 0.0605, decode.loss_dice: 0.1755, decode.acc_seg: 99.0505, loss: 0.2360
2025-11-17 23:21:15,711 - mmseg - INFO - Iter [8650/10000]	lr: 1.734e-04, eta: 0:05:00, time: 0.208, data_time: 0.005, memory: 3815, decode.loss_ce: 0.0634, decode.loss_dice: 0.1950, decode.acc_seg: 98.9501, loss: 0.2584
2025-11-17 23:21:26,064 - mmseg - INFO - Iter [8700/10000]	lr: 1.679e-04, eta: 0:04:49, time: 0.207, data_time: 0.005, memory: 3815, decode.loss_ce: 0.0540, decode.loss_dice: 0.1790, decode.acc_seg: 99.0851, loss: 0.2329
2025-11-17 23:21:36,431 - mmseg - INFO - Iter [8750/10000]	lr: 1.625e-04, eta: 0:04:37, time: 0.207, data_time: 0.005, memory: 3815, decode.loss_ce: 0.0588, decode.loss_dice: 0.1725, decode.acc_seg: 98.9813, loss: 0.2313
2025-11-17 23:21:46,792 - mmseg - INFO - Iter [8800/10000]	lr: 1.570e-04, eta: 0:04:26, time: 0.207, data_time: 0.005, memory: 3815, decode.loss_ce: 0.0506, decode.loss_dice: 0.1752, decode.acc_seg: 99.1614, loss: 0.2258
2025-11-17 23:21:57,192 - mmseg - INFO - Iter [8850/10000]	lr: 1.515e-04, eta: 0:04:15, time: 0.208, data_time: 0.005, memory: 3815, decode.loss_ce: 0.0632, decode.loss_dice: 0.1898, decode.acc_seg: 99.0062, loss: 0.2530
2025-11-17 23:22:07,571 - mmseg - INFO - Iter [8900/10000]	lr: 1.459e-04, eta: 0:04:04, time: 0.208, data_time: 0.005, memory: 3815, decode.loss_ce: 0.0569, decode.loss_dice: 0.1797, decode.acc_seg: 99.0285, loss: 0.2366
2025-11-17 23:22:17,935 - mmseg - INFO - Iter [8950/10000]	lr: 1.403e-04, eta: 0:03:53, time: 0.207, data_time: 0.005, memory: 3815, decode.loss_ce: 0.0585, decode.loss_dice: 0.1814, decode.acc_seg: 99.0883, loss: 0.2398
2025-11-17 23:22:28,332 - mmseg - INFO - Exp name: deeplabv3plus_sae.py
2025-11-17 23:22:28,333 - mmseg - INFO - Iter [9000/10000]	lr: 1.347e-04, eta: 0:03:41, time: 0.208, data_time: 0.005, memory: 3815, decode.loss_ce: 0.0494, decode.loss_dice: 0.1728, decode.acc_seg: 99.1707, loss: 0.2221
2025-11-17 23:22:37,257 - mmseg - INFO - per class results:
2025-11-17 23:22:37,258 - mmseg - INFO - 
+------------+-------+------+-------+--------+-----------+--------+-------+
|   Class    |  IoU  | HD95 |  Acc  | Fscore | Precision | Recall |  Dice |
+------------+-------+------+-------+--------+-----------+--------+-------+
| background | 98.66 | 1.02 | 99.52 | 99.32  |   99.12   | 99.52  | 99.32 |
|   Lesion   | 64.42 | 5.26 | 73.65 | 78.36  |   83.72   | 73.65  | 78.36 |
+------------+-------+------+-------+--------+-----------+--------+-------+
2025-11-17 23:22:37,258 - mmseg - INFO - Summary:
2025-11-17 23:22:37,258 - mmseg - INFO - 
+-------+-------+-------+-------+---------+------------+---------+-------+
|  aAcc |  mIoU | mHD95 |  mAcc | mFscore | mPrecision | mRecall | mDice |
+-------+-------+-------+-------+---------+------------+---------+-------+
| 98.69 | 81.54 |  3.14 | 86.59 |  88.84  |   91.42    |  86.59  | 88.84 |
+-------+-------+-------+-------+---------+------------+---------+-------+
2025-11-17 23:22:37,260 - mmseg - INFO - Exp name: deeplabv3plus_sae.py
2025-11-17 23:22:37,261 - mmseg - INFO - Iter(val) [32]	aAcc: 0.9869, mIoU: 0.8154, mHD95: 0.0314, mAcc: 0.8659, mFscore: 0.8884, mPrecision: 0.9142, mRecall: 0.8659, mDice: 0.8884, IoU.background: 0.9866, IoU.Lesion: 0.6442, HD95.background: 0.0102, HD95.Lesion: 0.0526, Acc.background: 0.9952, Acc.Lesion: 0.7365, Fscore.background: 0.9932, Fscore.Lesion: 0.7836, Precision.background: 0.9912, Precision.Lesion: 0.8372, Recall.background: 0.9952, Recall.Lesion: 0.7365, Dice.background: 0.9932, Dice.Lesion: 0.7836
2025-11-17 23:22:47,583 - mmseg - INFO - Iter [9050/10000]	lr: 1.291e-04, eta: 0:03:31, time: 0.385, data_time: 0.184, memory: 3815, decode.loss_ce: 0.0560, decode.loss_dice: 0.1629, decode.acc_seg: 99.0276, loss: 0.2189
2025-11-17 23:22:57,882 - mmseg - INFO - Iter [9100/10000]	lr: 1.235e-04, eta: 0:03:20, time: 0.206, data_time: 0.005, memory: 3815, decode.loss_ce: 0.0530, decode.loss_dice: 0.1779, decode.acc_seg: 99.0806, loss: 0.2309
2025-11-17 23:23:08,181 - mmseg - INFO - Iter [9150/10000]	lr: 1.178e-04, eta: 0:03:09, time: 0.206, data_time: 0.005, memory: 3815, decode.loss_ce: 0.0640, decode.loss_dice: 0.1868, decode.acc_seg: 98.9263, loss: 0.2508
2025-11-17 23:23:18,516 - mmseg - INFO - Iter [9200/10000]	lr: 1.121e-04, eta: 0:02:57, time: 0.207, data_time: 0.005, memory: 3815, decode.loss_ce: 0.0538, decode.loss_dice: 0.1750, decode.acc_seg: 99.1240, loss: 0.2288
2025-11-17 23:23:31,221 - mmseg - INFO - Iter [9250/10000]	lr: 1.063e-04, eta: 0:02:46, time: 0.254, data_time: 0.049, memory: 3815, decode.loss_ce: 0.0512, decode.loss_dice: 0.1676, decode.acc_seg: 99.1462, loss: 0.2188
2025-11-17 23:23:41,553 - mmseg - INFO - Iter [9300/10000]	lr: 1.005e-04, eta: 0:02:35, time: 0.207, data_time: 0.005, memory: 3815, decode.loss_ce: 0.0503, decode.loss_dice: 0.1653, decode.acc_seg: 99.1325, loss: 0.2156
2025-11-17 23:23:51,908 - mmseg - INFO - Iter [9350/10000]	lr: 9.470e-05, eta: 0:02:24, time: 0.207, data_time: 0.005, memory: 3815, decode.loss_ce: 0.0544, decode.loss_dice: 0.1666, decode.acc_seg: 99.0749, loss: 0.2210
2025-11-17 23:24:02,255 - mmseg - INFO - Iter [9400/10000]	lr: 8.882e-05, eta: 0:02:13, time: 0.207, data_time: 0.005, memory: 3815, decode.loss_ce: 0.0516, decode.loss_dice: 0.1723, decode.acc_seg: 99.1415, loss: 0.2239
2025-11-17 23:24:12,604 - mmseg - INFO - Iter [9450/10000]	lr: 8.289e-05, eta: 0:02:02, time: 0.207, data_time: 0.005, memory: 3815, decode.loss_ce: 0.0499, decode.loss_dice: 0.1697, decode.acc_seg: 99.1712, loss: 0.2195
2025-11-17 23:24:22,942 - mmseg - INFO - Iter [9500/10000]	lr: 7.691e-05, eta: 0:01:51, time: 0.207, data_time: 0.005, memory: 3815, decode.loss_ce: 0.0561, decode.loss_dice: 0.1838, decode.acc_seg: 99.0754, loss: 0.2398
2025-11-17 23:24:33,331 - mmseg - INFO - Iter [9550/10000]	lr: 7.087e-05, eta: 0:01:39, time: 0.208, data_time: 0.005, memory: 3815, decode.loss_ce: 0.0535, decode.loss_dice: 0.1757, decode.acc_seg: 99.0609, loss: 0.2292
2025-11-17 23:24:43,684 - mmseg - INFO - Iter [9600/10000]	lr: 6.476e-05, eta: 0:01:28, time: 0.207, data_time: 0.005, memory: 3815, decode.loss_ce: 0.0487, decode.loss_dice: 0.1616, decode.acc_seg: 99.1749, loss: 0.2104
2025-11-17 23:24:54,028 - mmseg - INFO - Iter [9650/10000]	lr: 5.857e-05, eta: 0:01:17, time: 0.207, data_time: 0.005, memory: 3815, decode.loss_ce: 0.0532, decode.loss_dice: 0.1654, decode.acc_seg: 99.1021, loss: 0.2186
2025-11-17 23:25:04,391 - mmseg - INFO - Iter [9700/10000]	lr: 5.230e-05, eta: 0:01:06, time: 0.207, data_time: 0.005, memory: 3815, decode.loss_ce: 0.0547, decode.loss_dice: 0.1749, decode.acc_seg: 99.0998, loss: 0.2297
2025-11-17 23:25:14,730 - mmseg - INFO - Iter [9750/10000]	lr: 4.592e-05, eta: 0:00:55, time: 0.207, data_time: 0.005, memory: 3815, decode.loss_ce: 0.0490, decode.loss_dice: 0.1687, decode.acc_seg: 99.1935, loss: 0.2177
2025-11-17 23:25:25,092 - mmseg - INFO - Iter [9800/10000]	lr: 3.941e-05, eta: 0:00:44, time: 0.207, data_time: 0.005, memory: 3815, decode.loss_ce: 0.0566, decode.loss_dice: 0.1748, decode.acc_seg: 99.0792, loss: 0.2314
2025-11-17 23:25:35,443 - mmseg - INFO - Iter [9850/10000]	lr: 3.274e-05, eta: 0:00:33, time: 0.207, data_time: 0.005, memory: 3815, decode.loss_ce: 0.0484, decode.loss_dice: 0.1643, decode.acc_seg: 99.2201, loss: 0.2128
2025-11-17 23:25:45,808 - mmseg - INFO - Iter [9900/10000]	lr: 2.583e-05, eta: 0:00:22, time: 0.207, data_time: 0.005, memory: 3815, decode.loss_ce: 0.0533, decode.loss_dice: 0.1707, decode.acc_seg: 99.1122, loss: 0.2240
2025-11-17 23:25:58,320 - mmseg - INFO - Iter [9950/10000]	lr: 1.856e-05, eta: 0:00:11, time: 0.250, data_time: 0.049, memory: 3815, decode.loss_ce: 0.0588, decode.loss_dice: 0.1717, decode.acc_seg: 98.9884, loss: 0.2305
2025-11-17 23:26:08,622 - mmseg - INFO - Saving checkpoint at 10000 iterations
2025-11-17 23:26:09,040 - mmseg - INFO - Exp name: deeplabv3plus_sae.py
2025-11-17 23:26:09,040 - mmseg - INFO - Iter [10000/10000]	lr: 1.025e-05, eta: 0:00:00, time: 0.214, data_time: 0.005, memory: 3815, decode.loss_ce: 0.0525, decode.loss_dice: 0.1712, decode.acc_seg: 99.1300, loss: 0.2237
2025-11-17 23:26:17,956 - mmseg - INFO - per class results:
2025-11-17 23:26:17,957 - mmseg - INFO - 
+------------+-------+------+-------+--------+-----------+--------+-------+
|   Class    |  IoU  | HD95 |  Acc  | Fscore | Precision | Recall |  Dice |
+------------+-------+------+-------+--------+-----------+--------+-------+
| background | 98.65 | 0.99 | 99.36 | 99.32  |   99.28   | 99.36  | 99.32 |
|   Lesion   | 65.82 | 4.47 | 78.44 | 79.39  |   80.36   | 78.44  | 79.39 |
+------------+-------+------+-------+--------+-----------+--------+-------+
2025-11-17 23:26:17,957 - mmseg - INFO - Summary:
2025-11-17 23:26:17,957 - mmseg - INFO - 
+-------+-------+-------+------+---------+------------+---------+-------+
|  aAcc |  mIoU | mHD95 | mAcc | mFscore | mPrecision | mRecall | mDice |
+-------+-------+-------+------+---------+------------+---------+-------+
| 98.69 | 82.24 |  2.73 | 88.9 |  89.35  |   89.82    |   88.9  | 89.35 |
+-------+-------+-------+------+---------+------------+---------+-------+
2025-11-17 23:26:17,960 - mmseg - INFO - Exp name: deeplabv3plus_sae.py
2025-11-17 23:26:17,961 - mmseg - INFO - Iter(val) [32]	aAcc: 0.9869, mIoU: 0.8224, mHD95: 0.0273, mAcc: 0.8890, mFscore: 0.8935, mPrecision: 0.8982, mRecall: 0.8890, mDice: 0.8935, IoU.background: 0.9865, IoU.Lesion: 0.6582, HD95.background: 0.0099, HD95.Lesion: 0.0447, Acc.background: 0.9936, Acc.Lesion: 0.7844, Fscore.background: 0.9932, Fscore.Lesion: 0.7939, Precision.background: 0.9928, Precision.Lesion: 0.8036, Recall.background: 0.9936, Recall.Lesion: 0.7844, Dice.background: 0.9932, Dice.Lesion: 0.7939
